2026-09-18 10:33:07,055 INFO  Logger.cs: 70 - 
--------------------------------------------------------------------------------
2026-09-18 10:33:07,070 INFO  Logger.cs: 71 - Logging commencing for SW2URDF exporter
2026-09-18 10:33:07,070 INFO  Logger.cs: 73 - Commit version 1.6.0-4-g7f85cfe
2026-09-18 10:33:07,071 INFO  Logger.cs: 74 - Build version 1.6.7995.38578
2026-09-18 10:33:07,072 INFO  SwAddin.cs: 192 - Attempting to connect to SW
2026-09-18 10:33:07,073 INFO  SwAddin.cs: 197 - Setting up callbacks
2026-09-18 10:33:07,073 INFO  SwAddin.cs: 201 - Setting up command manager
2026-09-18 10:33:07,074 INFO  SwAddin.cs: 204 - Adding command manager
2026-09-18 10:33:07,075 INFO  SwAddin.cs: 263 - Adding Assembly export to file menu
2026-09-18 10:33:07,076 INFO  SwAddin.cs: 272 - Adding Part export to file menu
2026-09-18 10:33:07,076 INFO  SwAddin.cs: 210 - Adding event handlers
2026-09-18 10:33:07,078 INFO  SwAddin.cs: 217 - Connecting plugin to SolidWorks
2026-09-18 10:34:13,104 INFO  SwAddin.cs: 294 - Assembly export called for file ËÄ·½ÐÎ´¬×°ÅäÍ¼.SLDASM
2026-09-18 10:34:13,104 INFO  SwAddin.cs: 299 - Save is required
2026-09-18 10:34:13,106 INFO  SwAddin.cs: 313 - Saving assembly
2026-09-18 10:34:15,896 INFO  SwAddin.cs: 316 - Opening property manager
2026-09-18 10:34:15,905 INFO  ExportHelperExtension.cs: 1125 - Retrieving features of type [CoordSys] from ËÄ·½ÐÎ´¬×°ÅäÍ¼.SLDASM
2026-09-18 10:34:15,909 INFO  ExportHelperExtension.cs: 1136 - Found 29 in ËÄ·½ÐÎ´¬×°ÅäÍ¼.SLDASM
2026-09-18 10:34:15,909 INFO  ExportHelperExtension.cs: 1145 - Found 0 features of type [CoordSys] in ËÄ·½ÐÎ´¬×°ÅäÍ¼.SLDASM
2026-09-18 10:34:15,910 INFO  ExportHelperExtension.cs: 1148 - Proceeding through assembly components
2026-09-18 10:34:15,911 INFO  ExportHelperExtension.cs: 1160 - 5 components to check
2026-09-18 10:34:15,911 INFO  ExportHelperExtension.cs: 1125 - Retrieving features of type [CoordSys] from P75______..____(1)-1
2026-09-18 10:34:15,912 INFO  ExportHelperExtension.cs: 1136 - Found 24 in P75______..____(1)-1
2026-09-18 10:34:15,912 INFO  ExportHelperExtension.cs: 1145 - Found 0 features of type [CoordSys] in P75______..____(1)-1
2026-09-18 10:34:15,912 INFO  ExportHelperExtension.cs: 1125 - Retrieving features of type [CoordSys] from chuanti-1
2026-09-18 10:34:15,912 INFO  ExportHelperExtension.cs: 1136 - Found 44 in chuanti-1
2026-09-18 10:34:15,912 INFO  ExportHelperExtension.cs: 1145 - Found 0 features of type [CoordSys] in chuanti-1
2026-09-18 10:34:15,914 INFO  ExportHelperExtension.cs: 1125 - Retrieving features of type [CoordSys] from P75______..____(1)-3-1
2026-09-18 10:34:15,914 INFO  ExportHelperExtension.cs: 1136 - Found 45 in P75______..____(1)-3-1
2026-09-18 10:34:15,914 INFO  ExportHelperExtension.cs: 1145 - Found 0 features of type [CoordSys] in P75______..____(1)-3-1
2026-09-18 10:34:15,914 INFO  ExportHelperExtension.cs: 1125 - Retrieving features of type [CoordSys] from P75______..____(1)-1-1
2026-09-18 10:34:15,914 INFO  ExportHelperExtension.cs: 1136 - Found 45 in P75______..____(1)-1-1
2026-09-18 10:34:15,915 INFO  ExportHelperExtension.cs: 1145 - Found 0 features of type [CoordSys] in P75______..____(1)-1-1
2026-09-18 10:34:15,915 INFO  ExportHelperExtension.cs: 1125 - Retrieving features of type [CoordSys] from Copy of ×°ÅäÌå7-2
2026-09-18 10:34:15,916 INFO  ExportHelperExtension.cs: 1136 - Found 45 in Copy of ×°ÅäÌå7-2
2026-09-18 10:34:15,916 INFO  ExportHelperExtension.cs: 1145 - Found 0 features of type [CoordSys] in Copy of ×°ÅäÌå7-2
2026-09-18 10:34:15,916 INFO  ExportHelperExtension.cs: 1125 - Retrieving features of type [RefAxis] from ËÄ·½ÐÎ´¬×°ÅäÍ¼.SLDASM
2026-09-18 10:34:15,917 INFO  ExportHelperExtension.cs: 1136 - Found 29 in ËÄ·½ÐÎ´¬×°ÅäÍ¼.SLDASM
2026-09-18 10:34:15,917 INFO  ExportHelperExtension.cs: 1145 - Found 0 features of type [RefAxis] in ËÄ·½ÐÎ´¬×°ÅäÍ¼.SLDASM
2026-09-18 10:34:15,917 INFO  ExportHelperExtension.cs: 1148 - Proceeding through assembly components
2026-09-18 10:34:15,917 INFO  ExportHelperExtension.cs: 1160 - 5 components to check
2026-09-18 10:34:15,918 INFO  ExportHelperExtension.cs: 1125 - Retrieving features of type [RefAxis] from P75______..____(1)-1
2026-09-18 10:34:15,918 INFO  ExportHelperExtension.cs: 1136 - Found 24 in P75______..____(1)-1
2026-09-18 10:34:15,918 INFO  ExportHelperExtension.cs: 1145 - Found 0 features of type [RefAxis] in P75______..____(1)-1
2026-09-18 10:34:15,918 INFO  ExportHelperExtension.cs: 1125 - Retrieving features of type [RefAxis] from chuanti-1
2026-09-18 10:34:15,919 INFO  ExportHelperExtension.cs: 1136 - Found 44 in chuanti-1
2026-09-18 10:34:15,919 INFO  ExportHelperExtension.cs: 1145 - Found 0 features of type [RefAxis] in chuanti-1
2026-09-18 10:34:15,919 INFO  ExportHelperExtension.cs: 1125 - Retrieving features of type [RefAxis] from P75______..____(1)-3-1
2026-09-18 10:34:15,919 INFO  ExportHelperExtension.cs: 1136 - Found 45 in P75______..____(1)-3-1
2026-09-18 10:34:15,920 INFO  ExportHelperExtension.cs: 1145 - Found 0 features of type [RefAxis] in P75______..____(1)-3-1
2026-09-18 10:34:15,920 INFO  ExportHelperExtension.cs: 1125 - Retrieving features of type [RefAxis] from P75______..____(1)-1-1
2026-09-18 10:34:15,920 INFO  ExportHelperExtension.cs: 1136 - Found 45 in P75______..____(1)-1-1
2026-09-18 10:34:15,921 INFO  ExportHelperExtension.cs: 1145 - Found 0 features of type [RefAxis] in P75______..____(1)-1-1
2026-09-18 10:34:15,921 INFO  ExportHelperExtension.cs: 1125 - Retrieving features of type [RefAxis] from Copy of ×°ÅäÌå7-2
2026-09-18 10:34:15,921 INFO  ExportHelperExtension.cs: 1136 - Found 45 in Copy of ×°ÅäÌå7-2
2026-09-18 10:34:15,922 INFO  ExportHelperExtension.cs: 1145 - Found 0 features of type [RefAxis] in Copy of ×°ÅäÌå7-2
2026-09-18 10:34:16,119 INFO  SwAddin.cs: 339 - Loading config tree
2026-09-18 10:34:16,122 INFO  ExportPropertyManagerExtension.cs: 520 - Starting new configuration
2026-09-18 10:34:16,126 INFO  SwAddin.cs: 344 - Showing property manager
2026-09-18 10:36:07,777 INFO  ExportPropertyManager.cs: 416 - Configuration canceled
2026-09-18 10:36:07,840 INFO  ExportPropertyManager.cs: 1142 - AfterClose called. This method no longer throws an Exception. It just silently does nothing. Ok, except for this logging message
2026-09-18 11:00:11,098 INFO  SwAddin.cs: 294 - Assembly export called for file ËÄ·½ÐÎ´¬×°ÅäÍ¼.SLDASM
2026-09-18 11:00:11,099 INFO  SwAddin.cs: 299 - Save is required
2026-09-18 11:00:11,099 INFO  SwAddin.cs: 313 - Saving assembly
2026-09-18 11:00:11,428 INFO  SwAddin.cs: 316 - Opening property manager
2026-09-18 11:00:11,428 INFO  ExportHelperExtension.cs: 1125 - Retrieving features of type [CoordSys] from ËÄ·½ÐÎ´¬×°ÅäÍ¼.SLDASM
2026-09-18 11:00:11,429 INFO  ExportHelperExtension.cs: 1136 - Found 33 in ËÄ·½ÐÎ´¬×°ÅäÍ¼.SLDASM
2026-09-18 11:00:11,429 INFO  ExportHelperExtension.cs: 1145 - Found 0 features of type [CoordSys] in ËÄ·½ÐÎ´¬×°ÅäÍ¼.SLDASM
2026-09-18 11:00:11,430 INFO  ExportHelperExtension.cs: 1148 - Proceeding through assembly components
2026-09-18 11:00:11,431 INFO  ExportHelperExtension.cs: 1160 - 5 components to check
2026-09-18 11:00:11,431 INFO  ExportHelperExtension.cs: 1125 - Retrieving features of type [CoordSys] from P75______..____(1)-1
2026-09-18 11:00:11,431 INFO  ExportHelperExtension.cs: 1136 - Found 24 in P75______..____(1)-1
2026-09-18 11:00:11,432 INFO  ExportHelperExtension.cs: 1145 - Found 0 features of type [CoordSys] in P75______..____(1)-1
2026-09-18 11:00:11,432 INFO  ExportHelperExtension.cs: 1125 - Retrieving features of type [CoordSys] from chuanti-1
2026-09-18 11:00:11,433 INFO  ExportHelperExtension.cs: 1136 - Found 44 in chuanti-1
2026-09-18 11:00:11,433 INFO  ExportHelperExtension.cs: 1145 - Found 0 features of type [CoordSys] in chuanti-1
2026-09-18 11:00:11,433 INFO  ExportHelperExtension.cs: 1125 - Retrieving features of type [CoordSys] from P75______..____(1)-3-1
2026-09-18 11:00:11,434 INFO  ExportHelperExtension.cs: 1136 - Found 45 in P75______..____(1)-3-1
2026-09-18 11:00:11,434 INFO  ExportHelperExtension.cs: 1145 - Found 0 features of type [CoordSys] in P75______..____(1)-3-1
2026-09-18 11:00:11,434 INFO  ExportHelperExtension.cs: 1125 - Retrieving features of type [CoordSys] from P75______..____(1)-1-1
2026-09-18 11:00:11,434 INFO  ExportHelperExtension.cs: 1136 - Found 45 in P75______..____(1)-1-1
2026-09-18 11:00:11,435 INFO  ExportHelperExtension.cs: 1145 - Found 0 features of type [CoordSys] in P75______..____(1)-1-1
2026-09-18 11:00:11,435 INFO  ExportHelperExtension.cs: 1125 - Retrieving features of type [CoordSys] from Copy of ×°ÅäÌå7-2
2026-09-18 11:00:11,435 INFO  ExportHelperExtension.cs: 1136 - Found 45 in Copy of ×°ÅäÌå7-2
2026-09-18 11:00:11,436 INFO  ExportHelperExtension.cs: 1145 - Found 0 features of type [CoordSys] in Copy of ×°ÅäÌå7-2
2026-09-18 11:00:11,436 INFO  ExportHelperExtension.cs: 1125 - Retrieving features of type [RefAxis] from ËÄ·½ÐÎ´¬×°ÅäÍ¼.SLDASM
2026-09-18 11:00:11,436 INFO  ExportHelperExtension.cs: 1136 - Found 33 in ËÄ·½ÐÎ´¬×°ÅäÍ¼.SLDASM
2026-09-18 11:00:11,438 INFO  ExportHelperExtension.cs: 1145 - Found 1 features of type [RefAxis] in ËÄ·½ÐÎ´¬×°ÅäÍ¼.SLDASM
2026-09-18 11:00:11,438 INFO  ExportHelperExtension.cs: 1148 - Proceeding through assembly components
2026-09-18 11:00:11,438 INFO  ExportHelperExtension.cs: 1160 - 5 components to check
2026-09-18 11:00:11,439 INFO  ExportHelperExtension.cs: 1125 - Retrieving features of type [RefAxis] from P75______..____(1)-1
2026-09-18 11:00:11,439 INFO  ExportHelperExtension.cs: 1136 - Found 24 in P75______..____(1)-1
2026-09-18 11:00:11,439 INFO  ExportHelperExtension.cs: 1145 - Found 0 features of type [RefAxis] in P75______..____(1)-1
2026-09-18 11:00:11,439 INFO  ExportHelperExtension.cs: 1125 - Retrieving features of type [RefAxis] from chuanti-1
2026-09-18 11:00:11,440 INFO  ExportHelperExtension.cs: 1136 - Found 44 in chuanti-1
2026-09-18 11:00:11,440 INFO  ExportHelperExtension.cs: 1145 - Found 0 features of type [RefAxis] in chuanti-1
2026-09-18 11:00:11,440 INFO  ExportHelperExtension.cs: 1125 - Retrieving features of type [RefAxis] from P75______..____(1)-3-1
2026-09-18 11:00:11,441 INFO  ExportHelperExtension.cs: 1136 - Found 45 in P75______..____(1)-3-1
2026-09-18 11:00:11,441 INFO  ExportHelperExtension.cs: 1145 - Found 0 features of type [RefAxis] in P75______..____(1)-3-1
2026-09-18 11:00:11,442 INFO  ExportHelperExtension.cs: 1125 - Retrieving features of type [RefAxis] from P75______..____(1)-1-1
2026-09-18 11:00:11,442 INFO  ExportHelperExtension.cs: 1136 - Found 45 in P75______..____(1)-1-1
2026-09-18 11:00:11,443 INFO  ExportHelperExtension.cs: 1145 - Found 0 features of type [RefAxis] in P75______..____(1)-1-1
2026-09-18 11:00:11,443 INFO  ExportHelperExtension.cs: 1125 - Retrieving features of type [RefAxis] from Copy of ×°ÅäÌå7-2
2026-09-18 11:00:11,443 INFO  ExportHelperExtension.cs: 1136 - Found 45 in Copy of ×°ÅäÌå7-2
2026-09-18 11:00:11,444 INFO  ExportHelperExtension.cs: 1145 - Found 0 features of type [RefAxis] in Copy of ×°ÅäÌå7-2
2026-09-18 11:00:11,581 INFO  SwAddin.cs: 339 - Loading config tree
2026-09-18 11:00:11,581 INFO  ExportPropertyManagerExtension.cs: 520 - Starting new configuration
2026-09-18 11:00:11,586 INFO  SwAddin.cs: 344 - Showing property manager
2026-09-18 11:00:55,456 INFO  ExportPropertyManager.cs: 1136 - OnNumberBoxTrackingCompleted called. This method no longer throws an Exception. It just silently does nothing. Ok, except for this logging message
2026-09-18 11:23:32,710 INFO  ExportPropertyManager.cs: 422 - Configuration saved
2026-09-18 11:23:32,862 INFO  ExportPropertyManager.cs: 1142 - AfterClose called. This method no longer throws an Exception. It just silently does nothing. Ok, except for this logging message
2026-09-18 11:23:49,419 INFO  SwAddin.cs: 294 - Assembly export called for file ËÄ·½ÐÎ´¬×°ÅäÍ¼.SLDASM
2026-09-18 11:23:49,420 INFO  SwAddin.cs: 299 - Save is required
2026-09-18 11:23:49,420 INFO  SwAddin.cs: 313 - Saving assembly
2026-09-18 11:23:49,741 INFO  SwAddin.cs: 316 - Opening property manager
2026-09-18 11:23:49,741 INFO  ExportHelperExtension.cs: 1125 - Retrieving features of type [CoordSys] from ËÄ·½ÐÎ´¬×°ÅäÍ¼.SLDASM
2026-09-18 11:23:49,741 INFO  ExportHelperExtension.cs: 1136 - Found 34 in ËÄ·½ÐÎ´¬×°ÅäÍ¼.SLDASM
2026-09-18 11:23:49,741 INFO  ExportHelperExtension.cs: 1145 - Found 0 features of type [CoordSys] in ËÄ·½ÐÎ´¬×°ÅäÍ¼.SLDASM
2026-09-18 11:23:49,741 INFO  ExportHelperExtension.cs: 1148 - Proceeding through assembly components
2026-09-18 11:23:49,741 INFO  ExportHelperExtension.cs: 1160 - 5 components to check
2026-09-18 11:23:49,741 INFO  ExportHelperExtension.cs: 1125 - Retrieving features of type [CoordSys] from P75______..____(1)-1
2026-09-18 11:23:49,741 INFO  ExportHelperExtension.cs: 1136 - Found 24 in P75______..____(1)-1
2026-09-18 11:23:49,741 INFO  ExportHelperExtension.cs: 1145 - Found 0 features of type [CoordSys] in P75______..____(1)-1
2026-09-18 11:23:49,741 INFO  ExportHelperExtension.cs: 1125 - Retrieving features of type [CoordSys] from chuanti-1
2026-09-18 11:23:49,741 INFO  ExportHelperExtension.cs: 1136 - Found 44 in chuanti-1
2026-09-18 11:23:49,749 INFO  ExportHelperExtension.cs: 1145 - Found 0 features of type [CoordSys] in chuanti-1
2026-09-18 11:23:49,750 INFO  ExportHelperExtension.cs: 1125 - Retrieving features of type [CoordSys] from P75______..____(1)-3-1
2026-09-18 11:23:49,750 INFO  ExportHelperExtension.cs: 1136 - Found 45 in P75______..____(1)-3-1
2026-09-18 11:23:49,750 INFO  ExportHelperExtension.cs: 1145 - Found 0 features of type [CoordSys] in P75______..____(1)-3-1
2026-09-18 11:23:49,750 INFO  ExportHelperExtension.cs: 1125 - Retrieving features of type [CoordSys] from P75______..____(1)-1-1
2026-09-18 11:23:49,750 INFO  ExportHelperExtension.cs: 1136 - Found 45 in P75______..____(1)-1-1
2026-09-18 11:23:49,750 INFO  ExportHelperExtension.cs: 1145 - Found 0 features of type [CoordSys] in P75______..____(1)-1-1
2026-09-18 11:23:49,750 INFO  ExportHelperExtension.cs: 1125 - Retrieving features of type [CoordSys] from Copy of ×°ÅäÌå7-2
2026-09-18 11:23:49,750 INFO  ExportHelperExtension.cs: 1136 - Found 45 in Copy of ×°ÅäÌå7-2
2026-09-18 11:23:49,750 INFO  ExportHelperExtension.cs: 1145 - Found 0 features of type [CoordSys] in Copy of ×°ÅäÌå7-2
2026-09-18 11:23:49,750 INFO  ExportHelperExtension.cs: 1125 - Retrieving features of type [RefAxis] from ËÄ·½ÐÎ´¬×°ÅäÍ¼.SLDASM
2026-09-18 11:23:49,750 INFO  ExportHelperExtension.cs: 1136 - Found 34 in ËÄ·½ÐÎ´¬×°ÅäÍ¼.SLDASM
2026-09-18 11:23:49,750 INFO  ExportHelperExtension.cs: 1145 - Found 1 features of type [RefAxis] in ËÄ·½ÐÎ´¬×°ÅäÍ¼.SLDASM
2026-09-18 11:23:49,754 INFO  ExportHelperExtension.cs: 1148 - Proceeding through assembly components
2026-09-18 11:23:49,754 INFO  ExportHelperExtension.cs: 1160 - 5 components to check
2026-09-18 11:23:49,754 INFO  ExportHelperExtension.cs: 1125 - Retrieving features of type [RefAxis] from P75______..____(1)-1
2026-09-18 11:23:49,754 INFO  ExportHelperExtension.cs: 1136 - Found 24 in P75______..____(1)-1
2026-09-18 11:23:49,755 INFO  ExportHelperExtension.cs: 1145 - Found 0 features of type [RefAxis] in P75______..____(1)-1
2026-09-18 11:23:49,755 INFO  ExportHelperExtension.cs: 1125 - Retrieving features of type [RefAxis] from chuanti-1
2026-09-18 11:23:49,755 INFO  ExportHelperExtension.cs: 1136 - Found 44 in chuanti-1
2026-09-18 11:23:49,755 INFO  ExportHelperExtension.cs: 1145 - Found 0 features of type [RefAxis] in chuanti-1
2026-09-18 11:23:49,755 INFO  ExportHelperExtension.cs: 1125 - Retrieving features of type [RefAxis] from P75______..____(1)-3-1
2026-09-18 11:23:49,755 INFO  ExportHelperExtension.cs: 1136 - Found 45 in P75______..____(1)-3-1
2026-09-18 11:23:49,755 INFO  ExportHelperExtension.cs: 1145 - Found 0 features of type [RefAxis] in P75______..____(1)-3-1
2026-09-18 11:23:49,755 INFO  ExportHelperExtension.cs: 1125 - Retrieving features of type [RefAxis] from P75______..____(1)-1-1
2026-09-18 11:23:49,755 INFO  ExportHelperExtension.cs: 1136 - Found 45 in P75______..____(1)-1-1
2026-09-18 11:23:49,755 INFO  ExportHelperExtension.cs: 1145 - Found 0 features of type [RefAxis] in P75______..____(1)-1-1
2026-09-18 11:23:49,755 INFO  ExportHelperExtension.cs: 1125 - Retrieving features of type [RefAxis] from Copy of ×°ÅäÌå7-2
2026-09-18 11:23:49,755 INFO  ExportHelperExtension.cs: 1136 - Found 45 in Copy of ×°ÅäÌå7-2
2026-09-18 11:23:49,755 INFO  ExportHelperExtension.cs: 1145 - Found 0 features of type [RefAxis] in Copy of ×°ÅäÌå7-2
2026-09-18 11:23:49,933 INFO  SwAddin.cs: 339 - Loading config tree
2026-09-18 11:23:49,933 INFO  ConfigurationSerialization.cs: 276 - URDF Configuration found
<Link z:Id="i1" xmlns="http://schemas.datacontract.org/2004/07/SW2URDF" xmlns:i="http://www.w3.org/2001/XMLSchema-instance" xmlns:z="http://schemas.microsoft.com/2003/10/Serialization/"><Attributes><Attribute z:Id="i2"><AttributeType>name</AttributeType><IsRequired>true</IsRequired><Value i:type="a:string" xmlns:a="http://www.w3.org/2001/XMLSchema">base_link</Value></Attribute></Attributes><ChildElements><URDFElement z:Id="i3" i:type="Inertial"><Attributes/><ChildElements><URDFElement z:Id="i4" i:type="Origin"><Attributes><Attribute z:Id="i5"><AttributeType>xyz</AttributeType><IsRequired>true</IsRequired><Value i:type="a:ArrayOfdouble" xmlns:a="http://schemas.microsoft.com/2003/10/Serialization/Arrays"><a:double>0</a:double><a:double>0</a:double><a:double>0</a:double></Value></Attribute><Attribute z:Id="i6"><AttributeType>rpy</AttributeType><IsRequired>true</IsRequired><Value i:type="a:ArrayOfdouble" xmlns:a="http://schemas.microsoft.com/2003/10/Serialization/Arrays"><a:double>0</a:double><a:double>0</a:double><a:double>0</a:double></Value></Attribute></Attributes><ChildElements/><ElementName>origin</ElementName><required>false</required><RPYAttribute z:Ref="i6"/><XYZAttribute z:Ref="i5"/><isCustomized>false</isCustomized></URDFElement><URDFElement z:Id="i7" i:type="Mass"><Attributes><Attribute z:Id="i8"><AttributeType>value</AttributeType><IsRequired>true</IsRequired><Value i:type="a:double" xmlns:a="http://www.w3.org/2001/XMLSchema">0</Value></Attribute></Attributes><ChildElements/><ElementName>mass</ElementName><required>false</required><ValueAttribute z:Ref="i8"/></URDFElement><URDFElement z:Id="i9" i:type="Inertia"><Attributes><Attribute z:Id="i10"><AttributeType>ixx</AttributeType><IsRequired>true</IsRequired><Value i:type="a:double" xmlns:a="http://www.w3.org/2001/XMLSchema">0</Value></Attribute><Attribute z:Id="i11"><AttributeType>ixy</AttributeType><IsRequired>true</IsRequired><Value i:type="a:double" xmlns:a="http://www.w3.org/2001/XMLSchema">0</Value></Attribute><Attribute z:Id="i12"><AttributeType>ixz</AttributeType><IsRequired>true</IsRequired><Value i:type="a:double" xmlns:a="http://www.w3.org/2001/XMLSchema">0</Value></Attribute><Attribute z:Id="i13"><AttributeType>iyy</AttributeType><IsRequired>true</IsRequired><Value i:type="a:double" xmlns:a="http://www.w3.org/2001/XMLSchema">0</Value></Attribute><Attribute z:Id="i14"><AttributeType>iyz</AttributeType><IsRequired>true</IsRequired><Value i:type="a:double" xmlns:a="http://www.w3.org/2001/XMLSchema">0</Value></Attribute><Attribute z:Id="i15"><AttributeType>izz</AttributeType><IsRequired>true</IsRequired><Value i:type="a:double" xmlns:a="http://www.w3.org/2001/XMLSchema">0</Value></Attribute></Attributes><ChildElements/><ElementName>inertia</ElementName><required>false</required><IxxAttribute z:Ref="i10"/><IxyAttribute z:Ref="i11"/><IxzAttribute z:Ref="i12"/><IyyAttribute z:Ref="i13"/><IyzAttribute z:Ref="i14"/><IzzAttribute z:Ref="i15"/></URDFElement></ChildElements><ElementName>inertial</ElementName><required>false</required><Inertia z:Ref="i9"/><Mass z:Ref="i7"/><Origin z:Ref="i4"/></URDFElement><URDFElement z:Id="i16" i:type="Visual"><Attributes/><ChildElements><URDFElement z:Id="i17" i:type="Origin"><Attributes><Attribute z:Id="i18"><AttributeType>xyz</AttributeType><IsRequired>true</IsRequired><Value i:type="a:ArrayOfdouble" xmlns:a="http://schemas.microsoft.com/2003/10/Serialization/Arrays"><a:double>0</a:double><a:double>0</a:double><a:double>0</a:double></Value></Attribute><Attribute z:Id="i19"><AttributeType>rpy</AttributeType><IsRequired>true</IsRequired><Value i:type="a:ArrayOfdouble" xmlns:a="http://schemas.microsoft.com/2003/10/Serialization/Arrays"><a:double>0</a:double><a:double>0</a:double><a:double>0</a:double></Value></Attribute></Attributes><ChildElements/><ElementName>origin</ElementName><required>false</required><RPYAttribute z:Ref="i19"/><XYZAttribute z:Ref="i18"/><isCustomized>false</isCustomized></URDFElement><URDFElement z:Id="i20" i:type="Geometry"><Attributes/><ChildElements><URDFElement z:Id="i21" i:type="Mesh"><Attributes><Attribute z:Id="i22"><AttributeType>filename</AttributeType><IsRequired>true</IsRequired><Value i:nil="true"/></Attribute></Attributes><ChildElements/><ElementName>mesh</ElementName><required>false</required><FilenameAttribute z:Ref="i22"/></URDFElement></ChildElements><ElementName>geometry</ElementName><required>true</required><Mesh z:Ref="i21"/></URDFElement><URDFElement z:Id="i23" i:type="Material"><Attributes><Attribute z:Id="i24"><AttributeType>name</AttributeType><IsRequired>true</IsRequired><Value i:type="a:string" xmlns:a="http://www.w3.org/2001/XMLSchema"/></Attribute></Attributes><ChildElements><URDFElement z:Id="i25" i:type="Color"><Attributes><Attribute z:Id="i26"><AttributeType>rgba</AttributeType><IsRequired>true</IsRequired><Value i:type="a:ArrayOfdouble" xmlns:a="http://schemas.microsoft.com/2003/10/Serialization/Arrays"><a:double>1</a:double><a:double>1</a:double><a:double>1</a:double><a:double>1</a:double></Value></Attribute></Attributes><ChildElements/><ElementName>color</ElementName><required>false</required><RGBAAttribute z:Ref="i26"/></URDFElement><URDFElement z:Id="i27" i:type="Texture"><Attributes><Attribute z:Id="i28"><AttributeType>filename</AttributeType><IsRequired>true</IsRequired><Value i:nil="true"/></Attribute></Attributes><ChildElements/><ElementName>texture</ElementName><required>false</required><FilenameAttribute z:Ref="i28"/><wFilename/></URDFElement></ChildElements><ElementName>material</ElementName><required>false</required><Color z:Ref="i25"/><NameAttribute z:Ref="i24"/><Texture z:Ref="i27"/></URDFElement></ChildElements><ElementName>visual</ElementName><required>false</required><Geometry z:Ref="i20"/><Material z:Ref="i23"/><Origin z:Ref="i17"/></URDFElement><URDFElement z:Id="i29" i:type="Collision"><Attributes/><ChildElements><URDFElement z:Id="i30" i:type="Origin"><Attributes><Attribute z:Id="i31"><AttributeType>xyz</AttributeType><IsRequired>true</IsRequired><Value i:type="a:ArrayOfdouble" xmlns:a="http://schemas.microsoft.com/2003/10/Serialization/Arrays"><a:double>0</a:double><a:double>0</a:double><a:double>0</a:double></Value></Attribute><Attribute z:Id="i32"><AttributeType>rpy</AttributeType><IsRequired>true</IsRequired><Value i:type="a:ArrayOfdouble" xmlns:a="http://schemas.microsoft.com/2003/10/Serialization/Arrays"><a:double>0</a:double><a:double>0</a:double><a:double>0</a:double></Value></Attribute></Attributes><ChildElements/><ElementName>origin</ElementName><required>false</required><RPYAttribute z:Ref="i32"/><XYZAttribute z:Ref="i31"/><isCustomized>false</isCustomized></URDFElement><URDFElement z:Id="i33" i:type="Geometry"><Attributes/><ChildElements><URDFElement z:Id="i34" i:type="Mesh"><Attributes><Attribute z:Id="i35"><AttributeType>filename</AttributeType><IsRequired>true</IsRequired><Value i:nil="true"/></Attribute></Attributes><ChildElements/><ElementName>mesh</ElementName><required>false</required><FilenameAttribute z:Ref="i35"/></URDFElement></ChildElements><ElementName>geometry</ElementName><required>true</required><Mesh z:Ref="i34"/></URDFElement></ChildElements><ElementName>collision</ElementName><required>false</required><Geometry z:Ref="i33"/><Origin z:Ref="i30"/></URDFElement><URDFElement z:Id="i36" i:type="Joint"><Attributes><Attribute z:Id="i37"><AttributeType>name</AttributeType><IsRequired>true</IsRequired><Value i:type="a:string" xmlns:a="http://www.w3.org/2001/XMLSchema"/></Attribute><Attribute z:Id="i38"><AttributeType>type</AttributeType><IsRequired>true</IsRequired><Value i:type="a:string" xmlns:a="http://www.w3.org/2001/XMLSchema"/></Attribute></Attributes><ChildElements><URDFElement z:Id="i39" i:type="Origin"><Attributes><Attribute z:Id="i40"><AttributeType>xyz</AttributeType><IsRequired>true</IsRequired><Value i:type="a:ArrayOfdouble" xmlns:a="http://schemas.microsoft.com/2003/10/Serialization/Arrays"><a:double>0</a:double><a:double>0</a:double><a:double>0</a:double></Value></Attribute><Attribute z:Id="i41"><AttributeType>rpy</AttributeType><IsRequired>true</IsRequired><Value i:type="a:ArrayOfdouble" xmlns:a="http://schemas.microsoft.com/2003/10/Serialization/Arrays"><a:double>0</a:double><a:double>0</a:double><a:double>0</a:double></Value></Attribute></Attributes><ChildElements/><ElementName>origin</ElementName><required>false</required><RPYAttribute z:Ref="i41"/><XYZAttribute z:Ref="i40"/><isCustomized>false</isCustomized></URDFElement><URDFElement z:Id="i42" i:type="ParentLink"><Attributes><Attribute z:Id="i43"><AttributeType>link</AttributeType><IsRequired>true</IsRequired><Value i:type="a:string" xmlns:a="http://www.w3.org/2001/XMLSchema"/></Attribute></Attributes><ChildElements/><ElementName>parent</ElementName><required>true</required><NameAttribute z:Ref="i43"/></URDFElement><URDFElement z:Id="i44" i:type="ChildLink"><Attributes><Attribute z:Id="i45"><AttributeType>link</AttributeType><IsRequired>true</IsRequired><Value i:type="a:string" xmlns:a="http://www.w3.org/2001/XMLSchema"/></Attribute></Attributes><ChildElements/><ElementName>child</ElementName><required>true</required><NameAttribute z:Ref="i45"/></URDFElement><URDFElement z:Id="i46" i:type="Axis"><Attributes><Attribute z:Id="i47"><AttributeType>xyz</AttributeType><IsRequired>true</IsRequired><Value i:type="a:ArrayOfdouble" xmlns:a="http://schemas.microsoft.com/2003/10/Serialization/Arrays"><a:double>0</a:double><a:double>0</a:double><a:double>0</a:double></Value></Attribute></Attributes><ChildElements/><ElementName>axis</ElementName><required>false</required><XYZAttribute z:Ref="i47"/></URDFElement><URDFElement z:Id="i48" i:type="Limit"><Attributes><Attribute z:Id="i49"><AttributeType>lower</AttributeType><IsRequired>false</IsRequired><Value i:nil="true"/></Attribute><Attribute z:Id="i50"><AttributeType>upper</AttributeType><IsRequired>false</IsRequired><Value i:nil="true"/></Attribute><Attribute z:Id="i51"><AttributeType>effort</AttributeType><IsRequired>true</IsRequired><Value i:nil="true"/></Attribute><Attribute z:Id="i52"><AttributeType>velocity</AttributeType><IsRequired>true</IsRequired><Value i:nil="true"/></Attribute></Attributes><ChildElements/><ElementName>limit</ElementName><required>false</required><EffortAttribute z:Ref="i51"/><LowerAttribute z:Ref="i49"/><UpperAttribute z:Ref="i50"/><VelocityAttribute z:Ref="i52"/></URDFElement><URDFElement z:Id="i53" i:type="Calibration"><Attributes><Attribute z:Id="i54"><AttributeType>rising</AttributeType><IsRequired>false</IsRequired><Value i:nil="true"/></Attribute><Attribute z:Id="i55"><AttributeType>falling</AttributeType><IsRequired>false</IsRequired><Value i:nil="true"/></Attribute></Attributes><ChildElements/><ElementName>calibration</ElementName><required>false</required><FallingAttribute z:Ref="i55"/><RisingAttribute z:Ref="i54"/></URDFElement><URDFElement z:Id="i56" i:type="Dynamics"><Attributes><Attribute z:Id="i57"><AttributeType>damping</AttributeType><IsRequired>false</IsRequired><Value i:nil="true"/></Attribute><Attribute z:Id="i58"><AttributeType>friction</AttributeType><IsRequired>false</IsRequired><Value i:nil="true"/></Attribute></Attributes><ChildElements/><ElementName>dynamics</ElementName><required>false</required><DampingAttribute z:Ref="i57"/><FrictionAttribute z:Ref="i58"/></URDFElement><URDFElement z:Id="i59" i:type="SafetyController"><Attributes><Attribute z:Id="i60"><AttributeType>soft_upper_limit</AttributeType><IsRequired>false</IsRequired><Value i:nil="true"/></Attribute><Attribute z:Id="i61"><AttributeType>soft_lower_limit</AttributeType><IsRequired>false</IsRequired><Value i:nil="true"/></Attribute><Attribute z:Id="i62"><AttributeType>k_position</AttributeType><IsRequired>false</IsRequired><Value i:nil="true"/></Attribute><Attribute z:Id="i63"><AttributeType>k_velocity</AttributeType><IsRequired>true</IsRequired><Value i:nil="true"/></Attribute></Attributes><ChildElements/><ElementName>safety_controller</ElementName><required>false</required><KPositionAttribute z:Ref="i62"/><KVelocityAttribute z:Ref="i63"/><SoftLowerAttribute z:Ref="i61"/><SoftUpperAttribute z:Ref="i60"/></URDFElement><URDFElement z:Id="i64" i:type="Mimic"><Attributes><Attribute z:Id="i65"><AttributeType>joint</AttributeType><IsRequired>true</IsRequired><Value i:nil="true"/></Attribute><Attribute z:Id="i66"><AttributeType>multiplier</AttributeType><IsRequired>false</IsRequired><Value i:nil="true"/></Attribute><Attribute z:Id="i67"><AttributeType>offset</AttributeType><IsRequired>false</IsRequired><Value i:nil="true"/></Attribute></Attributes><ChildElements/><ElementName>mimic</ElementName><required>false</required><JointNameAttribute z:Ref="i65"/><MultiplierAttribute z:Ref="i66"/><OffsetAttribute z:Ref="i67"/></URDFElement></ChildElements><ElementName>joint</ElementName><required>false</required><Axis z:Ref="i46"/><AxisName/><Calibration z:Ref="i53"/><Child z:Ref="i44"/><CoordinateSystemName>Automatically Generate</CoordinateSystemName><Dynamics z:Ref="i56"/><Limit z:Ref="i48"/><Mimic z:Ref="i64"/><NameAttribute z:Ref="i37"/><Origin z:Ref="i39"/><Parent z:Ref="i42"/><Safety z:Ref="i59"/><TypeAttribute z:Ref="i38"/></URDFElement></ChildElements><ElementName>link</ElementName><required>true</required><Children><Link z:Id="i68"><Attributes><Attribute z:Id="i69"><AttributeType>name</AttributeType><IsRequired>true</IsRequired><Value i:type="a:string" xmlns:a="http://www.w3.org/2001/XMLSchema">thruster1_Link</Value></Attribute></Attributes><ChildElements><URDFElement z:Id="i70" i:type="Inertial"><Attributes/><ChildElements><URDFElement z:Id="i71" i:type="Origin"><Attributes><Attribute z:Id="i72"><AttributeType>xyz</AttributeType><IsRequired>true</IsRequired><Value i:type="a:ArrayOfdouble" xmlns:a="http://schemas.microsoft.com/2003/10/Serialization/Arrays"><a:double>0</a:double><a:double>0</a:double><a:double>0</a:double></Value></Attribute><Attribute z:Id="i73"><AttributeType>rpy</AttributeType><IsRequired>true</IsRequired><Value i:type="a:ArrayOfdouble" xmlns:a="http://schemas.microsoft.com/2003/10/Serialization/Arrays"><a:double>0</a:double><a:double>0</a:double><a:double>0</a:double></Value></Attribute></Attributes><ChildElements/><ElementName>origin</ElementName><required>false</required><RPYAttribute z:Ref="i73"/><XYZAttribute z:Ref="i72"/><isCustomized>false</isCustomized></URDFElement><URDFElement z:Id="i74" i:type="Mass"><Attributes><Attribute z:Id="i75"><AttributeType>value</AttributeType><IsRequired>true</IsRequired><Value i:type="a:double" xmlns:a="http://www.w3.org/2001/XMLSchema">0</Value></Attribute></Attributes><ChildElements/><ElementName>mass</ElementName><required>false</required><ValueAttribute z:Ref="i75"/></URDFElement><URDFElement z:Id="i76" i:type="Inertia"><Attributes><Attribute z:Id="i77"><AttributeType>ixx</AttributeType><IsRequired>true</IsRequired><Value i:type="a:double" xmlns:a="http://www.w3.org/2001/XMLSchema">0</Value></Attribute><Attribute z:Id="i78"><AttributeType>ixy</AttributeType><IsRequired>true</IsRequired><Value i:type="a:double" xmlns:a="http://www.w3.org/2001/XMLSchema">0</Value></Attribute><Attribute z:Id="i79"><AttributeType>ixz</AttributeType><IsRequired>true</IsRequired><Value i:type="a:double" xmlns:a="http://www.w3.org/2001/XMLSchema">0</Value></Attribute><Attribute z:Id="i80"><AttributeType>iyy</AttributeType><IsRequired>true</IsRequired><Value i:type="a:double" xmlns:a="http://www.w3.org/2001/XMLSchema">0</Value></Attribute><Attribute z:Id="i81"><AttributeType>iyz</AttributeType><IsRequired>true</IsRequired><Value i:type="a:double" xmlns:a="http://www.w3.org/2001/XMLSchema">0</Value></Attribute><Attribute z:Id="i82"><AttributeType>izz</AttributeType><IsRequired>true</IsRequired><Value i:type="a:double" xmlns:a="http://www.w3.org/2001/XMLSchema">0</Value></Attribute></Attributes><ChildElements/><ElementName>inertia</ElementName><required>false</required><IxxAttribute z:Ref="i77"/><IxyAttribute z:Ref="i78"/><IxzAttribute z:Ref="i79"/><IyyAttribute z:Ref="i80"/><IyzAttribute z:Ref="i81"/><IzzAttribute z:Ref="i82"/></URDFElement></ChildElements><ElementName>inertial</ElementName><required>false</required><Inertia z:Ref="i76"/><Mass z:Ref="i74"/><Origin z:Ref="i71"/></URDFElement><URDFElement z:Id="i83" i:type="Visual"><Attributes/><ChildElements><URDFElement z:Id="i84" i:type="Origin"><Attributes><Attribute z:Id="i85"><AttributeType>xyz</AttributeType><IsRequired>true</IsRequired><Value i:type="a:ArrayOfdouble" xmlns:a="http://schemas.microsoft.com/2003/10/Serialization/Arrays"><a:double>0</a:double><a:double>0</a:double><a:double>0</a:double></Value></Attribute><Attribute z:Id="i86"><AttributeType>rpy</AttributeType><IsRequired>true</IsRequired><Value i:type="a:ArrayOfdouble" xmlns:a="http://schemas.microsoft.com/2003/10/Serialization/Arrays"><a:double>0</a:double><a:double>0</a:double><a:double>0</a:double></Value></Attribute></Attributes><ChildElements/><ElementName>origin</ElementName><required>false</required><RPYAttribute z:Ref="i86"/><XYZAttribute z:Ref="i85"/><isCustomized>false</isCustomized></URDFElement><URDFElement z:Id="i87" i:type="Geometry"><Attributes/><ChildElements><URDFElement z:Id="i88" i:type="Mesh"><Attributes><Attribute z:Id="i89"><AttributeType>filename</AttributeType><IsRequired>true</IsRequired><Value i:nil="true"/></Attribute></Attributes><ChildElements/><ElementName>mesh</ElementName><required>false</required><FilenameAttribute z:Ref="i89"/></URDFElement></ChildElements><ElementName>geometry</ElementName><required>true</required><Mesh z:Ref="i88"/></URDFElement><URDFElement z:Id="i90" i:type="Material"><Attributes><Attribute z:Id="i91"><AttributeType>name</AttributeType><IsRequired>true</IsRequired><Value i:type="a:string" xmlns:a="http://www.w3.org/2001/XMLSchema"/></Attribute></Attributes><ChildElements><URDFElement z:Id="i92" i:type="Color"><Attributes><Attribute z:Id="i93"><AttributeType>rgba</AttributeType><IsRequired>true</IsRequired><Value i:type="a:ArrayOfdouble" xmlns:a="http://schemas.microsoft.com/2003/10/Serialization/Arrays"><a:double>1</a:double><a:double>1</a:double><a:double>1</a:double><a:double>1</a:double></Value></Attribute></Attributes><ChildElements/><ElementName>color</ElementName><required>false</required><RGBAAttribute z:Ref="i93"/></URDFElement><URDFElement z:Id="i94" i:type="Texture"><Attributes><Attribute z:Id="i95"><AttributeType>filename</AttributeType><IsRequired>true</IsRequired><Value i:nil="true"/></Attribute></Attributes><ChildElements/><ElementName>texture</ElementName><required>false</required><FilenameAttribute z:Ref="i95"/><wFilename/></URDFElement></ChildElements><ElementName>material</ElementName><required>false</required><Color z:Ref="i92"/><NameAttribute z:Ref="i91"/><Texture z:Ref="i94"/></URDFElement></ChildElements><ElementName>visual</ElementName><required>false</required><Geometry z:Ref="i87"/><Material z:Ref="i90"/><Origin z:Ref="i84"/></URDFElement><URDFElement z:Id="i96" i:type="Collision"><Attributes/><ChildElements><URDFElement z:Id="i97" i:type="Origin"><Attributes><Attribute z:Id="i98"><AttributeType>xyz</AttributeType><IsRequired>true</IsRequired><Value i:type="a:ArrayOfdouble" xmlns:a="http://schemas.microsoft.com/2003/10/Serialization/Arrays"><a:double>0</a:double><a:double>0</a:double><a:double>0</a:double></Value></Attribute><Attribute z:Id="i99"><AttributeType>rpy</AttributeType><IsRequired>true</IsRequired><Value i:type="a:ArrayOfdouble" xmlns:a="http://schemas.microsoft.com/2003/10/Serialization/Arrays"><a:double>0</a:double><a:double>0</a:double><a:double>0</a:double></Value></Attribute></Attributes><ChildElements/><ElementName>origin</ElementName><required>false</required><RPYAttribute z:Ref="i99"/><XYZAttribute z:Ref="i98"/><isCustomized>false</isCustomized></URDFElement><URDFElement z:Id="i100" i:type="Geometry"><Attributes/><ChildElements><URDFElement z:Id="i101" i:type="Mesh"><Attributes><Attribute z:Id="i102"><AttributeType>filename</AttributeType><IsRequired>true</IsRequired><Value i:nil="true"/></Attribute></Attributes><ChildElements/><ElementName>mesh</ElementName><required>false</required><FilenameAttribute z:Ref="i102"/></URDFElement></ChildElements><ElementName>geometry</ElementName><required>true</required><Mesh z:Ref="i101"/></URDFElement></ChildElements><ElementName>collision</ElementName><required>false</required><Geometry z:Ref="i100"/><Origin z:Ref="i97"/></URDFElement><URDFElement z:Id="i103" i:type="Joint"><Attributes><Attribute z:Id="i104"><AttributeType>name</AttributeType><IsRequired>true</IsRequired><Value i:type="a:string" xmlns:a="http://www.w3.org/2001/XMLSchema"/></Attribute><Attribute z:Id="i105"><AttributeType>type</AttributeType><IsRequired>true</IsRequired><Value i:type="a:string" xmlns:a="http://www.w3.org/2001/XMLSchema">Automatically Detect</Value></Attribute></Attributes><ChildElements><URDFElement z:Id="i106" i:type="Origin"><Attributes><Attribute z:Id="i107"><AttributeType>xyz</AttributeType><IsRequired>true</IsRequired><Value i:type="a:ArrayOfdouble" xmlns:a="http://schemas.microsoft.com/2003/10/Serialization/Arrays"><a:double>0</a:double><a:double>0</a:double><a:double>0</a:double></Value></Attribute><Attribute z:Id="i108"><AttributeType>rpy</AttributeType><IsRequired>true</IsRequired><Value i:type="a:ArrayOfdouble" xmlns:a="http://schemas.microsoft.com/2003/10/Serialization/Arrays"><a:double>0</a:double><a:double>0</a:double><a:double>0</a:double></Value></Attribute></Attributes><ChildElements/><ElementName>origin</ElementName><required>false</required><RPYAttribute z:Ref="i108"/><XYZAttribute z:Ref="i107"/><isCustomized>false</isCustomized></URDFElement><URDFElement z:Id="i109" i:type="ParentLink"><Attributes><Attribute z:Id="i110"><AttributeType>link</AttributeType><IsRequired>true</IsRequired><Value i:type="a:string" xmlns:a="http://www.w3.org/2001/XMLSchema"/></Attribute></Attributes><ChildElements/><ElementName>parent</ElementName><required>true</required><NameAttribute z:Ref="i110"/></URDFElement><URDFElement z:Id="i111" i:type="ChildLink"><Attributes><Attribute z:Id="i112"><AttributeType>link</AttributeType><IsRequired>true</IsRequired><Value i:type="a:string" xmlns:a="http://www.w3.org/2001/XMLSchema"/></Attribute></Attributes><ChildElements/><ElementName>child</ElementName><required>true</required><NameAttribute z:Ref="i112"/></URDFElement><URDFElement z:Id="i113" i:type="Axis"><Attributes><Attribute z:Id="i114"><AttributeType>xyz</AttributeType><IsRequired>true</IsRequired><Value i:type="a:ArrayOfdouble" xmlns:a="http://schemas.microsoft.com/2003/10/Serialization/Arrays"><a:double>0</a:double><a:double>0</a:double><a:double>0</a:double></Value></Attribute></Attributes><ChildElements/><ElementName>axis</ElementName><required>false</required><XYZAttribute z:Ref="i114"/></URDFElement><URDFElement z:Id="i115" i:type="Limit"><Attributes><Attribute z:Id="i116"><AttributeType>lower</AttributeType><IsRequired>false</IsRequired><Value i:nil="true"/></Attribute><Attribute z:Id="i117"><AttributeType>upper</AttributeType><IsRequired>false</IsRequired><Value i:nil="true"/></Attribute><Attribute z:Id="i118"><AttributeType>effort</AttributeType><IsRequired>true</IsRequired><Value i:nil="true"/></Attribute><Attribute z:Id="i119"><AttributeType>velocity</AttributeType><IsRequired>true</IsRequired><Value i:nil="true"/></Attribute></Attributes><ChildElements/><ElementName>limit</ElementName><required>false</required><EffortAttribute z:Ref="i118"/><LowerAttribute z:Ref="i116"/><UpperAttribute z:Ref="i117"/><VelocityAttribute z:Ref="i119"/></URDFElement><URDFElement z:Id="i120" i:type="Calibration"><Attributes><Attribute z:Id="i121"><AttributeType>rising</AttributeType><IsRequired>false</IsRequired><Value i:nil="true"/></Attribute><Attribute z:Id="i122"><AttributeType>falling</AttributeType><IsRequired>false</IsRequired><Value i:nil="true"/></Attribute></Attributes><ChildElements/><ElementName>calibration</ElementName><required>false</required><FallingAttribute z:Ref="i122"/><RisingAttribute z:Ref="i121"/></URDFElement><URDFElement z:Id="i123" i:type="Dynamics"><Attributes><Attribute z:Id="i124"><AttributeType>damping</AttributeType><IsRequired>false</IsRequired><Value i:nil="true"/></Attribute><Attribute z:Id="i125"><AttributeType>friction</AttributeType><IsRequired>false</IsRequired><Value i:nil="true"/></Attribute></Attributes><ChildElements/><ElementName>dynamics</ElementName><required>false</required><DampingAttribute z:Ref="i124"/><FrictionAttribute z:Ref="i125"/></URDFElement><URDFElement z:Id="i126" i:type="SafetyController"><Attributes><Attribute z:Id="i127"><AttributeType>soft_upper_limit</AttributeType><IsRequired>false</IsRequired><Value i:nil="true"/></Attribute><Attribute z:Id="i128"><AttributeType>soft_lower_limit</AttributeType><IsRequired>false</IsRequired><Value i:nil="true"/></Attribute><Attribute z:Id="i129"><AttributeType>k_position</AttributeType><IsRequired>false</IsRequired><Value i:nil="true"/></Attribute><Attribute z:Id="i130"><AttributeType>k_velocity</AttributeType><IsRequired>true</IsRequired><Value i:nil="true"/></Attribute></Attributes><ChildElements/><ElementName>safety_controller</ElementName><required>false</required><KPositionAttribute z:Ref="i129"/><KVelocityAttribute z:Ref="i130"/><SoftLowerAttribute z:Ref="i128"/><SoftUpperAttribute z:Ref="i127"/></URDFElement><URDFElement z:Id="i131" i:type="Mimic"><Attributes><Attribute z:Id="i132"><AttributeType>joint</AttributeType><IsRequired>true</IsRequired><Value i:nil="true"/></Attribute><Attribute z:Id="i133"><AttributeType>multiplier</AttributeType><IsRequired>false</IsRequired><Value i:nil="true"/></Attribute><Attribute z:Id="i134"><AttributeType>offset</AttributeType><IsRequired>false</IsRequired><Value i:nil="true"/></Attribute></Attributes><ChildElements/><ElementName>mimic</ElementName><required>false</required><JointNameAttribute z:Ref="i132"/><MultiplierAttribute z:Ref="i133"/><OffsetAttribute z:Ref="i134"/></URDFElement></ChildElements><ElementName>joint</ElementName><required>false</required><Axis z:Ref="i113"/><AxisName>Automatically Generate</AxisName><Calibration z:Ref="i120"/><Child z:Ref="i111"/><CoordinateSystemName>Automatically Generate</CoordinateSystemName><Dynamics z:Ref="i123"/><Limit z:Ref="i115"/><Mimic z:Ref="i131"/><NameAttribute z:Ref="i104"/><Origin z:Ref="i106"/><Parent z:Ref="i109"/><Safety z:Ref="i126"/><TypeAttribute z:Ref="i105"/></URDFElement></ChildElements><ElementName>link</ElementName><required>true</required><Children/><Collision z:Ref="i96"/><Inertial z:Ref="i70"/><Joint z:Ref="i103"/><NameAttribute z:Ref="i69"/><Parent z:Ref="i1"/><STLQualityFine>false</STLQualityFine><SWComponentPIDs xmlns:a="http://schemas.microsoft.com/2003/10/Serialization/Arrays"><a:base64Binary>OEoAAAUAAAD//v9oUAA3ADUAXwBfAF8AXwBfAF8ALgAuAF8AXwBfAF8AKAAxACkALQAxAC0AMQBAANtWuWViXzmCxYhNkf5WLwBQADcANQBfAFgAMgBfADYAMwBhADgAOABmAGQAYgA1ADYANgA4ADYAYwBhADEANwBmADUAMQA3AGYANgA5ADQAZQAwADkANwBlAGYANAA1ADYAZgBlAF8AWAAwAF8AXwAxADMALQAxAEAAUAA3ADUAXwBfAF8AXwBfAF8ALgAuAF8AXwBfAF8AKAAxACkALQAxAAQAAAAQAAAAAQAAAAIAAAAgAAAALwAAAA==</a:base64Binary></SWComponentPIDs><SWMainComponentPID i:nil="true"/><Visual z:Ref="i83"/><isFixedFrame>false</isFixedFrame><isIncomplete>false</isIncomplete></Link></Children><Collision z:Ref="i29"/><Inertial z:Ref="i3"/><Joint z:Ref="i36"/><NameAttribute z:Ref="i2"/><Parent i:nil="true"/><STLQualityFine>false</STLQualityFine><SWComponentPIDs xmlns:a="http://schemas.microsoft.com/2003/10/Serialization/Arrays"><a:base64Binary>OEoAAAUAAAD//v8RYwBoAHUAYQBuAHQAaQAtADEAQADbVrllYl85gsWITZH+VgQAAAAQAAAAAQAAAAEAAAAjAAAA</a:base64Binary></SWComponentPIDs><SWMainComponentPID i:nil="true"/><Visual z:Ref="i16"/><isFixedFrame>false</isFixedFrame><isIncomplete>false</isIncomplete></Link>
2026-09-18 11:23:49,991 INFO  LinkNode.cs: 35 - Building node base_link
2026-09-18 11:23:49,991 INFO  LinkNode.cs: 35 - Building node thruster1_Link
2026-09-18 11:23:49,991 INFO  CommonSwOperations.cs: 221 - Loading SolidWorks components for base_link from D:\Desktop\HU501urdf\ËÄ·½ÐÎ´¬×°ÅäÍ¼.SLDASM
2026-09-18 11:23:49,993 INFO  CommonSwOperations.cs: 245 - Loading component with PID 8J     ???c h u a n t i - 1 @ ?V?eb_9???M??V            #   
2026-09-18 11:23:50,024 INFO  CommonSwOperations.cs: 254 - Successfully loaded component D:\Desktop\HU501urdf\chuanti.SLDPRT
2026-09-18 11:23:50,024 INFO  CommonSwOperations.cs: 230 - Loaded 1 components for link base_link
2026-09-18 11:23:50,024 INFO  CommonSwOperations.cs: 221 - Loading SolidWorks components for thruster1_Link from D:\Desktop\HU501urdf\ËÄ·½ÐÎ´¬×°ÅäÍ¼.SLDASM
2026-09-18 11:23:50,024 INFO  CommonSwOperations.cs: 245 - Loading component with PID 8J     ???hP 7 5 _ _ _ _ _ _ . . _ _ _ _ ( 1 ) - 1 - 1 @ ?V?eb_9???M??V/ P 7 5 _ X 2 _ 6 3 a 8 8 f d b 5 6 6 8 6 c a 1 7 f 5 1 7 f 6 9 4 e 0 9 7 e f 4 5 6 f e _ X 0 _ _ 1 3 - 1 @ P 7 5 _ _ _ _ _ _ . . _ _ _ _ ( 1 ) - 1                 /   
2026-09-18 11:23:50,024 INFO  CommonSwOperations.cs: 254 - Successfully loaded component D:\Desktop\HU501urdf\P75_X2_63a88fdb56686ca17f517f694e097ef456fe_X0__13.SLDPRT
2026-09-18 11:23:50,024 INFO  CommonSwOperations.cs: 230 - Loaded 1 components for link thruster1_Link
2026-09-18 11:23:50,044 INFO  SwAddin.cs: 344 - Showing property manager
2026-09-18 11:24:11,998 INFO  ExportPropertyManager.cs: 1136 - OnNumberBoxTrackingCompleted called. This method no longer throws an Exception. It just silently does nothing. Ok, except for this logging message
2026-09-18 11:24:26,527 INFO  ExportPropertyManager.cs: 1136 - OnNumberBoxTrackingCompleted called. This method no longer throws an Exception. It just silently does nothing. Ok, except for this logging message
2026-09-18 11:30:44,299 INFO  ExportPropertyManager.cs: 1018 - OnComboboxSelectionChanged called. This method no longer throws an Exception. It just silently does nothing. Ok, except for this logging message
2026-09-18 11:31:06,561 INFO  ExportPropertyManager.cs: 1018 - OnComboboxSelectionChanged called. This method no longer throws an Exception. It just silently does nothing. Ok, except for this logging message
2026-09-18 11:31:37,907 INFO  ExportPropertyManager.cs: 1018 - OnComboboxSelectionChanged called. This method no longer throws an Exception. It just silently does nothing. Ok, except for this logging message
2026-09-18 11:32:02,203 INFO  ExportPropertyManager.cs: 1018 - OnComboboxSelectionChanged called. This method no longer throws an Exception. It just silently does nothing. Ok, except for this logging message
2026-09-18 11:32:03,725 INFO  ExportPropertyManager.cs: 1018 - OnComboboxSelectionChanged called. This method no longer throws an Exception. It just silently does nothing. Ok, except for this logging message
2026-09-18 11:32:34,694 INFO  ExportPropertyManager.cs: 422 - Configuration saved
2026-09-18 11:32:34,695 INFO  ConfigurationSerialization.cs: 276 - URDF Configuration found
<Link z:Id="i1" xmlns="http://schemas.datacontract.org/2004/07/SW2URDF" xmlns:i="http://www.w3.org/2001/XMLSchema-instance" xmlns:z="http://schemas.microsoft.com/2003/10/Serialization/"><Attributes><Attribute z:Id="i2"><AttributeType>name</AttributeType><IsRequired>true</IsRequired><Value i:type="a:string" xmlns:a="http://www.w3.org/2001/XMLSchema">base_link</Value></Attribute></Attributes><ChildElements><URDFElement z:Id="i3" i:type="Inertial"><Attributes/><ChildElements><URDFElement z:Id="i4" i:type="Origin"><Attributes><Attribute z:Id="i5"><AttributeType>xyz</AttributeType><IsRequired>true</IsRequired><Value i:type="a:ArrayOfdouble" xmlns:a="http://schemas.microsoft.com/2003/10/Serialization/Arrays"><a:double>0</a:double><a:double>0</a:double><a:double>0</a:double></Value></Attribute><Attribute z:Id="i6"><AttributeType>rpy</AttributeType><IsRequired>true</IsRequired><Value i:type="a:ArrayOfdouble" xmlns:a="http://schemas.microsoft.com/2003/10/Serialization/Arrays"><a:double>0</a:double><a:double>0</a:double><a:double>0</a:double></Value></Attribute></Attributes><ChildElements/><ElementName>origin</ElementName><required>false</required><RPYAttribute z:Ref="i6"/><XYZAttribute z:Ref="i5"/><isCustomized>false</isCustomized></URDFElement><URDFElement z:Id="i7" i:type="Mass"><Attributes><Attribute z:Id="i8"><AttributeType>value</AttributeType><IsRequired>true</IsRequired><Value i:type="a:double" xmlns:a="http://www.w3.org/2001/XMLSchema">0</Value></Attribute></Attributes><ChildElements/><ElementName>mass</ElementName><required>false</required><ValueAttribute z:Ref="i8"/></URDFElement><URDFElement z:Id="i9" i:type="Inertia"><Attributes><Attribute z:Id="i10"><AttributeType>ixx</AttributeType><IsRequired>true</IsRequired><Value i:type="a:double" xmlns:a="http://www.w3.org/2001/XMLSchema">0</Value></Attribute><Attribute z:Id="i11"><AttributeType>ixy</AttributeType><IsRequired>true</IsRequired><Value i:type="a:double" xmlns:a="http://www.w3.org/2001/XMLSchema">0</Value></Attribute><Attribute z:Id="i12"><AttributeType>ixz</AttributeType><IsRequired>true</IsRequired><Value i:type="a:double" xmlns:a="http://www.w3.org/2001/XMLSchema">0</Value></Attribute><Attribute z:Id="i13"><AttributeType>iyy</AttributeType><IsRequired>true</IsRequired><Value i:type="a:double" xmlns:a="http://www.w3.org/2001/XMLSchema">0</Value></Attribute><Attribute z:Id="i14"><AttributeType>iyz</AttributeType><IsRequired>true</IsRequired><Value i:type="a:double" xmlns:a="http://www.w3.org/2001/XMLSchema">0</Value></Attribute><Attribute z:Id="i15"><AttributeType>izz</AttributeType><IsRequired>true</IsRequired><Value i:type="a:double" xmlns:a="http://www.w3.org/2001/XMLSchema">0</Value></Attribute></Attributes><ChildElements/><ElementName>inertia</ElementName><required>false</required><IxxAttribute z:Ref="i10"/><IxyAttribute z:Ref="i11"/><IxzAttribute z:Ref="i12"/><IyyAttribute z:Ref="i13"/><IyzAttribute z:Ref="i14"/><IzzAttribute z:Ref="i15"/></URDFElement></ChildElements><ElementName>inertial</ElementName><required>false</required><Inertia z:Ref="i9"/><Mass z:Ref="i7"/><Origin z:Ref="i4"/></URDFElement><URDFElement z:Id="i16" i:type="Visual"><Attributes/><ChildElements><URDFElement z:Id="i17" i:type="Origin"><Attributes><Attribute z:Id="i18"><AttributeType>xyz</AttributeType><IsRequired>true</IsRequired><Value i:type="a:ArrayOfdouble" xmlns:a="http://schemas.microsoft.com/2003/10/Serialization/Arrays"><a:double>0</a:double><a:double>0</a:double><a:double>0</a:double></Value></Attribute><Attribute z:Id="i19"><AttributeType>rpy</AttributeType><IsRequired>true</IsRequired><Value i:type="a:ArrayOfdouble" xmlns:a="http://schemas.microsoft.com/2003/10/Serialization/Arrays"><a:double>0</a:double><a:double>0</a:double><a:double>0</a:double></Value></Attribute></Attributes><ChildElements/><ElementName>origin</ElementName><required>false</required><RPYAttribute z:Ref="i19"/><XYZAttribute z:Ref="i18"/><isCustomized>false</isCustomized></URDFElement><URDFElement z:Id="i20" i:type="Geometry"><Attributes/><ChildElements><URDFElement z:Id="i21" i:type="Mesh"><Attributes><Attribute z:Id="i22"><AttributeType>filename</AttributeType><IsRequired>true</IsRequired><Value i:nil="true"/></Attribute></Attributes><ChildElements/><ElementName>mesh</ElementName><required>false</required><FilenameAttribute z:Ref="i22"/></URDFElement></ChildElements><ElementName>geometry</ElementName><required>true</required><Mesh z:Ref="i21"/></URDFElement><URDFElement z:Id="i23" i:type="Material"><Attributes><Attribute z:Id="i24"><AttributeType>name</AttributeType><IsRequired>true</IsRequired><Value i:type="a:string" xmlns:a="http://www.w3.org/2001/XMLSchema"/></Attribute></Attributes><ChildElements><URDFElement z:Id="i25" i:type="Color"><Attributes><Attribute z:Id="i26"><AttributeType>rgba</AttributeType><IsRequired>true</IsRequired><Value i:type="a:ArrayOfdouble" xmlns:a="http://schemas.microsoft.com/2003/10/Serialization/Arrays"><a:double>1</a:double><a:double>1</a:double><a:double>1</a:double><a:double>1</a:double></Value></Attribute></Attributes><ChildElements/><ElementName>color</ElementName><required>false</required><RGBAAttribute z:Ref="i26"/></URDFElement><URDFElement z:Id="i27" i:type="Texture"><Attributes><Attribute z:Id="i28"><AttributeType>filename</AttributeType><IsRequired>true</IsRequired><Value i:nil="true"/></Attribute></Attributes><ChildElements/><ElementName>texture</ElementName><required>false</required><FilenameAttribute z:Ref="i28"/><wFilename/></URDFElement></ChildElements><ElementName>material</ElementName><required>false</required><Color z:Ref="i25"/><NameAttribute z:Ref="i24"/><Texture z:Ref="i27"/></URDFElement></ChildElements><ElementName>visual</ElementName><required>false</required><Geometry z:Ref="i20"/><Material z:Ref="i23"/><Origin z:Ref="i17"/></URDFElement><URDFElement z:Id="i29" i:type="Collision"><Attributes/><ChildElements><URDFElement z:Id="i30" i:type="Origin"><Attributes><Attribute z:Id="i31"><AttributeType>xyz</AttributeType><IsRequired>true</IsRequired><Value i:type="a:ArrayOfdouble" xmlns:a="http://schemas.microsoft.com/2003/10/Serialization/Arrays"><a:double>0</a:double><a:double>0</a:double><a:double>0</a:double></Value></Attribute><Attribute z:Id="i32"><AttributeType>rpy</AttributeType><IsRequired>true</IsRequired><Value i:type="a:ArrayOfdouble" xmlns:a="http://schemas.microsoft.com/2003/10/Serialization/Arrays"><a:double>0</a:double><a:double>0</a:double><a:double>0</a:double></Value></Attribute></Attributes><ChildElements/><ElementName>origin</ElementName><required>false</required><RPYAttribute z:Ref="i32"/><XYZAttribute z:Ref="i31"/><isCustomized>false</isCustomized></URDFElement><URDFElement z:Id="i33" i:type="Geometry"><Attributes/><ChildElements><URDFElement z:Id="i34" i:type="Mesh"><Attributes><Attribute z:Id="i35"><AttributeType>filename</AttributeType><IsRequired>true</IsRequired><Value i:nil="true"/></Attribute></Attributes><ChildElements/><ElementName>mesh</ElementName><required>false</required><FilenameAttribute z:Ref="i35"/></URDFElement></ChildElements><ElementName>geometry</ElementName><required>true</required><Mesh z:Ref="i34"/></URDFElement></ChildElements><ElementName>collision</ElementName><required>false</required><Geometry z:Ref="i33"/><Origin z:Ref="i30"/></URDFElement><URDFElement z:Id="i36" i:type="Joint"><Attributes><Attribute z:Id="i37"><AttributeType>name</AttributeType><IsRequired>true</IsRequired><Value i:type="a:string" xmlns:a="http://www.w3.org/2001/XMLSchema"/></Attribute><Attribute z:Id="i38"><AttributeType>type</AttributeType><IsRequired>true</IsRequired><Value i:type="a:string" xmlns:a="http://www.w3.org/2001/XMLSchema"/></Attribute></Attributes><ChildElements><URDFElement z:Id="i39" i:type="Origin"><Attributes><Attribute z:Id="i40"><AttributeType>xyz</AttributeType><IsRequired>true</IsRequired><Value i:type="a:ArrayOfdouble" xmlns:a="http://schemas.microsoft.com/2003/10/Serialization/Arrays"><a:double>0</a:double><a:double>0</a:double><a:double>0</a:double></Value></Attribute><Attribute z:Id="i41"><AttributeType>rpy</AttributeType><IsRequired>true</IsRequired><Value i:type="a:ArrayOfdouble" xmlns:a="http://schemas.microsoft.com/2003/10/Serialization/Arrays"><a:double>0</a:double><a:double>0</a:double><a:double>0</a:double></Value></Attribute></Attributes><ChildElements/><ElementName>origin</ElementName><required>false</required><RPYAttribute z:Ref="i41"/><XYZAttribute z:Ref="i40"/><isCustomized>false</isCustomized></URDFElement><URDFElement z:Id="i42" i:type="ParentLink"><Attributes><Attribute z:Id="i43"><AttributeType>link</AttributeType><IsRequired>true</IsRequired><Value i:type="a:string" xmlns:a="http://www.w3.org/2001/XMLSchema"/></Attribute></Attributes><ChildElements/><ElementName>parent</ElementName><required>true</required><NameAttribute z:Ref="i43"/></URDFElement><URDFElement z:Id="i44" i:type="ChildLink"><Attributes><Attribute z:Id="i45"><AttributeType>link</AttributeType><IsRequired>true</IsRequired><Value i:type="a:string" xmlns:a="http://www.w3.org/2001/XMLSchema"/></Attribute></Attributes><ChildElements/><ElementName>child</ElementName><required>true</required><NameAttribute z:Ref="i45"/></URDFElement><URDFElement z:Id="i46" i:type="Axis"><Attributes><Attribute z:Id="i47"><AttributeType>xyz</AttributeType><IsRequired>true</IsRequired><Value i:type="a:ArrayOfdouble" xmlns:a="http://schemas.microsoft.com/2003/10/Serialization/Arrays"><a:double>0</a:double><a:double>0</a:double><a:double>0</a:double></Value></Attribute></Attributes><ChildElements/><ElementName>axis</ElementName><required>false</required><XYZAttribute z:Ref="i47"/></URDFElement><URDFElement z:Id="i48" i:type="Limit"><Attributes><Attribute z:Id="i49"><AttributeType>lower</AttributeType><IsRequired>false</IsRequired><Value i:nil="true"/></Attribute><Attribute z:Id="i50"><AttributeType>upper</AttributeType><IsRequired>false</IsRequired><Value i:nil="true"/></Attribute><Attribute z:Id="i51"><AttributeType>effort</AttributeType><IsRequired>true</IsRequired><Value i:nil="true"/></Attribute><Attribute z:Id="i52"><AttributeType>velocity</AttributeType><IsRequired>true</IsRequired><Value i:nil="true"/></Attribute></Attributes><ChildElements/><ElementName>limit</ElementName><required>false</required><EffortAttribute z:Ref="i51"/><LowerAttribute z:Ref="i49"/><UpperAttribute z:Ref="i50"/><VelocityAttribute z:Ref="i52"/></URDFElement><URDFElement z:Id="i53" i:type="Calibration"><Attributes><Attribute z:Id="i54"><AttributeType>rising</AttributeType><IsRequired>false</IsRequired><Value i:nil="true"/></Attribute><Attribute z:Id="i55"><AttributeType>falling</AttributeType><IsRequired>false</IsRequired><Value i:nil="true"/></Attribute></Attributes><ChildElements/><ElementName>calibration</ElementName><required>false</required><FallingAttribute z:Ref="i55"/><RisingAttribute z:Ref="i54"/></URDFElement><URDFElement z:Id="i56" i:type="Dynamics"><Attributes><Attribute z:Id="i57"><AttributeType>damping</AttributeType><IsRequired>false</IsRequired><Value i:nil="true"/></Attribute><Attribute z:Id="i58"><AttributeType>friction</AttributeType><IsRequired>false</IsRequired><Value i:nil="true"/></Attribute></Attributes><ChildElements/><ElementName>dynamics</ElementName><required>false</required><DampingAttribute z:Ref="i57"/><FrictionAttribute z:Ref="i58"/></URDFElement><URDFElement z:Id="i59" i:type="SafetyController"><Attributes><Attribute z:Id="i60"><AttributeType>soft_upper_limit</AttributeType><IsRequired>false</IsRequired><Value i:nil="true"/></Attribute><Attribute z:Id="i61"><AttributeType>soft_lower_limit</AttributeType><IsRequired>false</IsRequired><Value i:nil="true"/></Attribute><Attribute z:Id="i62"><AttributeType>k_position</AttributeType><IsRequired>false</IsRequired><Value i:nil="true"/></Attribute><Attribute z:Id="i63"><AttributeType>k_velocity</AttributeType><IsRequired>true</IsRequired><Value i:nil="true"/></Attribute></Attributes><ChildElements/><ElementName>safety_controller</ElementName><required>false</required><KPositionAttribute z:Ref="i62"/><KVelocityAttribute z:Ref="i63"/><SoftLowerAttribute z:Ref="i61"/><SoftUpperAttribute z:Ref="i60"/></URDFElement><URDFElement z:Id="i64" i:type="Mimic"><Attributes><Attribute z:Id="i65"><AttributeType>joint</AttributeType><IsRequired>true</IsRequired><Value i:nil="true"/></Attribute><Attribute z:Id="i66"><AttributeType>multiplier</AttributeType><IsRequired>false</IsRequired><Value i:nil="true"/></Attribute><Attribute z:Id="i67"><AttributeType>offset</AttributeType><IsRequired>false</IsRequired><Value i:nil="true"/></Attribute></Attributes><ChildElements/><ElementName>mimic</ElementName><required>false</required><JointNameAttribute z:Ref="i65"/><MultiplierAttribute z:Ref="i66"/><OffsetAttribute z:Ref="i67"/></URDFElement></ChildElements><ElementName>joint</ElementName><required>false</required><Axis z:Ref="i46"/><AxisName/><Calibration z:Ref="i53"/><Child z:Ref="i44"/><CoordinateSystemName>Automatically Generate</CoordinateSystemName><Dynamics z:Ref="i56"/><Limit z:Ref="i48"/><Mimic z:Ref="i64"/><NameAttribute z:Ref="i37"/><Origin z:Ref="i39"/><Parent z:Ref="i42"/><Safety z:Ref="i59"/><TypeAttribute z:Ref="i38"/></URDFElement></ChildElements><ElementName>link</ElementName><required>true</required><Children><Link z:Id="i68"><Attributes><Attribute z:Id="i69"><AttributeType>name</AttributeType><IsRequired>true</IsRequired><Value i:type="a:string" xmlns:a="http://www.w3.org/2001/XMLSchema">thruster1_Link</Value></Attribute></Attributes><ChildElements><URDFElement z:Id="i70" i:type="Inertial"><Attributes/><ChildElements><URDFElement z:Id="i71" i:type="Origin"><Attributes><Attribute z:Id="i72"><AttributeType>xyz</AttributeType><IsRequired>true</IsRequired><Value i:type="a:ArrayOfdouble" xmlns:a="http://schemas.microsoft.com/2003/10/Serialization/Arrays"><a:double>0</a:double><a:double>0</a:double><a:double>0</a:double></Value></Attribute><Attribute z:Id="i73"><AttributeType>rpy</AttributeType><IsRequired>true</IsRequired><Value i:type="a:ArrayOfdouble" xmlns:a="http://schemas.microsoft.com/2003/10/Serialization/Arrays"><a:double>0</a:double><a:double>0</a:double><a:double>0</a:double></Value></Attribute></Attributes><ChildElements/><ElementName>origin</ElementName><required>false</required><RPYAttribute z:Ref="i73"/><XYZAttribute z:Ref="i72"/><isCustomized>false</isCustomized></URDFElement><URDFElement z:Id="i74" i:type="Mass"><Attributes><Attribute z:Id="i75"><AttributeType>value</AttributeType><IsRequired>true</IsRequired><Value i:type="a:double" xmlns:a="http://www.w3.org/2001/XMLSchema">0</Value></Attribute></Attributes><ChildElements/><ElementName>mass</ElementName><required>false</required><ValueAttribute z:Ref="i75"/></URDFElement><URDFElement z:Id="i76" i:type="Inertia"><Attributes><Attribute z:Id="i77"><AttributeType>ixx</AttributeType><IsRequired>true</IsRequired><Value i:type="a:double" xmlns:a="http://www.w3.org/2001/XMLSchema">0</Value></Attribute><Attribute z:Id="i78"><AttributeType>ixy</AttributeType><IsRequired>true</IsRequired><Value i:type="a:double" xmlns:a="http://www.w3.org/2001/XMLSchema">0</Value></Attribute><Attribute z:Id="i79"><AttributeType>ixz</AttributeType><IsRequired>true</IsRequired><Value i:type="a:double" xmlns:a="http://www.w3.org/2001/XMLSchema">0</Value></Attribute><Attribute z:Id="i80"><AttributeType>iyy</AttributeType><IsRequired>true</IsRequired><Value i:type="a:double" xmlns:a="http://www.w3.org/2001/XMLSchema">0</Value></Attribute><Attribute z:Id="i81"><AttributeType>iyz</AttributeType><IsRequired>true</IsRequired><Value i:type="a:double" xmlns:a="http://www.w3.org/2001/XMLSchema">0</Value></Attribute><Attribute z:Id="i82"><AttributeType>izz</AttributeType><IsRequired>true</IsRequired><Value i:type="a:double" xmlns:a="http://www.w3.org/2001/XMLSchema">0</Value></Attribute></Attributes><ChildElements/><ElementName>inertia</ElementName><required>false</required><IxxAttribute z:Ref="i77"/><IxyAttribute z:Ref="i78"/><IxzAttribute z:Ref="i79"/><IyyAttribute z:Ref="i80"/><IyzAttribute z:Ref="i81"/><IzzAttribute z:Ref="i82"/></URDFElement></ChildElements><ElementName>inertial</ElementName><required>false</required><Inertia z:Ref="i76"/><Mass z:Ref="i74"/><Origin z:Ref="i71"/></URDFElement><URDFElement z:Id="i83" i:type="Visual"><Attributes/><ChildElements><URDFElement z:Id="i84" i:type="Origin"><Attributes><Attribute z:Id="i85"><AttributeType>xyz</AttributeType><IsRequired>true</IsRequired><Value i:type="a:ArrayOfdouble" xmlns:a="http://schemas.microsoft.com/2003/10/Serialization/Arrays"><a:double>0</a:double><a:double>0</a:double><a:double>0</a:double></Value></Attribute><Attribute z:Id="i86"><AttributeType>rpy</AttributeType><IsRequired>true</IsRequired><Value i:type="a:ArrayOfdouble" xmlns:a="http://schemas.microsoft.com/2003/10/Serialization/Arrays"><a:double>0</a:double><a:double>0</a:double><a:double>0</a:double></Value></Attribute></Attributes><ChildElements/><ElementName>origin</ElementName><required>false</required><RPYAttribute z:Ref="i86"/><XYZAttribute z:Ref="i85"/><isCustomized>false</isCustomized></URDFElement><URDFElement z:Id="i87" i:type="Geometry"><Attributes/><ChildElements><URDFElement z:Id="i88" i:type="Mesh"><Attributes><Attribute z:Id="i89"><AttributeType>filename</AttributeType><IsRequired>true</IsRequired><Value i:nil="true"/></Attribute></Attributes><ChildElements/><ElementName>mesh</ElementName><required>false</required><FilenameAttribute z:Ref="i89"/></URDFElement></ChildElements><ElementName>geometry</ElementName><required>true</required><Mesh z:Ref="i88"/></URDFElement><URDFElement z:Id="i90" i:type="Material"><Attributes><Attribute z:Id="i91"><AttributeType>name</AttributeType><IsRequired>true</IsRequired><Value i:type="a:string" xmlns:a="http://www.w3.org/2001/XMLSchema"/></Attribute></Attributes><ChildElements><URDFElement z:Id="i92" i:type="Color"><Attributes><Attribute z:Id="i93"><AttributeType>rgba</AttributeType><IsRequired>true</IsRequired><Value i:type="a:ArrayOfdouble" xmlns:a="http://schemas.microsoft.com/2003/10/Serialization/Arrays"><a:double>1</a:double><a:double>1</a:double><a:double>1</a:double><a:double>1</a:double></Value></Attribute></Attributes><ChildElements/><ElementName>color</ElementName><required>false</required><RGBAAttribute z:Ref="i93"/></URDFElement><URDFElement z:Id="i94" i:type="Texture"><Attributes><Attribute z:Id="i95"><AttributeType>filename</AttributeType><IsRequired>true</IsRequired><Value i:nil="true"/></Attribute></Attributes><ChildElements/><ElementName>texture</ElementName><required>false</required><FilenameAttribute z:Ref="i95"/><wFilename/></URDFElement></ChildElements><ElementName>material</ElementName><required>false</required><Color z:Ref="i92"/><NameAttribute z:Ref="i91"/><Texture z:Ref="i94"/></URDFElement></ChildElements><ElementName>visual</ElementName><required>false</required><Geometry z:Ref="i87"/><Material z:Ref="i90"/><Origin z:Ref="i84"/></URDFElement><URDFElement z:Id="i96" i:type="Collision"><Attributes/><ChildElements><URDFElement z:Id="i97" i:type="Origin"><Attributes><Attribute z:Id="i98"><AttributeType>xyz</AttributeType><IsRequired>true</IsRequired><Value i:type="a:ArrayOfdouble" xmlns:a="http://schemas.microsoft.com/2003/10/Serialization/Arrays"><a:double>0</a:double><a:double>0</a:double><a:double>0</a:double></Value></Attribute><Attribute z:Id="i99"><AttributeType>rpy</AttributeType><IsRequired>true</IsRequired><Value i:type="a:ArrayOfdouble" xmlns:a="http://schemas.microsoft.com/2003/10/Serialization/Arrays"><a:double>0</a:double><a:double>0</a:double><a:double>0</a:double></Value></Attribute></Attributes><ChildElements/><ElementName>origin</ElementName><required>false</required><RPYAttribute z:Ref="i99"/><XYZAttribute z:Ref="i98"/><isCustomized>false</isCustomized></URDFElement><URDFElement z:Id="i100" i:type="Geometry"><Attributes/><ChildElements><URDFElement z:Id="i101" i:type="Mesh"><Attributes><Attribute z:Id="i102"><AttributeType>filename</AttributeType><IsRequired>true</IsRequired><Value i:nil="true"/></Attribute></Attributes><ChildElements/><ElementName>mesh</ElementName><required>false</required><FilenameAttribute z:Ref="i102"/></URDFElement></ChildElements><ElementName>geometry</ElementName><required>true</required><Mesh z:Ref="i101"/></URDFElement></ChildElements><ElementName>collision</ElementName><required>false</required><Geometry z:Ref="i100"/><Origin z:Ref="i97"/></URDFElement><URDFElement z:Id="i103" i:type="Joint"><Attributes><Attribute z:Id="i104"><AttributeType>name</AttributeType><IsRequired>true</IsRequired><Value i:type="a:string" xmlns:a="http://www.w3.org/2001/XMLSchema"/></Attribute><Attribute z:Id="i105"><AttributeType>type</AttributeType><IsRequired>true</IsRequired><Value i:type="a:string" xmlns:a="http://www.w3.org/2001/XMLSchema">Automatically Detect</Value></Attribute></Attributes><ChildElements><URDFElement z:Id="i106" i:type="Origin"><Attributes><Attribute z:Id="i107"><AttributeType>xyz</AttributeType><IsRequired>true</IsRequired><Value i:type="a:ArrayOfdouble" xmlns:a="http://schemas.microsoft.com/2003/10/Serialization/Arrays"><a:double>0</a:double><a:double>0</a:double><a:double>0</a:double></Value></Attribute><Attribute z:Id="i108"><AttributeType>rpy</AttributeType><IsRequired>true</IsRequired><Value i:type="a:ArrayOfdouble" xmlns:a="http://schemas.microsoft.com/2003/10/Serialization/Arrays"><a:double>0</a:double><a:double>0</a:double><a:double>0</a:double></Value></Attribute></Attributes><ChildElements/><ElementName>origin</ElementName><required>false</required><RPYAttribute z:Ref="i108"/><XYZAttribute z:Ref="i107"/><isCustomized>false</isCustomized></URDFElement><URDFElement z:Id="i109" i:type="ParentLink"><Attributes><Attribute z:Id="i110"><AttributeType>link</AttributeType><IsRequired>true</IsRequired><Value i:type="a:string" xmlns:a="http://www.w3.org/2001/XMLSchema"/></Attribute></Attributes><ChildElements/><ElementName>parent</ElementName><required>true</required><NameAttribute z:Ref="i110"/></URDFElement><URDFElement z:Id="i111" i:type="ChildLink"><Attributes><Attribute z:Id="i112"><AttributeType>link</AttributeType><IsRequired>true</IsRequired><Value i:type="a:string" xmlns:a="http://www.w3.org/2001/XMLSchema"/></Attribute></Attributes><ChildElements/><ElementName>child</ElementName><required>true</required><NameAttribute z:Ref="i112"/></URDFElement><URDFElement z:Id="i113" i:type="Axis"><Attributes><Attribute z:Id="i114"><AttributeType>xyz</AttributeType><IsRequired>true</IsRequired><Value i:type="a:ArrayOfdouble" xmlns:a="http://schemas.microsoft.com/2003/10/Serialization/Arrays"><a:double>0</a:double><a:double>0</a:double><a:double>0</a:double></Value></Attribute></Attributes><ChildElements/><ElementName>axis</ElementName><required>false</required><XYZAttribute z:Ref="i114"/></URDFElement><URDFElement z:Id="i115" i:type="Limit"><Attributes><Attribute z:Id="i116"><AttributeType>lower</AttributeType><IsRequired>false</IsRequired><Value i:nil="true"/></Attribute><Attribute z:Id="i117"><AttributeType>upper</AttributeType><IsRequired>false</IsRequired><Value i:nil="true"/></Attribute><Attribute z:Id="i118"><AttributeType>effort</AttributeType><IsRequired>true</IsRequired><Value i:nil="true"/></Attribute><Attribute z:Id="i119"><AttributeType>velocity</AttributeType><IsRequired>true</IsRequired><Value i:nil="true"/></Attribute></Attributes><ChildElements/><ElementName>limit</ElementName><required>false</required><EffortAttribute z:Ref="i118"/><LowerAttribute z:Ref="i116"/><UpperAttribute z:Ref="i117"/><VelocityAttribute z:Ref="i119"/></URDFElement><URDFElement z:Id="i120" i:type="Calibration"><Attributes><Attribute z:Id="i121"><AttributeType>rising</AttributeType><IsRequired>false</IsRequired><Value i:nil="true"/></Attribute><Attribute z:Id="i122"><AttributeType>falling</AttributeType><IsRequired>false</IsRequired><Value i:nil="true"/></Attribute></Attributes><ChildElements/><ElementName>calibration</ElementName><required>false</required><FallingAttribute z:Ref="i122"/><RisingAttribute z:Ref="i121"/></URDFElement><URDFElement z:Id="i123" i:type="Dynamics"><Attributes><Attribute z:Id="i124"><AttributeType>damping</AttributeType><IsRequired>false</IsRequired><Value i:nil="true"/></Attribute><Attribute z:Id="i125"><AttributeType>friction</AttributeType><IsRequired>false</IsRequired><Value i:nil="true"/></Attribute></Attributes><ChildElements/><ElementName>dynamics</ElementName><required>false</required><DampingAttribute z:Ref="i124"/><FrictionAttribute z:Ref="i125"/></URDFElement><URDFElement z:Id="i126" i:type="SafetyController"><Attributes><Attribute z:Id="i127"><AttributeType>soft_upper_limit</AttributeType><IsRequired>false</IsRequired><Value i:nil="true"/></Attribute><Attribute z:Id="i128"><AttributeType>soft_lower_limit</AttributeType><IsRequired>false</IsRequired><Value i:nil="true"/></Attribute><Attribute z:Id="i129"><AttributeType>k_position</AttributeType><IsRequired>false</IsRequired><Value i:nil="true"/></Attribute><Attribute z:Id="i130"><AttributeType>k_velocity</AttributeType><IsRequired>true</IsRequired><Value i:nil="true"/></Attribute></Attributes><ChildElements/><ElementName>safety_controller</ElementName><required>false</required><KPositionAttribute z:Ref="i129"/><KVelocityAttribute z:Ref="i130"/><SoftLowerAttribute z:Ref="i128"/><SoftUpperAttribute z:Ref="i127"/></URDFElement><URDFElement z:Id="i131" i:type="Mimic"><Attributes><Attribute z:Id="i132"><AttributeType>joint</AttributeType><IsRequired>true</IsRequired><Value i:nil="true"/></Attribute><Attribute z:Id="i133"><AttributeType>multiplier</AttributeType><IsRequired>false</IsRequired><Value i:nil="true"/></Attribute><Attribute z:Id="i134"><AttributeType>offset</AttributeType><IsRequired>false</IsRequired><Value i:nil="true"/></Attribute></Attributes><ChildElements/><ElementName>mimic</ElementName><required>false</required><JointNameAttribute z:Ref="i132"/><MultiplierAttribute z:Ref="i133"/><OffsetAttribute z:Ref="i134"/></URDFElement></ChildElements><ElementName>joint</ElementName><required>false</required><Axis z:Ref="i113"/><AxisName>Automatically Generate</AxisName><Calibration z:Ref="i120"/><Child z:Ref="i111"/><CoordinateSystemName>Automatically Generate</CoordinateSystemName><Dynamics z:Ref="i123"/><Limit z:Ref="i115"/><Mimic z:Ref="i131"/><NameAttribute z:Ref="i104"/><Origin z:Ref="i106"/><Parent z:Ref="i109"/><Safety z:Ref="i126"/><TypeAttribute z:Ref="i105"/></URDFElement></ChildElements><ElementName>link</ElementName><required>true</required><Children/><Collision z:Ref="i96"/><Inertial z:Ref="i70"/><Joint z:Ref="i103"/><NameAttribute z:Ref="i69"/><Parent z:Ref="i1"/><STLQualityFine>false</STLQualityFine><SWComponentPIDs xmlns:a="http://schemas.microsoft.com/2003/10/Serialization/Arrays"><a:base64Binary>OEoAAAUAAAD//v9oUAA3ADUAXwBfAF8AXwBfAF8ALgAuAF8AXwBfAF8AKAAxACkALQAxAC0AMQBAANtWuWViXzmCxYhNkf5WLwBQADcANQBfAFgAMgBfADYAMwBhADgAOABmAGQAYgA1ADYANgA4ADYAYwBhADEANwBmADUAMQA3AGYANgA5ADQAZQAwADkANwBlAGYANAA1ADYAZgBlAF8AWAAwAF8AXwAxADMALQAxAEAAUAA3ADUAXwBfAF8AXwBfAF8ALgAuAF8AXwBfAF8AKAAxACkALQAxAAQAAAAQAAAAAQAAAAIAAAAgAAAALwAAAA==</a:base64Binary></SWComponentPIDs><SWMainComponentPID i:nil="true"/><Visual z:Ref="i83"/><isFixedFrame>false</isFixedFrame><isIncomplete>false</isIncomplete></Link></Children><Collision z:Ref="i29"/><Inertial z:Ref="i3"/><Joint z:Ref="i36"/><NameAttribute z:Ref="i2"/><Parent i:nil="true"/><STLQualityFine>false</STLQualityFine><SWComponentPIDs xmlns:a="http://schemas.microsoft.com/2003/10/Serialization/Arrays"><a:base64Binary>OEoAAAUAAAD//v8RYwBoAHUAYQBuAHQAaQAtADEAQADbVrllYl85gsWITZH+VgQAAAAQAAAAAQAAAAEAAAAjAAAA</a:base64Binary></SWComponentPIDs><SWMainComponentPID i:nil="true"/><Visual z:Ref="i16"/><isFixedFrame>false</isFixedFrame><isIncomplete>false</isIncomplete></Link>
2026-09-18 11:32:34,770 INFO  ExportPropertyManager.cs: 1142 - AfterClose called. This method no longer throws an Exception. It just silently does nothing. Ok, except for this logging message
2026-09-18 11:32:41,590 INFO  SwAddin.cs: 294 - Assembly export called for file ËÄ·½ÐÎ´¬×°ÅäÍ¼.SLDASM
2026-09-18 11:32:41,590 INFO  SwAddin.cs: 299 - Save is required
2026-09-18 11:32:41,590 INFO  SwAddin.cs: 313 - Saving assembly
2026-09-18 11:32:41,904 INFO  SwAddin.cs: 316 - Opening property manager
2026-09-18 11:32:41,904 INFO  ExportHelperExtension.cs: 1125 - Retrieving features of type [CoordSys] from ËÄ·½ÐÎ´¬×°ÅäÍ¼.SLDASM
2026-09-18 11:32:41,904 INFO  ExportHelperExtension.cs: 1136 - Found 34 in ËÄ·½ÐÎ´¬×°ÅäÍ¼.SLDASM
2026-09-18 11:32:41,904 INFO  ExportHelperExtension.cs: 1145 - Found 0 features of type [CoordSys] in ËÄ·½ÐÎ´¬×°ÅäÍ¼.SLDASM
2026-09-18 11:32:41,904 INFO  ExportHelperExtension.cs: 1148 - Proceeding through assembly components
2026-09-18 11:32:41,904 INFO  ExportHelperExtension.cs: 1160 - 5 components to check
2026-09-18 11:32:41,904 INFO  ExportHelperExtension.cs: 1125 - Retrieving features of type [CoordSys] from P75______..____(1)-1
2026-09-18 11:32:41,904 INFO  ExportHelperExtension.cs: 1136 - Found 24 in P75______..____(1)-1
2026-09-18 11:32:41,904 INFO  ExportHelperExtension.cs: 1145 - Found 0 features of type [CoordSys] in P75______..____(1)-1
2026-09-18 11:32:41,904 INFO  ExportHelperExtension.cs: 1125 - Retrieving features of type [CoordSys] from chuanti-1
2026-09-18 11:32:41,904 INFO  ExportHelperExtension.cs: 1136 - Found 44 in chuanti-1
2026-09-18 11:32:41,904 INFO  ExportHelperExtension.cs: 1145 - Found 0 features of type [CoordSys] in chuanti-1
2026-09-18 11:32:41,904 INFO  ExportHelperExtension.cs: 1125 - Retrieving features of type [CoordSys] from P75______..____(1)-3-1
2026-09-18 11:32:41,904 INFO  ExportHelperExtension.cs: 1136 - Found 45 in P75______..____(1)-3-1
2026-09-18 11:32:41,904 INFO  ExportHelperExtension.cs: 1145 - Found 0 features of type [CoordSys] in P75______..____(1)-3-1
2026-09-18 11:32:41,904 INFO  ExportHelperExtension.cs: 1125 - Retrieving features of type [CoordSys] from P75______..____(1)-1-1
2026-09-18 11:32:41,904 INFO  ExportHelperExtension.cs: 1136 - Found 45 in P75______..____(1)-1-1
2026-09-18 11:32:41,904 INFO  ExportHelperExtension.cs: 1145 - Found 0 features of type [CoordSys] in P75______..____(1)-1-1
2026-09-18 11:32:41,904 INFO  ExportHelperExtension.cs: 1125 - Retrieving features of type [CoordSys] from Copy of ×°ÅäÌå7-2
2026-09-18 11:32:41,904 INFO  ExportHelperExtension.cs: 1136 - Found 45 in Copy of ×°ÅäÌå7-2
2026-09-18 11:32:41,904 INFO  ExportHelperExtension.cs: 1145 - Found 0 features of type [CoordSys] in Copy of ×°ÅäÌå7-2
2026-09-18 11:32:41,904 INFO  ExportHelperExtension.cs: 1125 - Retrieving features of type [RefAxis] from ËÄ·½ÐÎ´¬×°ÅäÍ¼.SLDASM
2026-09-18 11:32:41,904 INFO  ExportHelperExtension.cs: 1136 - Found 34 in ËÄ·½ÐÎ´¬×°ÅäÍ¼.SLDASM
2026-09-18 11:32:41,904 INFO  ExportHelperExtension.cs: 1145 - Found 1 features of type [RefAxis] in ËÄ·½ÐÎ´¬×°ÅäÍ¼.SLDASM
2026-09-18 11:32:41,904 INFO  ExportHelperExtension.cs: 1148 - Proceeding through assembly components
2026-09-18 11:32:41,914 INFO  ExportHelperExtension.cs: 1160 - 5 components to check
2026-09-18 11:32:41,914 INFO  ExportHelperExtension.cs: 1125 - Retrieving features of type [RefAxis] from P75______..____(1)-1
2026-09-18 11:32:41,914 INFO  ExportHelperExtension.cs: 1136 - Found 24 in P75______..____(1)-1
2026-09-18 11:32:41,914 INFO  ExportHelperExtension.cs: 1145 - Found 0 features of type [RefAxis] in P75______..____(1)-1
2026-09-18 11:32:41,915 INFO  ExportHelperExtension.cs: 1125 - Retrieving features of type [RefAxis] from chuanti-1
2026-09-18 11:32:41,916 INFO  ExportHelperExtension.cs: 1136 - Found 44 in chuanti-1
2026-09-18 11:32:41,916 INFO  ExportHelperExtension.cs: 1145 - Found 0 features of type [RefAxis] in chuanti-1
2026-09-18 11:32:41,916 INFO  ExportHelperExtension.cs: 1125 - Retrieving features of type [RefAxis] from P75______..____(1)-3-1
2026-09-18 11:32:41,916 INFO  ExportHelperExtension.cs: 1136 - Found 45 in P75______..____(1)-3-1
2026-09-18 11:32:41,916 INFO  ExportHelperExtension.cs: 1145 - Found 0 features of type [RefAxis] in P75______..____(1)-3-1
2026-09-18 11:32:41,918 INFO  ExportHelperExtension.cs: 1125 - Retrieving features of type [RefAxis] from P75______..____(1)-1-1
2026-09-18 11:32:41,918 INFO  ExportHelperExtension.cs: 1136 - Found 45 in P75______..____(1)-1-1
2026-09-18 11:32:41,918 INFO  ExportHelperExtension.cs: 1145 - Found 0 features of type [RefAxis] in P75______..____(1)-1-1
2026-09-18 11:32:41,918 INFO  ExportHelperExtension.cs: 1125 - Retrieving features of type [RefAxis] from Copy of ×°ÅäÌå7-2
2026-09-18 11:32:41,918 INFO  ExportHelperExtension.cs: 1136 - Found 45 in Copy of ×°ÅäÌå7-2
2026-09-18 11:32:41,918 INFO  ExportHelperExtension.cs: 1145 - Found 0 features of type [RefAxis] in Copy of ×°ÅäÌå7-2
2026-09-18 11:32:41,992 INFO  SwAddin.cs: 339 - Loading config tree
2026-09-18 11:32:41,992 INFO  ConfigurationSerialization.cs: 276 - URDF Configuration found
<Link z:Id="i1" xmlns="http://schemas.datacontract.org/2004/07/SW2URDF" xmlns:i="http://www.w3.org/2001/XMLSchema-instance" xmlns:z="http://schemas.microsoft.com/2003/10/Serialization/"><Attributes><Attribute z:Id="i2"><AttributeType>name</AttributeType><IsRequired>true</IsRequired><Value i:type="a:string" xmlns:a="http://www.w3.org/2001/XMLSchema">base_link</Value></Attribute></Attributes><ChildElements><URDFElement z:Id="i3" i:type="Inertial"><Attributes/><ChildElements><URDFElement z:Id="i4" i:type="Origin"><Attributes><Attribute z:Id="i5"><AttributeType>xyz</AttributeType><IsRequired>true</IsRequired><Value i:type="a:ArrayOfdouble" xmlns:a="http://schemas.microsoft.com/2003/10/Serialization/Arrays"><a:double>0</a:double><a:double>0</a:double><a:double>0</a:double></Value></Attribute><Attribute z:Id="i6"><AttributeType>rpy</AttributeType><IsRequired>true</IsRequired><Value i:type="a:ArrayOfdouble" xmlns:a="http://schemas.microsoft.com/2003/10/Serialization/Arrays"><a:double>0</a:double><a:double>0</a:double><a:double>0</a:double></Value></Attribute></Attributes><ChildElements/><ElementName>origin</ElementName><required>false</required><RPYAttribute z:Ref="i6"/><XYZAttribute z:Ref="i5"/><isCustomized>false</isCustomized></URDFElement><URDFElement z:Id="i7" i:type="Mass"><Attributes><Attribute z:Id="i8"><AttributeType>value</AttributeType><IsRequired>true</IsRequired><Value i:type="a:double" xmlns:a="http://www.w3.org/2001/XMLSchema">0</Value></Attribute></Attributes><ChildElements/><ElementName>mass</ElementName><required>false</required><ValueAttribute z:Ref="i8"/></URDFElement><URDFElement z:Id="i9" i:type="Inertia"><Attributes><Attribute z:Id="i10"><AttributeType>ixx</AttributeType><IsRequired>true</IsRequired><Value i:type="a:double" xmlns:a="http://www.w3.org/2001/XMLSchema">0</Value></Attribute><Attribute z:Id="i11"><AttributeType>ixy</AttributeType><IsRequired>true</IsRequired><Value i:type="a:double" xmlns:a="http://www.w3.org/2001/XMLSchema">0</Value></Attribute><Attribute z:Id="i12"><AttributeType>ixz</AttributeType><IsRequired>true</IsRequired><Value i:type="a:double" xmlns:a="http://www.w3.org/2001/XMLSchema">0</Value></Attribute><Attribute z:Id="i13"><AttributeType>iyy</AttributeType><IsRequired>true</IsRequired><Value i:type="a:double" xmlns:a="http://www.w3.org/2001/XMLSchema">0</Value></Attribute><Attribute z:Id="i14"><AttributeType>iyz</AttributeType><IsRequired>true</IsRequired><Value i:type="a:double" xmlns:a="http://www.w3.org/2001/XMLSchema">0</Value></Attribute><Attribute z:Id="i15"><AttributeType>izz</AttributeType><IsRequired>true</IsRequired><Value i:type="a:double" xmlns:a="http://www.w3.org/2001/XMLSchema">0</Value></Attribute></Attributes><ChildElements/><ElementName>inertia</ElementName><required>false</required><IxxAttribute z:Ref="i10"/><IxyAttribute z:Ref="i11"/><IxzAttribute z:Ref="i12"/><IyyAttribute z:Ref="i13"/><IyzAttribute z:Ref="i14"/><IzzAttribute z:Ref="i15"/></URDFElement></ChildElements><ElementName>inertial</ElementName><required>false</required><Inertia z:Ref="i9"/><Mass z:Ref="i7"/><Origin z:Ref="i4"/></URDFElement><URDFElement z:Id="i16" i:type="Visual"><Attributes/><ChildElements><URDFElement z:Id="i17" i:type="Origin"><Attributes><Attribute z:Id="i18"><AttributeType>xyz</AttributeType><IsRequired>true</IsRequired><Value i:type="a:ArrayOfdouble" xmlns:a="http://schemas.microsoft.com/2003/10/Serialization/Arrays"><a:double>0</a:double><a:double>0</a:double><a:double>0</a:double></Value></Attribute><Attribute z:Id="i19"><AttributeType>rpy</AttributeType><IsRequired>true</IsRequired><Value i:type="a:ArrayOfdouble" xmlns:a="http://schemas.microsoft.com/2003/10/Serialization/Arrays"><a:double>0</a:double><a:double>0</a:double><a:double>0</a:double></Value></Attribute></Attributes><ChildElements/><ElementName>origin</ElementName><required>false</required><RPYAttribute z:Ref="i19"/><XYZAttribute z:Ref="i18"/><isCustomized>false</isCustomized></URDFElement><URDFElement z:Id="i20" i:type="Geometry"><Attributes/><ChildElements><URDFElement z:Id="i21" i:type="Mesh"><Attributes><Attribute z:Id="i22"><AttributeType>filename</AttributeType><IsRequired>true</IsRequired><Value i:nil="true"/></Attribute></Attributes><ChildElements/><ElementName>mesh</ElementName><required>false</required><FilenameAttribute z:Ref="i22"/></URDFElement></ChildElements><ElementName>geometry</ElementName><required>true</required><Mesh z:Ref="i21"/></URDFElement><URDFElement z:Id="i23" i:type="Material"><Attributes><Attribute z:Id="i24"><AttributeType>name</AttributeType><IsRequired>true</IsRequired><Value i:type="a:string" xmlns:a="http://www.w3.org/2001/XMLSchema"/></Attribute></Attributes><ChildElements><URDFElement z:Id="i25" i:type="Color"><Attributes><Attribute z:Id="i26"><AttributeType>rgba</AttributeType><IsRequired>true</IsRequired><Value i:type="a:ArrayOfdouble" xmlns:a="http://schemas.microsoft.com/2003/10/Serialization/Arrays"><a:double>1</a:double><a:double>1</a:double><a:double>1</a:double><a:double>1</a:double></Value></Attribute></Attributes><ChildElements/><ElementName>color</ElementName><required>false</required><RGBAAttribute z:Ref="i26"/></URDFElement><URDFElement z:Id="i27" i:type="Texture"><Attributes><Attribute z:Id="i28"><AttributeType>filename</AttributeType><IsRequired>true</IsRequired><Value i:nil="true"/></Attribute></Attributes><ChildElements/><ElementName>texture</ElementName><required>false</required><FilenameAttribute z:Ref="i28"/><wFilename/></URDFElement></ChildElements><ElementName>material</ElementName><required>false</required><Color z:Ref="i25"/><NameAttribute z:Ref="i24"/><Texture z:Ref="i27"/></URDFElement></ChildElements><ElementName>visual</ElementName><required>false</required><Geometry z:Ref="i20"/><Material z:Ref="i23"/><Origin z:Ref="i17"/></URDFElement><URDFElement z:Id="i29" i:type="Collision"><Attributes/><ChildElements><URDFElement z:Id="i30" i:type="Origin"><Attributes><Attribute z:Id="i31"><AttributeType>xyz</AttributeType><IsRequired>true</IsRequired><Value i:type="a:ArrayOfdouble" xmlns:a="http://schemas.microsoft.com/2003/10/Serialization/Arrays"><a:double>0</a:double><a:double>0</a:double><a:double>0</a:double></Value></Attribute><Attribute z:Id="i32"><AttributeType>rpy</AttributeType><IsRequired>true</IsRequired><Value i:type="a:ArrayOfdouble" xmlns:a="http://schemas.microsoft.com/2003/10/Serialization/Arrays"><a:double>0</a:double><a:double>0</a:double><a:double>0</a:double></Value></Attribute></Attributes><ChildElements/><ElementName>origin</ElementName><required>false</required><RPYAttribute z:Ref="i32"/><XYZAttribute z:Ref="i31"/><isCustomized>false</isCustomized></URDFElement><URDFElement z:Id="i33" i:type="Geometry"><Attributes/><ChildElements><URDFElement z:Id="i34" i:type="Mesh"><Attributes><Attribute z:Id="i35"><AttributeType>filename</AttributeType><IsRequired>true</IsRequired><Value i:nil="true"/></Attribute></Attributes><ChildElements/><ElementName>mesh</ElementName><required>false</required><FilenameAttribute z:Ref="i35"/></URDFElement></ChildElements><ElementName>geometry</ElementName><required>true</required><Mesh z:Ref="i34"/></URDFElement></ChildElements><ElementName>collision</ElementName><required>false</required><Geometry z:Ref="i33"/><Origin z:Ref="i30"/></URDFElement><URDFElement z:Id="i36" i:type="Joint"><Attributes><Attribute z:Id="i37"><AttributeType>name</AttributeType><IsRequired>true</IsRequired><Value i:type="a:string" xmlns:a="http://www.w3.org/2001/XMLSchema"/></Attribute><Attribute z:Id="i38"><AttributeType>type</AttributeType><IsRequired>true</IsRequired><Value i:type="a:string" xmlns:a="http://www.w3.org/2001/XMLSchema"/></Attribute></Attributes><ChildElements><URDFElement z:Id="i39" i:type="Origin"><Attributes><Attribute z:Id="i40"><AttributeType>xyz</AttributeType><IsRequired>true</IsRequired><Value i:type="a:ArrayOfdouble" xmlns:a="http://schemas.microsoft.com/2003/10/Serialization/Arrays"><a:double>0</a:double><a:double>0</a:double><a:double>0</a:double></Value></Attribute><Attribute z:Id="i41"><AttributeType>rpy</AttributeType><IsRequired>true</IsRequired><Value i:type="a:ArrayOfdouble" xmlns:a="http://schemas.microsoft.com/2003/10/Serialization/Arrays"><a:double>0</a:double><a:double>0</a:double><a:double>0</a:double></Value></Attribute></Attributes><ChildElements/><ElementName>origin</ElementName><required>false</required><RPYAttribute z:Ref="i41"/><XYZAttribute z:Ref="i40"/><isCustomized>false</isCustomized></URDFElement><URDFElement z:Id="i42" i:type="ParentLink"><Attributes><Attribute z:Id="i43"><AttributeType>link</AttributeType><IsRequired>true</IsRequired><Value i:type="a:string" xmlns:a="http://www.w3.org/2001/XMLSchema"/></Attribute></Attributes><ChildElements/><ElementName>parent</ElementName><required>true</required><NameAttribute z:Ref="i43"/></URDFElement><URDFElement z:Id="i44" i:type="ChildLink"><Attributes><Attribute z:Id="i45"><AttributeType>link</AttributeType><IsRequired>true</IsRequired><Value i:type="a:string" xmlns:a="http://www.w3.org/2001/XMLSchema"/></Attribute></Attributes><ChildElements/><ElementName>child</ElementName><required>true</required><NameAttribute z:Ref="i45"/></URDFElement><URDFElement z:Id="i46" i:type="Axis"><Attributes><Attribute z:Id="i47"><AttributeType>xyz</AttributeType><IsRequired>true</IsRequired><Value i:type="a:ArrayOfdouble" xmlns:a="http://schemas.microsoft.com/2003/10/Serialization/Arrays"><a:double>0</a:double><a:double>0</a:double><a:double>0</a:double></Value></Attribute></Attributes><ChildElements/><ElementName>axis</ElementName><required>false</required><XYZAttribute z:Ref="i47"/></URDFElement><URDFElement z:Id="i48" i:type="Limit"><Attributes><Attribute z:Id="i49"><AttributeType>lower</AttributeType><IsRequired>false</IsRequired><Value i:nil="true"/></Attribute><Attribute z:Id="i50"><AttributeType>upper</AttributeType><IsRequired>false</IsRequired><Value i:nil="true"/></Attribute><Attribute z:Id="i51"><AttributeType>effort</AttributeType><IsRequired>true</IsRequired><Value i:nil="true"/></Attribute><Attribute z:Id="i52"><AttributeType>velocity</AttributeType><IsRequired>true</IsRequired><Value i:nil="true"/></Attribute></Attributes><ChildElements/><ElementName>limit</ElementName><required>false</required><EffortAttribute z:Ref="i51"/><LowerAttribute z:Ref="i49"/><UpperAttribute z:Ref="i50"/><VelocityAttribute z:Ref="i52"/></URDFElement><URDFElement z:Id="i53" i:type="Calibration"><Attributes><Attribute z:Id="i54"><AttributeType>rising</AttributeType><IsRequired>false</IsRequired><Value i:nil="true"/></Attribute><Attribute z:Id="i55"><AttributeType>falling</AttributeType><IsRequired>false</IsRequired><Value i:nil="true"/></Attribute></Attributes><ChildElements/><ElementName>calibration</ElementName><required>false</required><FallingAttribute z:Ref="i55"/><RisingAttribute z:Ref="i54"/></URDFElement><URDFElement z:Id="i56" i:type="Dynamics"><Attributes><Attribute z:Id="i57"><AttributeType>damping</AttributeType><IsRequired>false</IsRequired><Value i:nil="true"/></Attribute><Attribute z:Id="i58"><AttributeType>friction</AttributeType><IsRequired>false</IsRequired><Value i:nil="true"/></Attribute></Attributes><ChildElements/><ElementName>dynamics</ElementName><required>false</required><DampingAttribute z:Ref="i57"/><FrictionAttribute z:Ref="i58"/></URDFElement><URDFElement z:Id="i59" i:type="SafetyController"><Attributes><Attribute z:Id="i60"><AttributeType>soft_upper_limit</AttributeType><IsRequired>false</IsRequired><Value i:nil="true"/></Attribute><Attribute z:Id="i61"><AttributeType>soft_lower_limit</AttributeType><IsRequired>false</IsRequired><Value i:nil="true"/></Attribute><Attribute z:Id="i62"><AttributeType>k_position</AttributeType><IsRequired>false</IsRequired><Value i:nil="true"/></Attribute><Attribute z:Id="i63"><AttributeType>k_velocity</AttributeType><IsRequired>true</IsRequired><Value i:nil="true"/></Attribute></Attributes><ChildElements/><ElementName>safety_controller</ElementName><required>false</required><KPositionAttribute z:Ref="i62"/><KVelocityAttribute z:Ref="i63"/><SoftLowerAttribute z:Ref="i61"/><SoftUpperAttribute z:Ref="i60"/></URDFElement><URDFElement z:Id="i64" i:type="Mimic"><Attributes><Attribute z:Id="i65"><AttributeType>joint</AttributeType><IsRequired>true</IsRequired><Value i:nil="true"/></Attribute><Attribute z:Id="i66"><AttributeType>multiplier</AttributeType><IsRequired>false</IsRequired><Value i:nil="true"/></Attribute><Attribute z:Id="i67"><AttributeType>offset</AttributeType><IsRequired>false</IsRequired><Value i:nil="true"/></Attribute></Attributes><ChildElements/><ElementName>mimic</ElementName><required>false</required><JointNameAttribute z:Ref="i65"/><MultiplierAttribute z:Ref="i66"/><OffsetAttribute z:Ref="i67"/></URDFElement></ChildElements><ElementName>joint</ElementName><required>false</required><Axis z:Ref="i46"/><AxisName/><Calibration z:Ref="i53"/><Child z:Ref="i44"/><CoordinateSystemName>Automatically Generate</CoordinateSystemName><Dynamics z:Ref="i56"/><Limit z:Ref="i48"/><Mimic z:Ref="i64"/><NameAttribute z:Ref="i37"/><Origin z:Ref="i39"/><Parent z:Ref="i42"/><Safety z:Ref="i59"/><TypeAttribute z:Ref="i38"/></URDFElement></ChildElements><ElementName>link</ElementName><required>true</required><Children><Link z:Id="i68"><Attributes><Attribute z:Id="i69"><AttributeType>name</AttributeType><IsRequired>true</IsRequired><Value i:type="a:string" xmlns:a="http://www.w3.org/2001/XMLSchema">thruster1_Link</Value></Attribute></Attributes><ChildElements><URDFElement z:Id="i70" i:type="Inertial"><Attributes/><ChildElements><URDFElement z:Id="i71" i:type="Origin"><Attributes><Attribute z:Id="i72"><AttributeType>xyz</AttributeType><IsRequired>true</IsRequired><Value i:type="a:ArrayOfdouble" xmlns:a="http://schemas.microsoft.com/2003/10/Serialization/Arrays"><a:double>0</a:double><a:double>0</a:double><a:double>0</a:double></Value></Attribute><Attribute z:Id="i73"><AttributeType>rpy</AttributeType><IsRequired>true</IsRequired><Value i:type="a:ArrayOfdouble" xmlns:a="http://schemas.microsoft.com/2003/10/Serialization/Arrays"><a:double>0</a:double><a:double>0</a:double><a:double>0</a:double></Value></Attribute></Attributes><ChildElements/><ElementName>origin</ElementName><required>false</required><RPYAttribute z:Ref="i73"/><XYZAttribute z:Ref="i72"/><isCustomized>false</isCustomized></URDFElement><URDFElement z:Id="i74" i:type="Mass"><Attributes><Attribute z:Id="i75"><AttributeType>value</AttributeType><IsRequired>true</IsRequired><Value i:type="a:double" xmlns:a="http://www.w3.org/2001/XMLSchema">0</Value></Attribute></Attributes><ChildElements/><ElementName>mass</ElementName><required>false</required><ValueAttribute z:Ref="i75"/></URDFElement><URDFElement z:Id="i76" i:type="Inertia"><Attributes><Attribute z:Id="i77"><AttributeType>ixx</AttributeType><IsRequired>true</IsRequired><Value i:type="a:double" xmlns:a="http://www.w3.org/2001/XMLSchema">0</Value></Attribute><Attribute z:Id="i78"><AttributeType>ixy</AttributeType><IsRequired>true</IsRequired><Value i:type="a:double" xmlns:a="http://www.w3.org/2001/XMLSchema">0</Value></Attribute><Attribute z:Id="i79"><AttributeType>ixz</AttributeType><IsRequired>true</IsRequired><Value i:type="a:double" xmlns:a="http://www.w3.org/2001/XMLSchema">0</Value></Attribute><Attribute z:Id="i80"><AttributeType>iyy</AttributeType><IsRequired>true</IsRequired><Value i:type="a:double" xmlns:a="http://www.w3.org/2001/XMLSchema">0</Value></Attribute><Attribute z:Id="i81"><AttributeType>iyz</AttributeType><IsRequired>true</IsRequired><Value i:type="a:double" xmlns:a="http://www.w3.org/2001/XMLSchema">0</Value></Attribute><Attribute z:Id="i82"><AttributeType>izz</AttributeType><IsRequired>true</IsRequired><Value i:type="a:double" xmlns:a="http://www.w3.org/2001/XMLSchema">0</Value></Attribute></Attributes><ChildElements/><ElementName>inertia</ElementName><required>false</required><IxxAttribute z:Ref="i77"/><IxyAttribute z:Ref="i78"/><IxzAttribute z:Ref="i79"/><IyyAttribute z:Ref="i80"/><IyzAttribute z:Ref="i81"/><IzzAttribute z:Ref="i82"/></URDFElement></ChildElements><ElementName>inertial</ElementName><required>false</required><Inertia z:Ref="i76"/><Mass z:Ref="i74"/><Origin z:Ref="i71"/></URDFElement><URDFElement z:Id="i83" i:type="Visual"><Attributes/><ChildElements><URDFElement z:Id="i84" i:type="Origin"><Attributes><Attribute z:Id="i85"><AttributeType>xyz</AttributeType><IsRequired>true</IsRequired><Value i:type="a:ArrayOfdouble" xmlns:a="http://schemas.microsoft.com/2003/10/Serialization/Arrays"><a:double>0</a:double><a:double>0</a:double><a:double>0</a:double></Value></Attribute><Attribute z:Id="i86"><AttributeType>rpy</AttributeType><IsRequired>true</IsRequired><Value i:type="a:ArrayOfdouble" xmlns:a="http://schemas.microsoft.com/2003/10/Serialization/Arrays"><a:double>0</a:double><a:double>0</a:double><a:double>0</a:double></Value></Attribute></Attributes><ChildElements/><ElementName>origin</ElementName><required>false</required><RPYAttribute z:Ref="i86"/><XYZAttribute z:Ref="i85"/><isCustomized>false</isCustomized></URDFElement><URDFElement z:Id="i87" i:type="Geometry"><Attributes/><ChildElements><URDFElement z:Id="i88" i:type="Mesh"><Attributes><Attribute z:Id="i89"><AttributeType>filename</AttributeType><IsRequired>true</IsRequired><Value i:nil="true"/></Attribute></Attributes><ChildElements/><ElementName>mesh</ElementName><required>false</required><FilenameAttribute z:Ref="i89"/></URDFElement></ChildElements><ElementName>geometry</ElementName><required>true</required><Mesh z:Ref="i88"/></URDFElement><URDFElement z:Id="i90" i:type="Material"><Attributes><Attribute z:Id="i91"><AttributeType>name</AttributeType><IsRequired>true</IsRequired><Value i:type="a:string" xmlns:a="http://www.w3.org/2001/XMLSchema"/></Attribute></Attributes><ChildElements><URDFElement z:Id="i92" i:type="Color"><Attributes><Attribute z:Id="i93"><AttributeType>rgba</AttributeType><IsRequired>true</IsRequired><Value i:type="a:ArrayOfdouble" xmlns:a="http://schemas.microsoft.com/2003/10/Serialization/Arrays"><a:double>1</a:double><a:double>1</a:double><a:double>1</a:double><a:double>1</a:double></Value></Attribute></Attributes><ChildElements/><ElementName>color</ElementName><required>false</required><RGBAAttribute z:Ref="i93"/></URDFElement><URDFElement z:Id="i94" i:type="Texture"><Attributes><Attribute z:Id="i95"><AttributeType>filename</AttributeType><IsRequired>true</IsRequired><Value i:nil="true"/></Attribute></Attributes><ChildElements/><ElementName>texture</ElementName><required>false</required><FilenameAttribute z:Ref="i95"/><wFilename/></URDFElement></ChildElements><ElementName>material</ElementName><required>false</required><Color z:Ref="i92"/><NameAttribute z:Ref="i91"/><Texture z:Ref="i94"/></URDFElement></ChildElements><ElementName>visual</ElementName><required>false</required><Geometry z:Ref="i87"/><Material z:Ref="i90"/><Origin z:Ref="i84"/></URDFElement><URDFElement z:Id="i96" i:type="Collision"><Attributes/><ChildElements><URDFElement z:Id="i97" i:type="Origin"><Attributes><Attribute z:Id="i98"><AttributeType>xyz</AttributeType><IsRequired>true</IsRequired><Value i:type="a:ArrayOfdouble" xmlns:a="http://schemas.microsoft.com/2003/10/Serialization/Arrays"><a:double>0</a:double><a:double>0</a:double><a:double>0</a:double></Value></Attribute><Attribute z:Id="i99"><AttributeType>rpy</AttributeType><IsRequired>true</IsRequired><Value i:type="a:ArrayOfdouble" xmlns:a="http://schemas.microsoft.com/2003/10/Serialization/Arrays"><a:double>0</a:double><a:double>0</a:double><a:double>0</a:double></Value></Attribute></Attributes><ChildElements/><ElementName>origin</ElementName><required>false</required><RPYAttribute z:Ref="i99"/><XYZAttribute z:Ref="i98"/><isCustomized>false</isCustomized></URDFElement><URDFElement z:Id="i100" i:type="Geometry"><Attributes/><ChildElements><URDFElement z:Id="i101" i:type="Mesh"><Attributes><Attribute z:Id="i102"><AttributeType>filename</AttributeType><IsRequired>true</IsRequired><Value i:nil="true"/></Attribute></Attributes><ChildElements/><ElementName>mesh</ElementName><required>false</required><FilenameAttribute z:Ref="i102"/></URDFElement></ChildElements><ElementName>geometry</ElementName><required>true</required><Mesh z:Ref="i101"/></URDFElement></ChildElements><ElementName>collision</ElementName><required>false</required><Geometry z:Ref="i100"/><Origin z:Ref="i97"/></URDFElement><URDFElement z:Id="i103" i:type="Joint"><Attributes><Attribute z:Id="i104"><AttributeType>name</AttributeType><IsRequired>true</IsRequired><Value i:type="a:string" xmlns:a="http://www.w3.org/2001/XMLSchema">joint1_turuster1</Value></Attribute><Attribute z:Id="i105"><AttributeType>type</AttributeType><IsRequired>true</IsRequired><Value i:type="a:string" xmlns:a="http://www.w3.org/2001/XMLSchema">fixed</Value></Attribute></Attributes><ChildElements><URDFElement z:Id="i106" i:type="Origin"><Attributes><Attribute z:Id="i107"><AttributeType>xyz</AttributeType><IsRequired>true</IsRequired><Value i:type="a:ArrayOfdouble" xmlns:a="http://schemas.microsoft.com/2003/10/Serialization/Arrays"><a:double>0</a:double><a:double>0</a:double><a:double>0</a:double></Value></Attribute><Attribute z:Id="i108"><AttributeType>rpy</AttributeType><IsRequired>true</IsRequired><Value i:type="a:ArrayOfdouble" xmlns:a="http://schemas.microsoft.com/2003/10/Serialization/Arrays"><a:double>0</a:double><a:double>0</a:double><a:double>0</a:double></Value></Attribute></Attributes><ChildElements/><ElementName>origin</ElementName><required>false</required><RPYAttribute z:Ref="i108"/><XYZAttribute z:Ref="i107"/><isCustomized>false</isCustomized></URDFElement><URDFElement z:Id="i109" i:type="ParentLink"><Attributes><Attribute z:Id="i110"><AttributeType>link</AttributeType><IsRequired>true</IsRequired><Value i:type="a:string" xmlns:a="http://www.w3.org/2001/XMLSchema"/></Attribute></Attributes><ChildElements/><ElementName>parent</ElementName><required>true</required><NameAttribute z:Ref="i110"/></URDFElement><URDFElement z:Id="i111" i:type="ChildLink"><Attributes><Attribute z:Id="i112"><AttributeType>link</AttributeType><IsRequired>true</IsRequired><Value i:type="a:string" xmlns:a="http://www.w3.org/2001/XMLSchema"/></Attribute></Attributes><ChildElements/><ElementName>child</ElementName><required>true</required><NameAttribute z:Ref="i112"/></URDFElement><URDFElement z:Id="i113" i:type="Axis"><Attributes><Attribute z:Id="i114"><AttributeType>xyz</AttributeType><IsRequired>true</IsRequired><Value i:type="a:ArrayOfdouble" xmlns:a="http://schemas.microsoft.com/2003/10/Serialization/Arrays"><a:double>0</a:double><a:double>0</a:double><a:double>0</a:double></Value></Attribute></Attributes><ChildElements/><ElementName>axis</ElementName><required>false</required><XYZAttribute z:Ref="i114"/></URDFElement><URDFElement z:Id="i115" i:type="Limit"><Attributes><Attribute z:Id="i116"><AttributeType>lower</AttributeType><IsRequired>false</IsRequired><Value i:nil="true"/></Attribute><Attribute z:Id="i117"><AttributeType>upper</AttributeType><IsRequired>false</IsRequired><Value i:nil="true"/></Attribute><Attribute z:Id="i118"><AttributeType>effort</AttributeType><IsRequired>true</IsRequired><Value i:nil="true"/></Attribute><Attribute z:Id="i119"><AttributeType>velocity</AttributeType><IsRequired>true</IsRequired><Value i:nil="true"/></Attribute></Attributes><ChildElements/><ElementName>limit</ElementName><required>false</required><EffortAttribute z:Ref="i118"/><LowerAttribute z:Ref="i116"/><UpperAttribute z:Ref="i117"/><VelocityAttribute z:Ref="i119"/></URDFElement><URDFElement z:Id="i120" i:type="Calibration"><Attributes><Attribute z:Id="i121"><AttributeType>rising</AttributeType><IsRequired>false</IsRequired><Value i:nil="true"/></Attribute><Attribute z:Id="i122"><AttributeType>falling</AttributeType><IsRequired>false</IsRequired><Value i:nil="true"/></Attribute></Attributes><ChildElements/><ElementName>calibration</ElementName><required>false</required><FallingAttribute z:Ref="i122"/><RisingAttribute z:Ref="i121"/></URDFElement><URDFElement z:Id="i123" i:type="Dynamics"><Attributes><Attribute z:Id="i124"><AttributeType>damping</AttributeType><IsRequired>false</IsRequired><Value i:nil="true"/></Attribute><Attribute z:Id="i125"><AttributeType>friction</AttributeType><IsRequired>false</IsRequired><Value i:nil="true"/></Attribute></Attributes><ChildElements/><ElementName>dynamics</ElementName><required>false</required><DampingAttribute z:Ref="i124"/><FrictionAttribute z:Ref="i125"/></URDFElement><URDFElement z:Id="i126" i:type="SafetyController"><Attributes><Attribute z:Id="i127"><AttributeType>soft_upper_limit</AttributeType><IsRequired>false</IsRequired><Value i:nil="true"/></Attribute><Attribute z:Id="i128"><AttributeType>soft_lower_limit</AttributeType><IsRequired>false</IsRequired><Value i:nil="true"/></Attribute><Attribute z:Id="i129"><AttributeType>k_position</AttributeType><IsRequired>false</IsRequired><Value i:nil="true"/></Attribute><Attribute z:Id="i130"><AttributeType>k_velocity</AttributeType><IsRequired>true</IsRequired><Value i:nil="true"/></Attribute></Attributes><ChildElements/><ElementName>safety_controller</ElementName><required>false</required><KPositionAttribute z:Ref="i129"/><KVelocityAttribute z:Ref="i130"/><SoftLowerAttribute z:Ref="i128"/><SoftUpperAttribute z:Ref="i127"/></URDFElement><URDFElement z:Id="i131" i:type="Mimic"><Attributes><Attribute z:Id="i132"><AttributeType>joint</AttributeType><IsRequired>true</IsRequired><Value i:nil="true"/></Attribute><Attribute z:Id="i133"><AttributeType>multiplier</AttributeType><IsRequired>false</IsRequired><Value i:nil="true"/></Attribute><Attribute z:Id="i134"><AttributeType>offset</AttributeType><IsRequired>false</IsRequired><Value i:nil="true"/></Attribute></Attributes><ChildElements/><ElementName>mimic</ElementName><required>false</required><JointNameAttribute z:Ref="i132"/><MultiplierAttribute z:Ref="i133"/><OffsetAttribute z:Ref="i134"/></URDFElement></ChildElements><ElementName>joint</ElementName><required>false</required><Axis z:Ref="i113"/><AxisName>?????????1</AxisName><Calibration z:Ref="i120"/><Child z:Ref="i111"/><CoordinateSystemName>Automatically Generate</CoordinateSystemName><Dynamics z:Ref="i123"/><Limit z:Ref="i115"/><Mimic z:Ref="i131"/><NameAttribute z:Ref="i104"/><Origin z:Ref="i106"/><Parent z:Ref="i109"/><Safety z:Ref="i126"/><TypeAttribute z:Ref="i105"/></URDFElement></ChildElements><ElementName>link</ElementName><required>true</required><Children/><Collision z:Ref="i96"/><Inertial z:Ref="i70"/><Joint z:Ref="i103"/><NameAttribute z:Ref="i69"/><Parent z:Ref="i1"/><STLQualityFine>false</STLQualityFine><SWComponentPIDs xmlns:a="http://schemas.microsoft.com/2003/10/Serialization/Arrays"><a:base64Binary>OEoAAAUAAAD//v9oUAA3ADUAXwBfAF8AXwBfAF8ALgAuAF8AXwBfAF8AKAAxACkALQAxAC0AMQBAANtWuWViXzmCxYhNkf5WLwBQADcANQBfAFgAMgBfADYAMwBhADgAOABmAGQAYgA1ADYANgA4ADYAYwBhADEANwBmADUAMQA3AGYANgA5ADQAZQAwADkANwBlAGYANAA1ADYAZgBlAF8AWAAwAF8AXwAxADMALQAxAEAAUAA3ADUAXwBfAF8AXwBfAF8ALgAuAF8AXwBfAF8AKAAxACkALQAxAAQAAAAQAAAAAQAAAAIAAAAgAAAALwAAAA==</a:base64Binary><a:base64Binary>OEoAAAUAAAD//v9oUAA3ADUAXwBfAF8AXwBfAF8ALgAuAF8AXwBfAF8AKAAxACkALQAxAC0AMQBAANtWuWViXzmCxYhNkf5WLwBQADcANQBfAFgAMgBfADYAMwBhADgAOABmAGQAYgA1ADYANgA4ADYAYwBhADEANwBmADUAMQA3AGYANgA5ADQAZQAwADkANwBlAGYANAA1ADYAZgBlAF8AWAAwAF8AXwAxADQALQAxAEAAUAA3ADUAXwBfAF8AXwBfAF8ALgAuAF8AXwBfAF8AKAAxACkALQAxAAQAAAAQAAAAAQAAAAIAAAAgAAAALAAAAA==</a:base64Binary><a:base64Binary>OEoAAAUAAAD//v9nUAA3ADUAXwBfAF8AXwBfAF8ALgAuAF8AXwBfAF8AKAAxACkALQAxAC0AMQBAANtWuWViXzmCxYhNkf5WLwBQADcANQBfAFgAMgBfADYAMwBhADgAOABmAGQAYgA1ADYANgA4ADYAYwBhADEANwBmADUAMQA3AGYANgA5ADQAZQAwADkANwBlAGYANAA1ADYAZgBlAF8AWAAwAF8AXwA2AC0AMQBAAFAANwA1AF8AXwBfAF8AXwBfAC4ALgBfAF8AXwBfACgAMQApAC0AMQAEAAAAEAAAAAEAAAACAAAAIAAAABoAAAA=</a:base64Binary><a:base64Binary>OEoAAAUAAAD//v9oUAA3ADUAXwBfAF8AXwBfAF8ALgAuAF8AXwBfAF8AKAAxACkALQAxAC0AMQBAANtWuWViXzmCxYhNkf5WLwBQADcANQBfAFgAMgBfADYAMwBhADgAOABmAGQAYgA1ADYANgA4ADYAYwBhADEANwBmADUAMQA3AGYANgA5ADQAZQAwADkANwBlAGYANAA1ADYAZgBlAF8AWAAwAF8AXwAxADEALQAxAEAAUAA3ADUAXwBfAF8AXwBfAF8ALgAuAF8AXwBfAF8AKAAxACkALQAxAAQAAAAQAAAAAQAAAAIAAAAgAAAALQAAAA==</a:base64Binary></SWComponentPIDs><SWMainComponentPID i:nil="true"/><Visual z:Ref="i83"/><isFixedFrame>false</isFixedFrame><isIncomplete>false</isIncomplete></Link><Link z:Id="i135"><Attributes><Attribute z:Id="i136"><AttributeType>name</AttributeType><IsRequired>true</IsRequired><Value i:type="a:string" xmlns:a="http://www.w3.org/2001/XMLSchema">thruster2_Link</Value></Attribute></Attributes><ChildElements><URDFElement z:Id="i137" i:type="Inertial"><Attributes/><ChildElements><URDFElement z:Id="i138" i:type="Origin"><Attributes><Attribute z:Id="i139"><AttributeType>xyz</AttributeType><IsRequired>true</IsRequired><Value i:type="a:ArrayOfdouble" xmlns:a="http://schemas.microsoft.com/2003/10/Serialization/Arrays"><a:double>0</a:double><a:double>0</a:double><a:double>0</a:double></Value></Attribute><Attribute z:Id="i140"><AttributeType>rpy</AttributeType><IsRequired>true</IsRequired><Value i:type="a:ArrayOfdouble" xmlns:a="http://schemas.microsoft.com/2003/10/Serialization/Arrays"><a:double>0</a:double><a:double>0</a:double><a:double>0</a:double></Value></Attribute></Attributes><ChildElements/><ElementName>origin</ElementName><required>false</required><RPYAttribute z:Ref="i140"/><XYZAttribute z:Ref="i139"/><isCustomized>false</isCustomized></URDFElement><URDFElement z:Id="i141" i:type="Mass"><Attributes><Attribute z:Id="i142"><AttributeType>value</AttributeType><IsRequired>true</IsRequired><Value i:type="a:double" xmlns:a="http://www.w3.org/2001/XMLSchema">0</Value></Attribute></Attributes><ChildElements/><ElementName>mass</ElementName><required>false</required><ValueAttribute z:Ref="i142"/></URDFElement><URDFElement z:Id="i143" i:type="Inertia"><Attributes><Attribute z:Id="i144"><AttributeType>ixx</AttributeType><IsRequired>true</IsRequired><Value i:type="a:double" xmlns:a="http://www.w3.org/2001/XMLSchema">0</Value></Attribute><Attribute z:Id="i145"><AttributeType>ixy</AttributeType><IsRequired>true</IsRequired><Value i:type="a:double" xmlns:a="http://www.w3.org/2001/XMLSchema">0</Value></Attribute><Attribute z:Id="i146"><AttributeType>ixz</AttributeType><IsRequired>true</IsRequired><Value i:type="a:double" xmlns:a="http://www.w3.org/2001/XMLSchema">0</Value></Attribute><Attribute z:Id="i147"><AttributeType>iyy</AttributeType><IsRequired>true</IsRequired><Value i:type="a:double" xmlns:a="http://www.w3.org/2001/XMLSchema">0</Value></Attribute><Attribute z:Id="i148"><AttributeType>iyz</AttributeType><IsRequired>true</IsRequired><Value i:type="a:double" xmlns:a="http://www.w3.org/2001/XMLSchema">0</Value></Attribute><Attribute z:Id="i149"><AttributeType>izz</AttributeType><IsRequired>true</IsRequired><Value i:type="a:double" xmlns:a="http://www.w3.org/2001/XMLSchema">0</Value></Attribute></Attributes><ChildElements/><ElementName>inertia</ElementName><required>false</required><IxxAttribute z:Ref="i144"/><IxyAttribute z:Ref="i145"/><IxzAttribute z:Ref="i146"/><IyyAttribute z:Ref="i147"/><IyzAttribute z:Ref="i148"/><IzzAttribute z:Ref="i149"/></URDFElement></ChildElements><ElementName>inertial</ElementName><required>false</required><Inertia z:Ref="i143"/><Mass z:Ref="i141"/><Origin z:Ref="i138"/></URDFElement><URDFElement z:Id="i150" i:type="Visual"><Attributes/><ChildElements><URDFElement z:Id="i151" i:type="Origin"><Attributes><Attribute z:Id="i152"><AttributeType>xyz</AttributeType><IsRequired>true</IsRequired><Value i:type="a:ArrayOfdouble" xmlns:a="http://schemas.microsoft.com/2003/10/Serialization/Arrays"><a:double>0</a:double><a:double>0</a:double><a:double>0</a:double></Value></Attribute><Attribute z:Id="i153"><AttributeType>rpy</AttributeType><IsRequired>true</IsRequired><Value i:type="a:ArrayOfdouble" xmlns:a="http://schemas.microsoft.com/2003/10/Serialization/Arrays"><a:double>0</a:double><a:double>0</a:double><a:double>0</a:double></Value></Attribute></Attributes><ChildElements/><ElementName>origin</ElementName><required>false</required><RPYAttribute z:Ref="i153"/><XYZAttribute z:Ref="i152"/><isCustomized>false</isCustomized></URDFElement><URDFElement z:Id="i154" i:type="Geometry"><Attributes/><ChildElements><URDFElement z:Id="i155" i:type="Mesh"><Attributes><Attribute z:Id="i156"><AttributeType>filename</AttributeType><IsRequired>true</IsRequired><Value i:nil="true"/></Attribute></Attributes><ChildElements/><ElementName>mesh</ElementName><required>false</required><FilenameAttribute z:Ref="i156"/></URDFElement></ChildElements><ElementName>geometry</ElementName><required>true</required><Mesh z:Ref="i155"/></URDFElement><URDFElement z:Id="i157" i:type="Material"><Attributes><Attribute z:Id="i158"><AttributeType>name</AttributeType><IsRequired>true</IsRequired><Value i:type="a:string" xmlns:a="http://www.w3.org/2001/XMLSchema"/></Attribute></Attributes><ChildElements><URDFElement z:Id="i159" i:type="Color"><Attributes><Attribute z:Id="i160"><AttributeType>rgba</AttributeType><IsRequired>true</IsRequired><Value i:type="a:ArrayOfdouble" xmlns:a="http://schemas.microsoft.com/2003/10/Serialization/Arrays"><a:double>1</a:double><a:double>1</a:double><a:double>1</a:double><a:double>1</a:double></Value></Attribute></Attributes><ChildElements/><ElementName>color</ElementName><required>false</required><RGBAAttribute z:Ref="i160"/></URDFElement><URDFElement z:Id="i161" i:type="Texture"><Attributes><Attribute z:Id="i162"><AttributeType>filename</AttributeType><IsRequired>true</IsRequired><Value i:nil="true"/></Attribute></Attributes><ChildElements/><ElementName>texture</ElementName><required>false</required><FilenameAttribute z:Ref="i162"/><wFilename/></URDFElement></ChildElements><ElementName>material</ElementName><required>false</required><Color z:Ref="i159"/><NameAttribute z:Ref="i158"/><Texture z:Ref="i161"/></URDFElement></ChildElements><ElementName>visual</ElementName><required>false</required><Geometry z:Ref="i154"/><Material z:Ref="i157"/><Origin z:Ref="i151"/></URDFElement><URDFElement z:Id="i163" i:type="Collision"><Attributes/><ChildElements><URDFElement z:Id="i164" i:type="Origin"><Attributes><Attribute z:Id="i165"><AttributeType>xyz</AttributeType><IsRequired>true</IsRequired><Value i:type="a:ArrayOfdouble" xmlns:a="http://schemas.microsoft.com/2003/10/Serialization/Arrays"><a:double>0</a:double><a:double>0</a:double><a:double>0</a:double></Value></Attribute><Attribute z:Id="i166"><AttributeType>rpy</AttributeType><IsRequired>true</IsRequired><Value i:type="a:ArrayOfdouble" xmlns:a="http://schemas.microsoft.com/2003/10/Serialization/Arrays"><a:double>0</a:double><a:double>0</a:double><a:double>0</a:double></Value></Attribute></Attributes><ChildElements/><ElementName>origin</ElementName><required>false</required><RPYAttribute z:Ref="i166"/><XYZAttribute z:Ref="i165"/><isCustomized>false</isCustomized></URDFElement><URDFElement z:Id="i167" i:type="Geometry"><Attributes/><ChildElements><URDFElement z:Id="i168" i:type="Mesh"><Attributes><Attribute z:Id="i169"><AttributeType>filename</AttributeType><IsRequired>true</IsRequired><Value i:nil="true"/></Attribute></Attributes><ChildElements/><ElementName>mesh</ElementName><required>false</required><FilenameAttribute z:Ref="i169"/></URDFElement></ChildElements><ElementName>geometry</ElementName><required>true</required><Mesh z:Ref="i168"/></URDFElement></ChildElements><ElementName>collision</ElementName><required>false</required><Geometry z:Ref="i167"/><Origin z:Ref="i164"/></URDFElement><URDFElement z:Id="i170" i:type="Joint"><Attributes><Attribute z:Id="i171"><AttributeType>name</AttributeType><IsRequired>true</IsRequired><Value i:type="a:string" xmlns:a="http://www.w3.org/2001/XMLSchema">joint2_thruster2</Value></Attribute><Attribute z:Id="i172"><AttributeType>type</AttributeType><IsRequired>true</IsRequired><Value i:type="a:string" xmlns:a="http://www.w3.org/2001/XMLSchema">fixed</Value></Attribute></Attributes><ChildElements><URDFElement z:Id="i173" i:type="Origin"><Attributes><Attribute z:Id="i174"><AttributeType>xyz</AttributeType><IsRequired>true</IsRequired><Value i:type="a:ArrayOfdouble" xmlns:a="http://schemas.microsoft.com/2003/10/Serialization/Arrays"><a:double>0</a:double><a:double>0</a:double><a:double>0</a:double></Value></Attribute><Attribute z:Id="i175"><AttributeType>rpy</AttributeType><IsRequired>true</IsRequired><Value i:type="a:ArrayOfdouble" xmlns:a="http://schemas.microsoft.com/2003/10/Serialization/Arrays"><a:double>0</a:double><a:double>0</a:double><a:double>0</a:double></Value></Attribute></Attributes><ChildElements/><ElementName>origin</ElementName><required>false</required><RPYAttribute z:Ref="i175"/><XYZAttribute z:Ref="i174"/><isCustomized>false</isCustomized></URDFElement><URDFElement z:Id="i176" i:type="ParentLink"><Attributes><Attribute z:Id="i177"><AttributeType>link</AttributeType><IsRequired>true</IsRequired><Value i:type="a:string" xmlns:a="http://www.w3.org/2001/XMLSchema"/></Attribute></Attributes><ChildElements/><ElementName>parent</ElementName><required>true</required><NameAttribute z:Ref="i177"/></URDFElement><URDFElement z:Id="i178" i:type="ChildLink"><Attributes><Attribute z:Id="i179"><AttributeType>link</AttributeType><IsRequired>true</IsRequired><Value i:type="a:string" xmlns:a="http://www.w3.org/2001/XMLSchema"/></Attribute></Attributes><ChildElements/><ElementName>child</ElementName><required>true</required><NameAttribute z:Ref="i179"/></URDFElement><URDFElement z:Id="i180" i:type="Axis"><Attributes><Attribute z:Id="i181"><AttributeType>xyz</AttributeType><IsRequired>true</IsRequired><Value i:type="a:ArrayOfdouble" xmlns:a="http://schemas.microsoft.com/2003/10/Serialization/Arrays"><a:double>0</a:double><a:double>0</a:double><a:double>0</a:double></Value></Attribute></Attributes><ChildElements/><ElementName>axis</ElementName><required>false</required><XYZAttribute z:Ref="i181"/></URDFElement><URDFElement z:Id="i182" i:type="Limit"><Attributes><Attribute z:Id="i183"><AttributeType>lower</AttributeType><IsRequired>false</IsRequired><Value i:nil="true"/></Attribute><Attribute z:Id="i184"><AttributeType>upper</AttributeType><IsRequired>false</IsRequired><Value i:nil="true"/></Attribute><Attribute z:Id="i185"><AttributeType>effort</AttributeType><IsRequired>true</IsRequired><Value i:nil="true"/></Attribute><Attribute z:Id="i186"><AttributeType>velocity</AttributeType><IsRequired>true</IsRequired><Value i:nil="true"/></Attribute></Attributes><ChildElements/><ElementName>limit</ElementName><required>false</required><EffortAttribute z:Ref="i185"/><LowerAttribute z:Ref="i183"/><UpperAttribute z:Ref="i184"/><VelocityAttribute z:Ref="i186"/></URDFElement><URDFElement z:Id="i187" i:type="Calibration"><Attributes><Attribute z:Id="i188"><AttributeType>rising</AttributeType><IsRequired>false</IsRequired><Value i:nil="true"/></Attribute><Attribute z:Id="i189"><AttributeType>falling</AttributeType><IsRequired>false</IsRequired><Value i:nil="true"/></Attribute></Attributes><ChildElements/><ElementName>calibration</ElementName><required>false</required><FallingAttribute z:Ref="i189"/><RisingAttribute z:Ref="i188"/></URDFElement><URDFElement z:Id="i190" i:type="Dynamics"><Attributes><Attribute z:Id="i191"><AttributeType>damping</AttributeType><IsRequired>false</IsRequired><Value i:nil="true"/></Attribute><Attribute z:Id="i192"><AttributeType>friction</AttributeType><IsRequired>false</IsRequired><Value i:nil="true"/></Attribute></Attributes><ChildElements/><ElementName>dynamics</ElementName><required>false</required><DampingAttribute z:Ref="i191"/><FrictionAttribute z:Ref="i192"/></URDFElement><URDFElement z:Id="i193" i:type="SafetyController"><Attributes><Attribute z:Id="i194"><AttributeType>soft_upper_limit</AttributeType><IsRequired>false</IsRequired><Value i:nil="true"/></Attribute><Attribute z:Id="i195"><AttributeType>soft_lower_limit</AttributeType><IsRequired>false</IsRequired><Value i:nil="true"/></Attribute><Attribute z:Id="i196"><AttributeType>k_position</AttributeType><IsRequired>false</IsRequired><Value i:nil="true"/></Attribute><Attribute z:Id="i197"><AttributeType>k_velocity</AttributeType><IsRequired>true</IsRequired><Value i:nil="true"/></Attribute></Attributes><ChildElements/><ElementName>safety_controller</ElementName><required>false</required><KPositionAttribute z:Ref="i196"/><KVelocityAttribute z:Ref="i197"/><SoftLowerAttribute z:Ref="i195"/><SoftUpperAttribute z:Ref="i194"/></URDFElement><URDFElement z:Id="i198" i:type="Mimic"><Attributes><Attribute z:Id="i199"><AttributeType>joint</AttributeType><IsRequired>true</IsRequired><Value i:nil="true"/></Attribute><Attribute z:Id="i200"><AttributeType>multiplier</AttributeType><IsRequired>false</IsRequired><Value i:nil="true"/></Attribute><Attribute z:Id="i201"><AttributeType>offset</AttributeType><IsRequired>false</IsRequired><Value i:nil="true"/></Attribute></Attributes><ChildElements/><ElementName>mimic</ElementName><required>false</required><JointNameAttribute z:Ref="i199"/><MultiplierAttribute z:Ref="i200"/><OffsetAttribute z:Ref="i201"/></URDFElement></ChildElements><ElementName>joint</ElementName><required>false</required><Axis z:Ref="i180"/><AxisName>?????????1</AxisName><Calibration z:Ref="i187"/><Child z:Ref="i178"/><CoordinateSystemName>Automatically Generate</CoordinateSystemName><Dynamics z:Ref="i190"/><Limit z:Ref="i182"/><Mimic z:Ref="i198"/><NameAttribute z:Ref="i171"/><Origin z:Ref="i173"/><Parent z:Ref="i176"/><Safety z:Ref="i193"/><TypeAttribute z:Ref="i172"/></URDFElement></ChildElements><ElementName>link</ElementName><required>true</required><Children/><Collision z:Ref="i163"/><Inertial z:Ref="i137"/><Joint z:Ref="i170"/><NameAttribute z:Ref="i136"/><Parent z:Ref="i1"/><STLQualityFine>false</STLQualityFine><SWComponentPIDs xmlns:a="http://schemas.microsoft.com/2003/10/Serialization/Arrays"><a:base64Binary>OEoAAAUAAAD//v9oUAA3ADUAXwBfAF8AXwBfAF8ALgAuAF8AXwBfAF8AKAAxACkALQAzAC0AMQBAANtWuWViXzmCxYhNkf5WLwBQADcANQBfAFgAMgBfADYAMwBhADgAOABmAGQAYgA1ADYANgA4ADYAYwBhADEANwBmADUAMQA3AGYANgA5ADQAZQAwADkANwBlAGYANAA1ADYAZgBlAF8AWAAwAF8AXwAxADMALQAxAEAAUAA3ADUAXwBfAF8AXwBfAF8ALgAuAF8AXwBfAF8AKAAxACkALQAzAAQAAAAQAAAAAQAAAAIAAAAiAAAALwAAAA==</a:base64Binary><a:base64Binary>OEoAAAUAAAD//v9oUAA3ADUAXwBfAF8AXwBfAF8ALgAuAF8AXwBfAF8AKAAxACkALQAzAC0AMQBAANtWuWViXzmCxYhNkf5WLwBQADcANQBfAFgAMgBfADYAMwBhADgAOABmAGQAYgA1ADYANgA4ADYAYwBhADEANwBmADUAMQA3AGYANgA5ADQAZQAwADkANwBlAGYANAA1ADYAZgBlAF8AWAAwAF8AXwAxADQALQAxAEAAUAA3ADUAXwBfAF8AXwBfAF8ALgAuAF8AXwBfAF8AKAAxACkALQAzAAQAAAAQAAAAAQAAAAIAAAAiAAAALAAAAA==</a:base64Binary><a:base64Binary>OEoAAAUAAAD//v9oUAA3ADUAXwBfAF8AXwBfAF8ALgAuAF8AXwBfAF8AKAAxACkALQAzAC0AMQBAANtWuWViXzmCxYhNkf5WLwBQADcANQBfAFgAMgBfADYAMwBhADgAOABmAGQAYgA1ADYANgA4ADYAYwBhADEANwBmADUAMQA3AGYANgA5ADQAZQAwADkANwBlAGYANAA1ADYAZgBlAF8AWAAwAF8AXwAxADgALQAxAEAAUAA3ADUAXwBfAF8AXwBfAF8ALgAuAF8AXwBfAF8AKAAxACkALQAzAAQAAAAQAAAAAQAAAAIAAAAiAAAAGQAAAA==</a:base64Binary><a:base64Binary>OEoAAAUAAAD//v9nUAA3ADUAXwBfAF8AXwBfAF8ALgAuAF8AXwBfAF8AKAAxACkALQAzAC0AMQBAANtWuWViXzmCxYhNkf5WLwBQADcANQBfAFgAMgBfADYAMwBhADgAOABmAGQAYgA1ADYANgA4ADYAYwBhADEANwBmADUAMQA3AGYANgA5ADQAZQAwADkANwBlAGYANAA1ADYAZgBlAF8AWAAwAF8AXwA2AC0AMQBAAFAANwA1AF8AXwBfAF8AXwBfAC4ALgBfAF8AXwBfACgAMQApAC0AMwAEAAAAEAAAAAEAAAACAAAAIgAAABoAAAA=</a:base64Binary><a:base64Binary>OEoAAAUAAAD//v9nUAA3ADUAXwBfAF8AXwBfAF8ALgAuAF8AXwBfAF8AKAAxACkALQAzAC0AMQBAANtWuWViXzmCxYhNkf5WLwBQADcANQBfAFgAMgBfADYAMwBhADgAOABmAGQAYgA1ADYANgA4ADYAYwBhADEANwBmADUAMQA3AGYANgA5ADQAZQAwADkANwBlAGYANAA1ADYAZgBlAF8AWAAwAF8AXwAyAC0AMQBAAFAANwA1AF8AXwBfAF8AXwBfAC4ALgBfAF8AXwBfACgAMQApAC0AMwAEAAAAEAAAAAEAAAACAAAAIgAAAC4AAAA=</a:base64Binary><a:base64Binary>OEoAAAUAAAD//v9oUAA3ADUAXwBfAF8AXwBfAF8ALgAuAF8AXwBfAF8AKAAxACkALQAzAC0AMQBAANtWuWViXzmCxYhNkf5WLwBQADcANQBfAFgAMgBfADYAMwBhADgAOABmAGQAYgA1ADYANgA4ADYAYwBhADEANwBmADUAMQA3AGYANgA5ADQAZQAwADkANwBlAGYANAA1ADYAZgBlAF8AWAAwAF8AXwAxADkALQAxAEAAUAA3ADUAXwBfAF8AXwBfAF8ALgAuAF8AXwBfAF8AKAAxACkALQAzAAQAAAAQAAAAAQAAAAIAAAAiAAAAGwAAAA==</a:base64Binary><a:base64Binary>OEoAAAUAAAD//v9lUAA3ADUAXwBfAF8AXwBfAF8ALgAuAF8AXwBfAF8AKAAxACkALQAzAC0AMQBAANtWuWViXzmCxYhNkf5WLwBQADcANQBfAFgAMgBfADYAMwBhADgAOABmAGQAYgA1ADYANgA4ADYAYwBhADEANwBmADUAMQA3AGYANgA5ADQAZQAwADkANwBlAGYANAA1ADYAZgBlAF8AWAAwAF8ALQAxAEAAUAA3ADUAXwBfAF8AXwBfAF8ALgAuAF8AXwBfAF8AKAAxACkALQAzAAQAAAAQAAAAAQAAAAIAAAAiAAAAHQAAAA==</a:base64Binary><a:base64Binary>OEoAAAUAAAD//v9oUAA3ADUAXwBfAF8AXwBfAF8ALgAuAF8AXwBfAF8AKAAxACkALQAzAC0AMQBAANtWuWViXzmCxYhNkf5WLwBQADcANQBfAFgAMgBfADYAMwBhADgAOABmAGQAYgA1ADYANgA4ADYAYwBhADEANwBmADUAMQA3AGYANgA5ADQAZQAwADkANwBlAGYANAA1ADYAZgBlAF8AWAAwAF8AXwAxADEALQAxAEAAUAA3ADUAXwBfAF8AXwBfAF8ALgAuAF8AXwBfAF8AKAAxACkALQAzAAQAAAAQAAAAAQAAAAIAAAAiAAAALQAAAA==</a:base64Binary></SWComponentPIDs><SWMainComponentPID i:nil="true"/><Visual z:Ref="i150"/><isFixedFrame>false</isFixedFrame><isIncomplete>false</isIncomplete></Link></Children><Collision z:Ref="i29"/><Inertial z:Ref="i3"/><Joint z:Ref="i36"/><NameAttribute z:Ref="i2"/><Parent i:nil="true"/><STLQualityFine>false</STLQualityFine><SWComponentPIDs xmlns:a="http://schemas.microsoft.com/2003/10/Serialization/Arrays"><a:base64Binary>OEoAAAUAAAD//v8RYwBoAHUAYQBuAHQAaQAtADEAQADbVrllYl85gsWITZH+VgQAAAAQAAAAAQAAAAEAAAAjAAAA</a:base64Binary></SWComponentPIDs><SWMainComponentPID i:nil="true"/><Visual z:Ref="i16"/><isFixedFrame>false</isFixedFrame><isIncomplete>false</isIncomplete></Link>
2026-09-18 11:32:41,992 INFO  LinkNode.cs: 35 - Building node base_link
2026-09-18 11:32:41,992 INFO  LinkNode.cs: 35 - Building node thruster1_Link
2026-09-18 11:32:41,995 INFO  LinkNode.cs: 35 - Building node thruster2_Link
2026-09-18 11:32:41,995 INFO  CommonSwOperations.cs: 221 - Loading SolidWorks components for base_link from D:\Desktop\HU501urdf\ËÄ·½ÐÎ´¬×°ÅäÍ¼.SLDASM
2026-09-18 11:32:41,996 INFO  CommonSwOperations.cs: 245 - Loading component with PID 8J     ???c h u a n t i - 1 @ ?V?eb_9???M??V            #   
2026-09-18 11:32:41,996 INFO  CommonSwOperations.cs: 254 - Successfully loaded component D:\Desktop\HU501urdf\chuanti.SLDPRT
2026-09-18 11:32:41,996 INFO  CommonSwOperations.cs: 230 - Loaded 1 components for link base_link
2026-09-18 11:32:41,996 INFO  CommonSwOperations.cs: 221 - Loading SolidWorks components for thruster1_Link from D:\Desktop\HU501urdf\ËÄ·½ÐÎ´¬×°ÅäÍ¼.SLDASM
2026-09-18 11:32:41,996 INFO  CommonSwOperations.cs: 245 - Loading component with PID 8J     ???hP 7 5 _ _ _ _ _ _ . . _ _ _ _ ( 1 ) - 1 - 1 @ ?V?eb_9???M??V/ P 7 5 _ X 2 _ 6 3 a 8 8 f d b 5 6 6 8 6 c a 1 7 f 5 1 7 f 6 9 4 e 0 9 7 e f 4 5 6 f e _ X 0 _ _ 1 3 - 1 @ P 7 5 _ _ _ _ _ _ . . _ _ _ _ ( 1 ) - 1                 /   
2026-09-18 11:32:42,051 INFO  CommonSwOperations.cs: 254 - Successfully loaded component D:\Desktop\HU501urdf\P75_X2_63a88fdb56686ca17f517f694e097ef456fe_X0__13.SLDPRT
2026-09-18 11:32:42,051 INFO  CommonSwOperations.cs: 245 - Loading component with PID 8J     ???hP 7 5 _ _ _ _ _ _ . . _ _ _ _ ( 1 ) - 1 - 1 @ ?V?eb_9???M??V/ P 7 5 _ X 2 _ 6 3 a 8 8 f d b 5 6 6 8 6 c a 1 7 f 5 1 7 f 6 9 4 e 0 9 7 e f 4 5 6 f e _ X 0 _ _ 1 4 - 1 @ P 7 5 _ _ _ _ _ _ . . _ _ _ _ ( 1 ) - 1                 ,   
2026-09-18 11:32:42,053 INFO  CommonSwOperations.cs: 254 - Successfully loaded component D:\Desktop\HU501urdf\P75_X2_63a88fdb56686ca17f517f694e097ef456fe_X0__14.SLDPRT
2026-09-18 11:32:42,053 INFO  CommonSwOperations.cs: 245 - Loading component with PID 8J     ???gP 7 5 _ _ _ _ _ _ . . _ _ _ _ ( 1 ) - 1 - 1 @ ?V?eb_9???M??V/ P 7 5 _ X 2 _ 6 3 a 8 8 f d b 5 6 6 8 6 c a 1 7 f 5 1 7 f 6 9 4 e 0 9 7 e f 4 5 6 f e _ X 0 _ _ 6 - 1 @ P 7 5 _ _ _ _ _ _ . . _ _ _ _ ( 1 ) - 1                    
2026-09-18 11:32:42,053 INFO  CommonSwOperations.cs: 254 - Successfully loaded component D:\Desktop\HU501urdf\P75_X2_63a88fdb56686ca17f517f694e097ef456fe_X0__6.SLDPRT
2026-09-18 11:32:42,055 INFO  CommonSwOperations.cs: 245 - Loading component with PID 8J     ???hP 7 5 _ _ _ _ _ _ . . _ _ _ _ ( 1 ) - 1 - 1 @ ?V?eb_9???M??V/ P 7 5 _ X 2 _ 6 3 a 8 8 f d b 5 6 6 8 6 c a 1 7 f 5 1 7 f 6 9 4 e 0 9 7 e f 4 5 6 f e _ X 0 _ _ 1 1 - 1 @ P 7 5 _ _ _ _ _ _ . . _ _ _ _ ( 1 ) - 1                 -   
2026-09-18 11:32:42,055 INFO  CommonSwOperations.cs: 254 - Successfully loaded component D:\Desktop\HU501urdf\P75_X2_63a88fdb56686ca17f517f694e097ef456fe_X0__11.SLDPRT
2026-09-18 11:32:42,055 INFO  CommonSwOperations.cs: 230 - Loaded 4 components for link thruster1_Link
2026-09-18 11:32:42,055 INFO  CommonSwOperations.cs: 221 - Loading SolidWorks components for thruster2_Link from D:\Desktop\HU501urdf\ËÄ·½ÐÎ´¬×°ÅäÍ¼.SLDASM
2026-09-18 11:32:42,055 INFO  CommonSwOperations.cs: 245 - Loading component with PID 8J     ???hP 7 5 _ _ _ _ _ _ . . _ _ _ _ ( 1 ) - 3 - 1 @ ?V?eb_9???M??V/ P 7 5 _ X 2 _ 6 3 a 8 8 f d b 5 6 6 8 6 c a 1 7 f 5 1 7 f 6 9 4 e 0 9 7 e f 4 5 6 f e _ X 0 _ _ 1 3 - 1 @ P 7 5 _ _ _ _ _ _ . . _ _ _ _ ( 1 ) - 3             "   /   
2026-09-18 11:32:42,055 INFO  CommonSwOperations.cs: 254 - Successfully loaded component D:\Desktop\HU501urdf\P75_X2_63a88fdb56686ca17f517f694e097ef456fe_X0__13.SLDPRT
2026-09-18 11:32:42,055 INFO  CommonSwOperations.cs: 245 - Loading component with PID 8J     ???hP 7 5 _ _ _ _ _ _ . . _ _ _ _ ( 1 ) - 3 - 1 @ ?V?eb_9???M??V/ P 7 5 _ X 2 _ 6 3 a 8 8 f d b 5 6 6 8 6 c a 1 7 f 5 1 7 f 6 9 4 e 0 9 7 e f 4 5 6 f e _ X 0 _ _ 1 4 - 1 @ P 7 5 _ _ _ _ _ _ . . _ _ _ _ ( 1 ) - 3             "   ,   
2026-09-18 11:32:42,057 INFO  CommonSwOperations.cs: 254 - Successfully loaded component D:\Desktop\HU501urdf\P75_X2_63a88fdb56686ca17f517f694e097ef456fe_X0__14.SLDPRT
2026-09-18 11:32:42,057 INFO  CommonSwOperations.cs: 245 - Loading component with PID 8J     ???hP 7 5 _ _ _ _ _ _ . . _ _ _ _ ( 1 ) - 3 - 1 @ ?V?eb_9???M??V/ P 7 5 _ X 2 _ 6 3 a 8 8 f d b 5 6 6 8 6 c a 1 7 f 5 1 7 f 6 9 4 e 0 9 7 e f 4 5 6 f e _ X 0 _ _ 1 8 - 1 @ P 7 5 _ _ _ _ _ _ . . _ _ _ _ ( 1 ) - 3             "      
2026-09-18 11:32:42,057 INFO  CommonSwOperations.cs: 254 - Successfully loaded component D:\Desktop\HU501urdf\P75_X2_63a88fdb56686ca17f517f694e097ef456fe_X0__18.SLDPRT
2026-09-18 11:32:42,057 INFO  CommonSwOperations.cs: 245 - Loading component with PID 8J     ???gP 7 5 _ _ _ _ _ _ . . _ _ _ _ ( 1 ) - 3 - 1 @ ?V?eb_9???M??V/ P 7 5 _ X 2 _ 6 3 a 8 8 f d b 5 6 6 8 6 c a 1 7 f 5 1 7 f 6 9 4 e 0 9 7 e f 4 5 6 f e _ X 0 _ _ 6 - 1 @ P 7 5 _ _ _ _ _ _ . . _ _ _ _ ( 1 ) - 3             "      
2026-09-18 11:32:42,057 INFO  CommonSwOperations.cs: 254 - Successfully loaded component D:\Desktop\HU501urdf\P75_X2_63a88fdb56686ca17f517f694e097ef456fe_X0__6.SLDPRT
2026-09-18 11:32:42,059 INFO  CommonSwOperations.cs: 245 - Loading component with PID 8J     ???gP 7 5 _ _ _ _ _ _ . . _ _ _ _ ( 1 ) - 3 - 1 @ ?V?eb_9???M??V/ P 7 5 _ X 2 _ 6 3 a 8 8 f d b 5 6 6 8 6 c a 1 7 f 5 1 7 f 6 9 4 e 0 9 7 e f 4 5 6 f e _ X 0 _ _ 2 - 1 @ P 7 5 _ _ _ _ _ _ . . _ _ _ _ ( 1 ) - 3             "   .   
2026-09-18 11:32:42,060 INFO  CommonSwOperations.cs: 254 - Successfully loaded component D:\Desktop\HU501urdf\P75_X2_63a88fdb56686ca17f517f694e097ef456fe_X0__2.SLDPRT
2026-09-18 11:32:42,060 INFO  CommonSwOperations.cs: 245 - Loading component with PID 8J     ???hP 7 5 _ _ _ _ _ _ . . _ _ _ _ ( 1 ) - 3 - 1 @ ?V?eb_9???M??V/ P 7 5 _ X 2 _ 6 3 a 8 8 f d b 5 6 6 8 6 c a 1 7 f 5 1 7 f 6 9 4 e 0 9 7 e f 4 5 6 f e _ X 0 _ _ 1 9 - 1 @ P 7 5 _ _ _ _ _ _ . . _ _ _ _ ( 1 ) - 3             "      
2026-09-18 11:32:42,061 INFO  CommonSwOperations.cs: 254 - Successfully loaded component D:\Desktop\HU501urdf\P75_X2_63a88fdb56686ca17f517f694e097ef456fe_X0__19.SLDPRT
2026-09-18 11:32:42,061 INFO  CommonSwOperations.cs: 245 - Loading component with PID 8J     ???eP 7 5 _ _ _ _ _ _ . . _ _ _ _ ( 1 ) - 3 - 1 @ ?V?eb_9???M??V/ P 7 5 _ X 2 _ 6 3 a 8 8 f d b 5 6 6 8 6 c a 1 7 f 5 1 7 f 6 9 4 e 0 9 7 e f 4 5 6 f e _ X 0 _ - 1 @ P 7 5 _ _ _ _ _ _ . . _ _ _ _ ( 1 ) - 3             "      
2026-09-18 11:32:42,061 INFO  CommonSwOperations.cs: 254 - Successfully loaded component D:\Desktop\HU501urdf\P75_X2_63a88fdb56686ca17f517f694e097ef456fe_X0_.SLDPRT
2026-09-18 11:32:42,061 INFO  CommonSwOperations.cs: 245 - Loading component with PID 8J     ???hP 7 5 _ _ _ _ _ _ . . _ _ _ _ ( 1 ) - 3 - 1 @ ?V?eb_9???M??V/ P 7 5 _ X 2 _ 6 3 a 8 8 f d b 5 6 6 8 6 c a 1 7 f 5 1 7 f 6 9 4 e 0 9 7 e f 4 5 6 f e _ X 0 _ _ 1 1 - 1 @ P 7 5 _ _ _ _ _ _ . . _ _ _ _ ( 1 ) - 3             "   -   
2026-09-18 11:32:42,061 INFO  CommonSwOperations.cs: 254 - Successfully loaded component D:\Desktop\HU501urdf\P75_X2_63a88fdb56686ca17f517f694e097ef456fe_X0__11.SLDPRT
2026-09-18 11:32:42,061 INFO  CommonSwOperations.cs: 230 - Loaded 8 components for link thruster2_Link
2026-09-18 11:32:42,074 INFO  SwAddin.cs: 344 - Showing property manager
2026-09-18 11:33:23,682 INFO  ExportPropertyManager.cs: 1018 - OnComboboxSelectionChanged called. This method no longer throws an Exception. It just silently does nothing. Ok, except for this logging message
2026-09-18 11:33:25,249 INFO  ExportPropertyManager.cs: 1018 - OnComboboxSelectionChanged called. This method no longer throws an Exception. It just silently does nothing. Ok, except for this logging message
2026-09-18 11:34:13,609 INFO  ExportPropertyManager.cs: 1136 - OnNumberBoxTrackingCompleted called. This method no longer throws an Exception. It just silently does nothing. Ok, except for this logging message
2026-09-18 11:34:42,673 INFO  ExportPropertyManager.cs: 1018 - OnComboboxSelectionChanged called. This method no longer throws an Exception. It just silently does nothing. Ok, except for this logging message
2026-09-18 11:34:44,882 INFO  ExportPropertyManager.cs: 1018 - OnComboboxSelectionChanged called. This method no longer throws an Exception. It just silently does nothing. Ok, except for this logging message
2026-09-18 11:37:07,232 INFO  ExportPropertyManager.cs: 422 - Configuration saved
2026-09-18 11:37:07,234 INFO  ConfigurationSerialization.cs: 276 - URDF Configuration found
<Link z:Id="i1" xmlns="http://schemas.datacontract.org/2004/07/SW2URDF" xmlns:i="http://www.w3.org/2001/XMLSchema-instance" xmlns:z="http://schemas.microsoft.com/2003/10/Serialization/"><Attributes><Attribute z:Id="i2"><AttributeType>name</AttributeType><IsRequired>true</IsRequired><Value i:type="a:string" xmlns:a="http://www.w3.org/2001/XMLSchema">base_link</Value></Attribute></Attributes><ChildElements><URDFElement z:Id="i3" i:type="Inertial"><Attributes/><ChildElements><URDFElement z:Id="i4" i:type="Origin"><Attributes><Attribute z:Id="i5"><AttributeType>xyz</AttributeType><IsRequired>true</IsRequired><Value i:type="a:ArrayOfdouble" xmlns:a="http://schemas.microsoft.com/2003/10/Serialization/Arrays"><a:double>0</a:double><a:double>0</a:double><a:double>0</a:double></Value></Attribute><Attribute z:Id="i6"><AttributeType>rpy</AttributeType><IsRequired>true</IsRequired><Value i:type="a:ArrayOfdouble" xmlns:a="http://schemas.microsoft.com/2003/10/Serialization/Arrays"><a:double>0</a:double><a:double>0</a:double><a:double>0</a:double></Value></Attribute></Attributes><ChildElements/><ElementName>origin</ElementName><required>false</required><RPYAttribute z:Ref="i6"/><XYZAttribute z:Ref="i5"/><isCustomized>false</isCustomized></URDFElement><URDFElement z:Id="i7" i:type="Mass"><Attributes><Attribute z:Id="i8"><AttributeType>value</AttributeType><IsRequired>true</IsRequired><Value i:type="a:double" xmlns:a="http://www.w3.org/2001/XMLSchema">0</Value></Attribute></Attributes><ChildElements/><ElementName>mass</ElementName><required>false</required><ValueAttribute z:Ref="i8"/></URDFElement><URDFElement z:Id="i9" i:type="Inertia"><Attributes><Attribute z:Id="i10"><AttributeType>ixx</AttributeType><IsRequired>true</IsRequired><Value i:type="a:double" xmlns:a="http://www.w3.org/2001/XMLSchema">0</Value></Attribute><Attribute z:Id="i11"><AttributeType>ixy</AttributeType><IsRequired>true</IsRequired><Value i:type="a:double" xmlns:a="http://www.w3.org/2001/XMLSchema">0</Value></Attribute><Attribute z:Id="i12"><AttributeType>ixz</AttributeType><IsRequired>true</IsRequired><Value i:type="a:double" xmlns:a="http://www.w3.org/2001/XMLSchema">0</Value></Attribute><Attribute z:Id="i13"><AttributeType>iyy</AttributeType><IsRequired>true</IsRequired><Value i:type="a:double" xmlns:a="http://www.w3.org/2001/XMLSchema">0</Value></Attribute><Attribute z:Id="i14"><AttributeType>iyz</AttributeType><IsRequired>true</IsRequired><Value i:type="a:double" xmlns:a="http://www.w3.org/2001/XMLSchema">0</Value></Attribute><Attribute z:Id="i15"><AttributeType>izz</AttributeType><IsRequired>true</IsRequired><Value i:type="a:double" xmlns:a="http://www.w3.org/2001/XMLSchema">0</Value></Attribute></Attributes><ChildElements/><ElementName>inertia</ElementName><required>false</required><IxxAttribute z:Ref="i10"/><IxyAttribute z:Ref="i11"/><IxzAttribute z:Ref="i12"/><IyyAttribute z:Ref="i13"/><IyzAttribute z:Ref="i14"/><IzzAttribute z:Ref="i15"/></URDFElement></ChildElements><ElementName>inertial</ElementName><required>false</required><Inertia z:Ref="i9"/><Mass z:Ref="i7"/><Origin z:Ref="i4"/></URDFElement><URDFElement z:Id="i16" i:type="Visual"><Attributes/><ChildElements><URDFElement z:Id="i17" i:type="Origin"><Attributes><Attribute z:Id="i18"><AttributeType>xyz</AttributeType><IsRequired>true</IsRequired><Value i:type="a:ArrayOfdouble" xmlns:a="http://schemas.microsoft.com/2003/10/Serialization/Arrays"><a:double>0</a:double><a:double>0</a:double><a:double>0</a:double></Value></Attribute><Attribute z:Id="i19"><AttributeType>rpy</AttributeType><IsRequired>true</IsRequired><Value i:type="a:ArrayOfdouble" xmlns:a="http://schemas.microsoft.com/2003/10/Serialization/Arrays"><a:double>0</a:double><a:double>0</a:double><a:double>0</a:double></Value></Attribute></Attributes><ChildElements/><ElementName>origin</ElementName><required>false</required><RPYAttribute z:Ref="i19"/><XYZAttribute z:Ref="i18"/><isCustomized>false</isCustomized></URDFElement><URDFElement z:Id="i20" i:type="Geometry"><Attributes/><ChildElements><URDFElement z:Id="i21" i:type="Mesh"><Attributes><Attribute z:Id="i22"><AttributeType>filename</AttributeType><IsRequired>true</IsRequired><Value i:nil="true"/></Attribute></Attributes><ChildElements/><ElementName>mesh</ElementName><required>false</required><FilenameAttribute z:Ref="i22"/></URDFElement></ChildElements><ElementName>geometry</ElementName><required>true</required><Mesh z:Ref="i21"/></URDFElement><URDFElement z:Id="i23" i:type="Material"><Attributes><Attribute z:Id="i24"><AttributeType>name</AttributeType><IsRequired>true</IsRequired><Value i:type="a:string" xmlns:a="http://www.w3.org/2001/XMLSchema"/></Attribute></Attributes><ChildElements><URDFElement z:Id="i25" i:type="Color"><Attributes><Attribute z:Id="i26"><AttributeType>rgba</AttributeType><IsRequired>true</IsRequired><Value i:type="a:ArrayOfdouble" xmlns:a="http://schemas.microsoft.com/2003/10/Serialization/Arrays"><a:double>1</a:double><a:double>1</a:double><a:double>1</a:double><a:double>1</a:double></Value></Attribute></Attributes><ChildElements/><ElementName>color</ElementName><required>false</required><RGBAAttribute z:Ref="i26"/></URDFElement><URDFElement z:Id="i27" i:type="Texture"><Attributes><Attribute z:Id="i28"><AttributeType>filename</AttributeType><IsRequired>true</IsRequired><Value i:nil="true"/></Attribute></Attributes><ChildElements/><ElementName>texture</ElementName><required>false</required><FilenameAttribute z:Ref="i28"/><wFilename/></URDFElement></ChildElements><ElementName>material</ElementName><required>false</required><Color z:Ref="i25"/><NameAttribute z:Ref="i24"/><Texture z:Ref="i27"/></URDFElement></ChildElements><ElementName>visual</ElementName><required>false</required><Geometry z:Ref="i20"/><Material z:Ref="i23"/><Origin z:Ref="i17"/></URDFElement><URDFElement z:Id="i29" i:type="Collision"><Attributes/><ChildElements><URDFElement z:Id="i30" i:type="Origin"><Attributes><Attribute z:Id="i31"><AttributeType>xyz</AttributeType><IsRequired>true</IsRequired><Value i:type="a:ArrayOfdouble" xmlns:a="http://schemas.microsoft.com/2003/10/Serialization/Arrays"><a:double>0</a:double><a:double>0</a:double><a:double>0</a:double></Value></Attribute><Attribute z:Id="i32"><AttributeType>rpy</AttributeType><IsRequired>true</IsRequired><Value i:type="a:ArrayOfdouble" xmlns:a="http://schemas.microsoft.com/2003/10/Serialization/Arrays"><a:double>0</a:double><a:double>0</a:double><a:double>0</a:double></Value></Attribute></Attributes><ChildElements/><ElementName>origin</ElementName><required>false</required><RPYAttribute z:Ref="i32"/><XYZAttribute z:Ref="i31"/><isCustomized>false</isCustomized></URDFElement><URDFElement z:Id="i33" i:type="Geometry"><Attributes/><ChildElements><URDFElement z:Id="i34" i:type="Mesh"><Attributes><Attribute z:Id="i35"><AttributeType>filename</AttributeType><IsRequired>true</IsRequired><Value i:nil="true"/></Attribute></Attributes><ChildElements/><ElementName>mesh</ElementName><required>false</required><FilenameAttribute z:Ref="i35"/></URDFElement></ChildElements><ElementName>geometry</ElementName><required>true</required><Mesh z:Ref="i34"/></URDFElement></ChildElements><ElementName>collision</ElementName><required>false</required><Geometry z:Ref="i33"/><Origin z:Ref="i30"/></URDFElement><URDFElement z:Id="i36" i:type="Joint"><Attributes><Attribute z:Id="i37"><AttributeType>name</AttributeType><IsRequired>true</IsRequired><Value i:type="a:string" xmlns:a="http://www.w3.org/2001/XMLSchema"/></Attribute><Attribute z:Id="i38"><AttributeType>type</AttributeType><IsRequired>true</IsRequired><Value i:type="a:string" xmlns:a="http://www.w3.org/2001/XMLSchema"/></Attribute></Attributes><ChildElements><URDFElement z:Id="i39" i:type="Origin"><Attributes><Attribute z:Id="i40"><AttributeType>xyz</AttributeType><IsRequired>true</IsRequired><Value i:type="a:ArrayOfdouble" xmlns:a="http://schemas.microsoft.com/2003/10/Serialization/Arrays"><a:double>0</a:double><a:double>0</a:double><a:double>0</a:double></Value></Attribute><Attribute z:Id="i41"><AttributeType>rpy</AttributeType><IsRequired>true</IsRequired><Value i:type="a:ArrayOfdouble" xmlns:a="http://schemas.microsoft.com/2003/10/Serialization/Arrays"><a:double>0</a:double><a:double>0</a:double><a:double>0</a:double></Value></Attribute></Attributes><ChildElements/><ElementName>origin</ElementName><required>false</required><RPYAttribute z:Ref="i41"/><XYZAttribute z:Ref="i40"/><isCustomized>false</isCustomized></URDFElement><URDFElement z:Id="i42" i:type="ParentLink"><Attributes><Attribute z:Id="i43"><AttributeType>link</AttributeType><IsRequired>true</IsRequired><Value i:type="a:string" xmlns:a="http://www.w3.org/2001/XMLSchema"/></Attribute></Attributes><ChildElements/><ElementName>parent</ElementName><required>true</required><NameAttribute z:Ref="i43"/></URDFElement><URDFElement z:Id="i44" i:type="ChildLink"><Attributes><Attribute z:Id="i45"><AttributeType>link</AttributeType><IsRequired>true</IsRequired><Value i:type="a:string" xmlns:a="http://www.w3.org/2001/XMLSchema"/></Attribute></Attributes><ChildElements/><ElementName>child</ElementName><required>true</required><NameAttribute z:Ref="i45"/></URDFElement><URDFElement z:Id="i46" i:type="Axis"><Attributes><Attribute z:Id="i47"><AttributeType>xyz</AttributeType><IsRequired>true</IsRequired><Value i:type="a:ArrayOfdouble" xmlns:a="http://schemas.microsoft.com/2003/10/Serialization/Arrays"><a:double>0</a:double><a:double>0</a:double><a:double>0</a:double></Value></Attribute></Attributes><ChildElements/><ElementName>axis</ElementName><required>false</required><XYZAttribute z:Ref="i47"/></URDFElement><URDFElement z:Id="i48" i:type="Limit"><Attributes><Attribute z:Id="i49"><AttributeType>lower</AttributeType><IsRequired>false</IsRequired><Value i:nil="true"/></Attribute><Attribute z:Id="i50"><AttributeType>upper</AttributeType><IsRequired>false</IsRequired><Value i:nil="true"/></Attribute><Attribute z:Id="i51"><AttributeType>effort</AttributeType><IsRequired>true</IsRequired><Value i:nil="true"/></Attribute><Attribute z:Id="i52"><AttributeType>velocity</AttributeType><IsRequired>true</IsRequired><Value i:nil="true"/></Attribute></Attributes><ChildElements/><ElementName>limit</ElementName><required>false</required><EffortAttribute z:Ref="i51"/><LowerAttribute z:Ref="i49"/><UpperAttribute z:Ref="i50"/><VelocityAttribute z:Ref="i52"/></URDFElement><URDFElement z:Id="i53" i:type="Calibration"><Attributes><Attribute z:Id="i54"><AttributeType>rising</AttributeType><IsRequired>false</IsRequired><Value i:nil="true"/></Attribute><Attribute z:Id="i55"><AttributeType>falling</AttributeType><IsRequired>false</IsRequired><Value i:nil="true"/></Attribute></Attributes><ChildElements/><ElementName>calibration</ElementName><required>false</required><FallingAttribute z:Ref="i55"/><RisingAttribute z:Ref="i54"/></URDFElement><URDFElement z:Id="i56" i:type="Dynamics"><Attributes><Attribute z:Id="i57"><AttributeType>damping</AttributeType><IsRequired>false</IsRequired><Value i:nil="true"/></Attribute><Attribute z:Id="i58"><AttributeType>friction</AttributeType><IsRequired>false</IsRequired><Value i:nil="true"/></Attribute></Attributes><ChildElements/><ElementName>dynamics</ElementName><required>false</required><DampingAttribute z:Ref="i57"/><FrictionAttribute z:Ref="i58"/></URDFElement><URDFElement z:Id="i59" i:type="SafetyController"><Attributes><Attribute z:Id="i60"><AttributeType>soft_upper_limit</AttributeType><IsRequired>false</IsRequired><Value i:nil="true"/></Attribute><Attribute z:Id="i61"><AttributeType>soft_lower_limit</AttributeType><IsRequired>false</IsRequired><Value i:nil="true"/></Attribute><Attribute z:Id="i62"><AttributeType>k_position</AttributeType><IsRequired>false</IsRequired><Value i:nil="true"/></Attribute><Attribute z:Id="i63"><AttributeType>k_velocity</AttributeType><IsRequired>true</IsRequired><Value i:nil="true"/></Attribute></Attributes><ChildElements/><ElementName>safety_controller</ElementName><required>false</required><KPositionAttribute z:Ref="i62"/><KVelocityAttribute z:Ref="i63"/><SoftLowerAttribute z:Ref="i61"/><SoftUpperAttribute z:Ref="i60"/></URDFElement><URDFElement z:Id="i64" i:type="Mimic"><Attributes><Attribute z:Id="i65"><AttributeType>joint</AttributeType><IsRequired>true</IsRequired><Value i:nil="true"/></Attribute><Attribute z:Id="i66"><AttributeType>multiplier</AttributeType><IsRequired>false</IsRequired><Value i:nil="true"/></Attribute><Attribute z:Id="i67"><AttributeType>offset</AttributeType><IsRequired>false</IsRequired><Value i:nil="true"/></Attribute></Attributes><ChildElements/><ElementName>mimic</ElementName><required>false</required><JointNameAttribute z:Ref="i65"/><MultiplierAttribute z:Ref="i66"/><OffsetAttribute z:Ref="i67"/></URDFElement></ChildElements><ElementName>joint</ElementName><required>false</required><Axis z:Ref="i46"/><AxisName/><Calibration z:Ref="i53"/><Child z:Ref="i44"/><CoordinateSystemName>Automatically Generate</CoordinateSystemName><Dynamics z:Ref="i56"/><Limit z:Ref="i48"/><Mimic z:Ref="i64"/><NameAttribute z:Ref="i37"/><Origin z:Ref="i39"/><Parent z:Ref="i42"/><Safety z:Ref="i59"/><TypeAttribute z:Ref="i38"/></URDFElement></ChildElements><ElementName>link</ElementName><required>true</required><Children><Link z:Id="i68"><Attributes><Attribute z:Id="i69"><AttributeType>name</AttributeType><IsRequired>true</IsRequired><Value i:type="a:string" xmlns:a="http://www.w3.org/2001/XMLSchema">thruster1_Link</Value></Attribute></Attributes><ChildElements><URDFElement z:Id="i70" i:type="Inertial"><Attributes/><ChildElements><URDFElement z:Id="i71" i:type="Origin"><Attributes><Attribute z:Id="i72"><AttributeType>xyz</AttributeType><IsRequired>true</IsRequired><Value i:type="a:ArrayOfdouble" xmlns:a="http://schemas.microsoft.com/2003/10/Serialization/Arrays"><a:double>0</a:double><a:double>0</a:double><a:double>0</a:double></Value></Attribute><Attribute z:Id="i73"><AttributeType>rpy</AttributeType><IsRequired>true</IsRequired><Value i:type="a:ArrayOfdouble" xmlns:a="http://schemas.microsoft.com/2003/10/Serialization/Arrays"><a:double>0</a:double><a:double>0</a:double><a:double>0</a:double></Value></Attribute></Attributes><ChildElements/><ElementName>origin</ElementName><required>false</required><RPYAttribute z:Ref="i73"/><XYZAttribute z:Ref="i72"/><isCustomized>false</isCustomized></URDFElement><URDFElement z:Id="i74" i:type="Mass"><Attributes><Attribute z:Id="i75"><AttributeType>value</AttributeType><IsRequired>true</IsRequired><Value i:type="a:double" xmlns:a="http://www.w3.org/2001/XMLSchema">0</Value></Attribute></Attributes><ChildElements/><ElementName>mass</ElementName><required>false</required><ValueAttribute z:Ref="i75"/></URDFElement><URDFElement z:Id="i76" i:type="Inertia"><Attributes><Attribute z:Id="i77"><AttributeType>ixx</AttributeType><IsRequired>true</IsRequired><Value i:type="a:double" xmlns:a="http://www.w3.org/2001/XMLSchema">0</Value></Attribute><Attribute z:Id="i78"><AttributeType>ixy</AttributeType><IsRequired>true</IsRequired><Value i:type="a:double" xmlns:a="http://www.w3.org/2001/XMLSchema">0</Value></Attribute><Attribute z:Id="i79"><AttributeType>ixz</AttributeType><IsRequired>true</IsRequired><Value i:type="a:double" xmlns:a="http://www.w3.org/2001/XMLSchema">0</Value></Attribute><Attribute z:Id="i80"><AttributeType>iyy</AttributeType><IsRequired>true</IsRequired><Value i:type="a:double" xmlns:a="http://www.w3.org/2001/XMLSchema">0</Value></Attribute><Attribute z:Id="i81"><AttributeType>iyz</AttributeType><IsRequired>true</IsRequired><Value i:type="a:double" xmlns:a="http://www.w3.org/2001/XMLSchema">0</Value></Attribute><Attribute z:Id="i82"><AttributeType>izz</AttributeType><IsRequired>true</IsRequired><Value i:type="a:double" xmlns:a="http://www.w3.org/2001/XMLSchema">0</Value></Attribute></Attributes><ChildElements/><ElementName>inertia</ElementName><required>false</required><IxxAttribute z:Ref="i77"/><IxyAttribute z:Ref="i78"/><IxzAttribute z:Ref="i79"/><IyyAttribute z:Ref="i80"/><IyzAttribute z:Ref="i81"/><IzzAttribute z:Ref="i82"/></URDFElement></ChildElements><ElementName>inertial</ElementName><required>false</required><Inertia z:Ref="i76"/><Mass z:Ref="i74"/><Origin z:Ref="i71"/></URDFElement><URDFElement z:Id="i83" i:type="Visual"><Attributes/><ChildElements><URDFElement z:Id="i84" i:type="Origin"><Attributes><Attribute z:Id="i85"><AttributeType>xyz</AttributeType><IsRequired>true</IsRequired><Value i:type="a:ArrayOfdouble" xmlns:a="http://schemas.microsoft.com/2003/10/Serialization/Arrays"><a:double>0</a:double><a:double>0</a:double><a:double>0</a:double></Value></Attribute><Attribute z:Id="i86"><AttributeType>rpy</AttributeType><IsRequired>true</IsRequired><Value i:type="a:ArrayOfdouble" xmlns:a="http://schemas.microsoft.com/2003/10/Serialization/Arrays"><a:double>0</a:double><a:double>0</a:double><a:double>0</a:double></Value></Attribute></Attributes><ChildElements/><ElementName>origin</ElementName><required>false</required><RPYAttribute z:Ref="i86"/><XYZAttribute z:Ref="i85"/><isCustomized>false</isCustomized></URDFElement><URDFElement z:Id="i87" i:type="Geometry"><Attributes/><ChildElements><URDFElement z:Id="i88" i:type="Mesh"><Attributes><Attribute z:Id="i89"><AttributeType>filename</AttributeType><IsRequired>true</IsRequired><Value i:nil="true"/></Attribute></Attributes><ChildElements/><ElementName>mesh</ElementName><required>false</required><FilenameAttribute z:Ref="i89"/></URDFElement></ChildElements><ElementName>geometry</ElementName><required>true</required><Mesh z:Ref="i88"/></URDFElement><URDFElement z:Id="i90" i:type="Material"><Attributes><Attribute z:Id="i91"><AttributeType>name</AttributeType><IsRequired>true</IsRequired><Value i:type="a:string" xmlns:a="http://www.w3.org/2001/XMLSchema"/></Attribute></Attributes><ChildElements><URDFElement z:Id="i92" i:type="Color"><Attributes><Attribute z:Id="i93"><AttributeType>rgba</AttributeType><IsRequired>true</IsRequired><Value i:type="a:ArrayOfdouble" xmlns:a="http://schemas.microsoft.com/2003/10/Serialization/Arrays"><a:double>1</a:double><a:double>1</a:double><a:double>1</a:double><a:double>1</a:double></Value></Attribute></Attributes><ChildElements/><ElementName>color</ElementName><required>false</required><RGBAAttribute z:Ref="i93"/></URDFElement><URDFElement z:Id="i94" i:type="Texture"><Attributes><Attribute z:Id="i95"><AttributeType>filename</AttributeType><IsRequired>true</IsRequired><Value i:nil="true"/></Attribute></Attributes><ChildElements/><ElementName>texture</ElementName><required>false</required><FilenameAttribute z:Ref="i95"/><wFilename/></URDFElement></ChildElements><ElementName>material</ElementName><required>false</required><Color z:Ref="i92"/><NameAttribute z:Ref="i91"/><Texture z:Ref="i94"/></URDFElement></ChildElements><ElementName>visual</ElementName><required>false</required><Geometry z:Ref="i87"/><Material z:Ref="i90"/><Origin z:Ref="i84"/></URDFElement><URDFElement z:Id="i96" i:type="Collision"><Attributes/><ChildElements><URDFElement z:Id="i97" i:type="Origin"><Attributes><Attribute z:Id="i98"><AttributeType>xyz</AttributeType><IsRequired>true</IsRequired><Value i:type="a:ArrayOfdouble" xmlns:a="http://schemas.microsoft.com/2003/10/Serialization/Arrays"><a:double>0</a:double><a:double>0</a:double><a:double>0</a:double></Value></Attribute><Attribute z:Id="i99"><AttributeType>rpy</AttributeType><IsRequired>true</IsRequired><Value i:type="a:ArrayOfdouble" xmlns:a="http://schemas.microsoft.com/2003/10/Serialization/Arrays"><a:double>0</a:double><a:double>0</a:double><a:double>0</a:double></Value></Attribute></Attributes><ChildElements/><ElementName>origin</ElementName><required>false</required><RPYAttribute z:Ref="i99"/><XYZAttribute z:Ref="i98"/><isCustomized>false</isCustomized></URDFElement><URDFElement z:Id="i100" i:type="Geometry"><Attributes/><ChildElements><URDFElement z:Id="i101" i:type="Mesh"><Attributes><Attribute z:Id="i102"><AttributeType>filename</AttributeType><IsRequired>true</IsRequired><Value i:nil="true"/></Attribute></Attributes><ChildElements/><ElementName>mesh</ElementName><required>false</required><FilenameAttribute z:Ref="i102"/></URDFElement></ChildElements><ElementName>geometry</ElementName><required>true</required><Mesh z:Ref="i101"/></URDFElement></ChildElements><ElementName>collision</ElementName><required>false</required><Geometry z:Ref="i100"/><Origin z:Ref="i97"/></URDFElement><URDFElement z:Id="i103" i:type="Joint"><Attributes><Attribute z:Id="i104"><AttributeType>name</AttributeType><IsRequired>true</IsRequired><Value i:type="a:string" xmlns:a="http://www.w3.org/2001/XMLSchema">joint1_turuster1</Value></Attribute><Attribute z:Id="i105"><AttributeType>type</AttributeType><IsRequired>true</IsRequired><Value i:type="a:string" xmlns:a="http://www.w3.org/2001/XMLSchema">fixed</Value></Attribute></Attributes><ChildElements><URDFElement z:Id="i106" i:type="Origin"><Attributes><Attribute z:Id="i107"><AttributeType>xyz</AttributeType><IsRequired>true</IsRequired><Value i:type="a:ArrayOfdouble" xmlns:a="http://schemas.microsoft.com/2003/10/Serialization/Arrays"><a:double>0</a:double><a:double>0</a:double><a:double>0</a:double></Value></Attribute><Attribute z:Id="i108"><AttributeType>rpy</AttributeType><IsRequired>true</IsRequired><Value i:type="a:ArrayOfdouble" xmlns:a="http://schemas.microsoft.com/2003/10/Serialization/Arrays"><a:double>0</a:double><a:double>0</a:double><a:double>0</a:double></Value></Attribute></Attributes><ChildElements/><ElementName>origin</ElementName><required>false</required><RPYAttribute z:Ref="i108"/><XYZAttribute z:Ref="i107"/><isCustomized>false</isCustomized></URDFElement><URDFElement z:Id="i109" i:type="ParentLink"><Attributes><Attribute z:Id="i110"><AttributeType>link</AttributeType><IsRequired>true</IsRequired><Value i:type="a:string" xmlns:a="http://www.w3.org/2001/XMLSchema"/></Attribute></Attributes><ChildElements/><ElementName>parent</ElementName><required>true</required><NameAttribute z:Ref="i110"/></URDFElement><URDFElement z:Id="i111" i:type="ChildLink"><Attributes><Attribute z:Id="i112"><AttributeType>link</AttributeType><IsRequired>true</IsRequired><Value i:type="a:string" xmlns:a="http://www.w3.org/2001/XMLSchema"/></Attribute></Attributes><ChildElements/><ElementName>child</ElementName><required>true</required><NameAttribute z:Ref="i112"/></URDFElement><URDFElement z:Id="i113" i:type="Axis"><Attributes><Attribute z:Id="i114"><AttributeType>xyz</AttributeType><IsRequired>true</IsRequired><Value i:type="a:ArrayOfdouble" xmlns:a="http://schemas.microsoft.com/2003/10/Serialization/Arrays"><a:double>0</a:double><a:double>0</a:double><a:double>0</a:double></Value></Attribute></Attributes><ChildElements/><ElementName>axis</ElementName><required>false</required><XYZAttribute z:Ref="i114"/></URDFElement><URDFElement z:Id="i115" i:type="Limit"><Attributes><Attribute z:Id="i116"><AttributeType>lower</AttributeType><IsRequired>false</IsRequired><Value i:nil="true"/></Attribute><Attribute z:Id="i117"><AttributeType>upper</AttributeType><IsRequired>false</IsRequired><Value i:nil="true"/></Attribute><Attribute z:Id="i118"><AttributeType>effort</AttributeType><IsRequired>true</IsRequired><Value i:nil="true"/></Attribute><Attribute z:Id="i119"><AttributeType>velocity</AttributeType><IsRequired>true</IsRequired><Value i:nil="true"/></Attribute></Attributes><ChildElements/><ElementName>limit</ElementName><required>false</required><EffortAttribute z:Ref="i118"/><LowerAttribute z:Ref="i116"/><UpperAttribute z:Ref="i117"/><VelocityAttribute z:Ref="i119"/></URDFElement><URDFElement z:Id="i120" i:type="Calibration"><Attributes><Attribute z:Id="i121"><AttributeType>rising</AttributeType><IsRequired>false</IsRequired><Value i:nil="true"/></Attribute><Attribute z:Id="i122"><AttributeType>falling</AttributeType><IsRequired>false</IsRequired><Value i:nil="true"/></Attribute></Attributes><ChildElements/><ElementName>calibration</ElementName><required>false</required><FallingAttribute z:Ref="i122"/><RisingAttribute z:Ref="i121"/></URDFElement><URDFElement z:Id="i123" i:type="Dynamics"><Attributes><Attribute z:Id="i124"><AttributeType>damping</AttributeType><IsRequired>false</IsRequired><Value i:nil="true"/></Attribute><Attribute z:Id="i125"><AttributeType>friction</AttributeType><IsRequired>false</IsRequired><Value i:nil="true"/></Attribute></Attributes><ChildElements/><ElementName>dynamics</ElementName><required>false</required><DampingAttribute z:Ref="i124"/><FrictionAttribute z:Ref="i125"/></URDFElement><URDFElement z:Id="i126" i:type="SafetyController"><Attributes><Attribute z:Id="i127"><AttributeType>soft_upper_limit</AttributeType><IsRequired>false</IsRequired><Value i:nil="true"/></Attribute><Attribute z:Id="i128"><AttributeType>soft_lower_limit</AttributeType><IsRequired>false</IsRequired><Value i:nil="true"/></Attribute><Attribute z:Id="i129"><AttributeType>k_position</AttributeType><IsRequired>false</IsRequired><Value i:nil="true"/></Attribute><Attribute z:Id="i130"><AttributeType>k_velocity</AttributeType><IsRequired>true</IsRequired><Value i:nil="true"/></Attribute></Attributes><ChildElements/><ElementName>safety_controller</ElementName><required>false</required><KPositionAttribute z:Ref="i129"/><KVelocityAttribute z:Ref="i130"/><SoftLowerAttribute z:Ref="i128"/><SoftUpperAttribute z:Ref="i127"/></URDFElement><URDFElement z:Id="i131" i:type="Mimic"><Attributes><Attribute z:Id="i132"><AttributeType>joint</AttributeType><IsRequired>true</IsRequired><Value i:nil="true"/></Attribute><Attribute z:Id="i133"><AttributeType>multiplier</AttributeType><IsRequired>false</IsRequired><Value i:nil="true"/></Attribute><Attribute z:Id="i134"><AttributeType>offset</AttributeType><IsRequired>false</IsRequired><Value i:nil="true"/></Attribute></Attributes><ChildElements/><ElementName>mimic</ElementName><required>false</required><JointNameAttribute z:Ref="i132"/><MultiplierAttribute z:Ref="i133"/><OffsetAttribute z:Ref="i134"/></URDFElement></ChildElements><ElementName>joint</ElementName><required>false</required><Axis z:Ref="i113"/><AxisName>?????????1</AxisName><Calibration z:Ref="i120"/><Child z:Ref="i111"/><CoordinateSystemName>Automatically Generate</CoordinateSystemName><Dynamics z:Ref="i123"/><Limit z:Ref="i115"/><Mimic z:Ref="i131"/><NameAttribute z:Ref="i104"/><Origin z:Ref="i106"/><Parent z:Ref="i109"/><Safety z:Ref="i126"/><TypeAttribute z:Ref="i105"/></URDFElement></ChildElements><ElementName>link</ElementName><required>true</required><Children/><Collision z:Ref="i96"/><Inertial z:Ref="i70"/><Joint z:Ref="i103"/><NameAttribute z:Ref="i69"/><Parent z:Ref="i1"/><STLQualityFine>false</STLQualityFine><SWComponentPIDs xmlns:a="http://schemas.microsoft.com/2003/10/Serialization/Arrays"><a:base64Binary>OEoAAAUAAAD//v9oUAA3ADUAXwBfAF8AXwBfAF8ALgAuAF8AXwBfAF8AKAAxACkALQAxAC0AMQBAANtWuWViXzmCxYhNkf5WLwBQADcANQBfAFgAMgBfADYAMwBhADgAOABmAGQAYgA1ADYANgA4ADYAYwBhADEANwBmADUAMQA3AGYANgA5ADQAZQAwADkANwBlAGYANAA1ADYAZgBlAF8AWAAwAF8AXwAxADMALQAxAEAAUAA3ADUAXwBfAF8AXwBfAF8ALgAuAF8AXwBfAF8AKAAxACkALQAxAAQAAAAQAAAAAQAAAAIAAAAgAAAALwAAAA==</a:base64Binary><a:base64Binary>OEoAAAUAAAD//v9oUAA3ADUAXwBfAF8AXwBfAF8ALgAuAF8AXwBfAF8AKAAxACkALQAxAC0AMQBAANtWuWViXzmCxYhNkf5WLwBQADcANQBfAFgAMgBfADYAMwBhADgAOABmAGQAYgA1ADYANgA4ADYAYwBhADEANwBmADUAMQA3AGYANgA5ADQAZQAwADkANwBlAGYANAA1ADYAZgBlAF8AWAAwAF8AXwAxADQALQAxAEAAUAA3ADUAXwBfAF8AXwBfAF8ALgAuAF8AXwBfAF8AKAAxACkALQAxAAQAAAAQAAAAAQAAAAIAAAAgAAAALAAAAA==</a:base64Binary><a:base64Binary>OEoAAAUAAAD//v9nUAA3ADUAXwBfAF8AXwBfAF8ALgAuAF8AXwBfAF8AKAAxACkALQAxAC0AMQBAANtWuWViXzmCxYhNkf5WLwBQADcANQBfAFgAMgBfADYAMwBhADgAOABmAGQAYgA1ADYANgA4ADYAYwBhADEANwBmADUAMQA3AGYANgA5ADQAZQAwADkANwBlAGYANAA1ADYAZgBlAF8AWAAwAF8AXwA2AC0AMQBAAFAANwA1AF8AXwBfAF8AXwBfAC4ALgBfAF8AXwBfACgAMQApAC0AMQAEAAAAEAAAAAEAAAACAAAAIAAAABoAAAA=</a:base64Binary><a:base64Binary>OEoAAAUAAAD//v9oUAA3ADUAXwBfAF8AXwBfAF8ALgAuAF8AXwBfAF8AKAAxACkALQAxAC0AMQBAANtWuWViXzmCxYhNkf5WLwBQADcANQBfAFgAMgBfADYAMwBhADgAOABmAGQAYgA1ADYANgA4ADYAYwBhADEANwBmADUAMQA3AGYANgA5ADQAZQAwADkANwBlAGYANAA1ADYAZgBlAF8AWAAwAF8AXwAxADEALQAxAEAAUAA3ADUAXwBfAF8AXwBfAF8ALgAuAF8AXwBfAF8AKAAxACkALQAxAAQAAAAQAAAAAQAAAAIAAAAgAAAALQAAAA==</a:base64Binary></SWComponentPIDs><SWMainComponentPID i:nil="true"/><Visual z:Ref="i83"/><isFixedFrame>false</isFixedFrame><isIncomplete>false</isIncomplete></Link><Link z:Id="i135"><Attributes><Attribute z:Id="i136"><AttributeType>name</AttributeType><IsRequired>true</IsRequired><Value i:type="a:string" xmlns:a="http://www.w3.org/2001/XMLSchema">thruster2_Link</Value></Attribute></Attributes><ChildElements><URDFElement z:Id="i137" i:type="Inertial"><Attributes/><ChildElements><URDFElement z:Id="i138" i:type="Origin"><Attributes><Attribute z:Id="i139"><AttributeType>xyz</AttributeType><IsRequired>true</IsRequired><Value i:type="a:ArrayOfdouble" xmlns:a="http://schemas.microsoft.com/2003/10/Serialization/Arrays"><a:double>0</a:double><a:double>0</a:double><a:double>0</a:double></Value></Attribute><Attribute z:Id="i140"><AttributeType>rpy</AttributeType><IsRequired>true</IsRequired><Value i:type="a:ArrayOfdouble" xmlns:a="http://schemas.microsoft.com/2003/10/Serialization/Arrays"><a:double>0</a:double><a:double>0</a:double><a:double>0</a:double></Value></Attribute></Attributes><ChildElements/><ElementName>origin</ElementName><required>false</required><RPYAttribute z:Ref="i140"/><XYZAttribute z:Ref="i139"/><isCustomized>false</isCustomized></URDFElement><URDFElement z:Id="i141" i:type="Mass"><Attributes><Attribute z:Id="i142"><AttributeType>value</AttributeType><IsRequired>true</IsRequired><Value i:type="a:double" xmlns:a="http://www.w3.org/2001/XMLSchema">0</Value></Attribute></Attributes><ChildElements/><ElementName>mass</ElementName><required>false</required><ValueAttribute z:Ref="i142"/></URDFElement><URDFElement z:Id="i143" i:type="Inertia"><Attributes><Attribute z:Id="i144"><AttributeType>ixx</AttributeType><IsRequired>true</IsRequired><Value i:type="a:double" xmlns:a="http://www.w3.org/2001/XMLSchema">0</Value></Attribute><Attribute z:Id="i145"><AttributeType>ixy</AttributeType><IsRequired>true</IsRequired><Value i:type="a:double" xmlns:a="http://www.w3.org/2001/XMLSchema">0</Value></Attribute><Attribute z:Id="i146"><AttributeType>ixz</AttributeType><IsRequired>true</IsRequired><Value i:type="a:double" xmlns:a="http://www.w3.org/2001/XMLSchema">0</Value></Attribute><Attribute z:Id="i147"><AttributeType>iyy</AttributeType><IsRequired>true</IsRequired><Value i:type="a:double" xmlns:a="http://www.w3.org/2001/XMLSchema">0</Value></Attribute><Attribute z:Id="i148"><AttributeType>iyz</AttributeType><IsRequired>true</IsRequired><Value i:type="a:double" xmlns:a="http://www.w3.org/2001/XMLSchema">0</Value></Attribute><Attribute z:Id="i149"><AttributeType>izz</AttributeType><IsRequired>true</IsRequired><Value i:type="a:double" xmlns:a="http://www.w3.org/2001/XMLSchema">0</Value></Attribute></Attributes><ChildElements/><ElementName>inertia</ElementName><required>false</required><IxxAttribute z:Ref="i144"/><IxyAttribute z:Ref="i145"/><IxzAttribute z:Ref="i146"/><IyyAttribute z:Ref="i147"/><IyzAttribute z:Ref="i148"/><IzzAttribute z:Ref="i149"/></URDFElement></ChildElements><ElementName>inertial</ElementName><required>false</required><Inertia z:Ref="i143"/><Mass z:Ref="i141"/><Origin z:Ref="i138"/></URDFElement><URDFElement z:Id="i150" i:type="Visual"><Attributes/><ChildElements><URDFElement z:Id="i151" i:type="Origin"><Attributes><Attribute z:Id="i152"><AttributeType>xyz</AttributeType><IsRequired>true</IsRequired><Value i:type="a:ArrayOfdouble" xmlns:a="http://schemas.microsoft.com/2003/10/Serialization/Arrays"><a:double>0</a:double><a:double>0</a:double><a:double>0</a:double></Value></Attribute><Attribute z:Id="i153"><AttributeType>rpy</AttributeType><IsRequired>true</IsRequired><Value i:type="a:ArrayOfdouble" xmlns:a="http://schemas.microsoft.com/2003/10/Serialization/Arrays"><a:double>0</a:double><a:double>0</a:double><a:double>0</a:double></Value></Attribute></Attributes><ChildElements/><ElementName>origin</ElementName><required>false</required><RPYAttribute z:Ref="i153"/><XYZAttribute z:Ref="i152"/><isCustomized>false</isCustomized></URDFElement><URDFElement z:Id="i154" i:type="Geometry"><Attributes/><ChildElements><URDFElement z:Id="i155" i:type="Mesh"><Attributes><Attribute z:Id="i156"><AttributeType>filename</AttributeType><IsRequired>true</IsRequired><Value i:nil="true"/></Attribute></Attributes><ChildElements/><ElementName>mesh</ElementName><required>false</required><FilenameAttribute z:Ref="i156"/></URDFElement></ChildElements><ElementName>geometry</ElementName><required>true</required><Mesh z:Ref="i155"/></URDFElement><URDFElement z:Id="i157" i:type="Material"><Attributes><Attribute z:Id="i158"><AttributeType>name</AttributeType><IsRequired>true</IsRequired><Value i:type="a:string" xmlns:a="http://www.w3.org/2001/XMLSchema"/></Attribute></Attributes><ChildElements><URDFElement z:Id="i159" i:type="Color"><Attributes><Attribute z:Id="i160"><AttributeType>rgba</AttributeType><IsRequired>true</IsRequired><Value i:type="a:ArrayOfdouble" xmlns:a="http://schemas.microsoft.com/2003/10/Serialization/Arrays"><a:double>1</a:double><a:double>1</a:double><a:double>1</a:double><a:double>1</a:double></Value></Attribute></Attributes><ChildElements/><ElementName>color</ElementName><required>false</required><RGBAAttribute z:Ref="i160"/></URDFElement><URDFElement z:Id="i161" i:type="Texture"><Attributes><Attribute z:Id="i162"><AttributeType>filename</AttributeType><IsRequired>true</IsRequired><Value i:nil="true"/></Attribute></Attributes><ChildElements/><ElementName>texture</ElementName><required>false</required><FilenameAttribute z:Ref="i162"/><wFilename/></URDFElement></ChildElements><ElementName>material</ElementName><required>false</required><Color z:Ref="i159"/><NameAttribute z:Ref="i158"/><Texture z:Ref="i161"/></URDFElement></ChildElements><ElementName>visual</ElementName><required>false</required><Geometry z:Ref="i154"/><Material z:Ref="i157"/><Origin z:Ref="i151"/></URDFElement><URDFElement z:Id="i163" i:type="Collision"><Attributes/><ChildElements><URDFElement z:Id="i164" i:type="Origin"><Attributes><Attribute z:Id="i165"><AttributeType>xyz</AttributeType><IsRequired>true</IsRequired><Value i:type="a:ArrayOfdouble" xmlns:a="http://schemas.microsoft.com/2003/10/Serialization/Arrays"><a:double>0</a:double><a:double>0</a:double><a:double>0</a:double></Value></Attribute><Attribute z:Id="i166"><AttributeType>rpy</AttributeType><IsRequired>true</IsRequired><Value i:type="a:ArrayOfdouble" xmlns:a="http://schemas.microsoft.com/2003/10/Serialization/Arrays"><a:double>0</a:double><a:double>0</a:double><a:double>0</a:double></Value></Attribute></Attributes><ChildElements/><ElementName>origin</ElementName><required>false</required><RPYAttribute z:Ref="i166"/><XYZAttribute z:Ref="i165"/><isCustomized>false</isCustomized></URDFElement><URDFElement z:Id="i167" i:type="Geometry"><Attributes/><ChildElements><URDFElement z:Id="i168" i:type="Mesh"><Attributes><Attribute z:Id="i169"><AttributeType>filename</AttributeType><IsRequired>true</IsRequired><Value i:nil="true"/></Attribute></Attributes><ChildElements/><ElementName>mesh</ElementName><required>false</required><FilenameAttribute z:Ref="i169"/></URDFElement></ChildElements><ElementName>geometry</ElementName><required>true</required><Mesh z:Ref="i168"/></URDFElement></ChildElements><ElementName>collision</ElementName><required>false</required><Geometry z:Ref="i167"/><Origin z:Ref="i164"/></URDFElement><URDFElement z:Id="i170" i:type="Joint"><Attributes><Attribute z:Id="i171"><AttributeType>name</AttributeType><IsRequired>true</IsRequired><Value i:type="a:string" xmlns:a="http://www.w3.org/2001/XMLSchema">joint2_thruster2</Value></Attribute><Attribute z:Id="i172"><AttributeType>type</AttributeType><IsRequired>true</IsRequired><Value i:type="a:string" xmlns:a="http://www.w3.org/2001/XMLSchema">fixed</Value></Attribute></Attributes><ChildElements><URDFElement z:Id="i173" i:type="Origin"><Attributes><Attribute z:Id="i174"><AttributeType>xyz</AttributeType><IsRequired>true</IsRequired><Value i:type="a:ArrayOfdouble" xmlns:a="http://schemas.microsoft.com/2003/10/Serialization/Arrays"><a:double>0</a:double><a:double>0</a:double><a:double>0</a:double></Value></Attribute><Attribute z:Id="i175"><AttributeType>rpy</AttributeType><IsRequired>true</IsRequired><Value i:type="a:ArrayOfdouble" xmlns:a="http://schemas.microsoft.com/2003/10/Serialization/Arrays"><a:double>0</a:double><a:double>0</a:double><a:double>0</a:double></Value></Attribute></Attributes><ChildElements/><ElementName>origin</ElementName><required>false</required><RPYAttribute z:Ref="i175"/><XYZAttribute z:Ref="i174"/><isCustomized>false</isCustomized></URDFElement><URDFElement z:Id="i176" i:type="ParentLink"><Attributes><Attribute z:Id="i177"><AttributeType>link</AttributeType><IsRequired>true</IsRequired><Value i:type="a:string" xmlns:a="http://www.w3.org/2001/XMLSchema"/></Attribute></Attributes><ChildElements/><ElementName>parent</ElementName><required>true</required><NameAttribute z:Ref="i177"/></URDFElement><URDFElement z:Id="i178" i:type="ChildLink"><Attributes><Attribute z:Id="i179"><AttributeType>link</AttributeType><IsRequired>true</IsRequired><Value i:type="a:string" xmlns:a="http://www.w3.org/2001/XMLSchema"/></Attribute></Attributes><ChildElements/><ElementName>child</ElementName><required>true</required><NameAttribute z:Ref="i179"/></URDFElement><URDFElement z:Id="i180" i:type="Axis"><Attributes><Attribute z:Id="i181"><AttributeType>xyz</AttributeType><IsRequired>true</IsRequired><Value i:type="a:ArrayOfdouble" xmlns:a="http://schemas.microsoft.com/2003/10/Serialization/Arrays"><a:double>0</a:double><a:double>0</a:double><a:double>0</a:double></Value></Attribute></Attributes><ChildElements/><ElementName>axis</ElementName><required>false</required><XYZAttribute z:Ref="i181"/></URDFElement><URDFElement z:Id="i182" i:type="Limit"><Attributes><Attribute z:Id="i183"><AttributeType>lower</AttributeType><IsRequired>false</IsRequired><Value i:nil="true"/></Attribute><Attribute z:Id="i184"><AttributeType>upper</AttributeType><IsRequired>false</IsRequired><Value i:nil="true"/></Attribute><Attribute z:Id="i185"><AttributeType>effort</AttributeType><IsRequired>true</IsRequired><Value i:nil="true"/></Attribute><Attribute z:Id="i186"><AttributeType>velocity</AttributeType><IsRequired>true</IsRequired><Value i:nil="true"/></Attribute></Attributes><ChildElements/><ElementName>limit</ElementName><required>false</required><EffortAttribute z:Ref="i185"/><LowerAttribute z:Ref="i183"/><UpperAttribute z:Ref="i184"/><VelocityAttribute z:Ref="i186"/></URDFElement><URDFElement z:Id="i187" i:type="Calibration"><Attributes><Attribute z:Id="i188"><AttributeType>rising</AttributeType><IsRequired>false</IsRequired><Value i:nil="true"/></Attribute><Attribute z:Id="i189"><AttributeType>falling</AttributeType><IsRequired>false</IsRequired><Value i:nil="true"/></Attribute></Attributes><ChildElements/><ElementName>calibration</ElementName><required>false</required><FallingAttribute z:Ref="i189"/><RisingAttribute z:Ref="i188"/></URDFElement><URDFElement z:Id="i190" i:type="Dynamics"><Attributes><Attribute z:Id="i191"><AttributeType>damping</AttributeType><IsRequired>false</IsRequired><Value i:nil="true"/></Attribute><Attribute z:Id="i192"><AttributeType>friction</AttributeType><IsRequired>false</IsRequired><Value i:nil="true"/></Attribute></Attributes><ChildElements/><ElementName>dynamics</ElementName><required>false</required><DampingAttribute z:Ref="i191"/><FrictionAttribute z:Ref="i192"/></URDFElement><URDFElement z:Id="i193" i:type="SafetyController"><Attributes><Attribute z:Id="i194"><AttributeType>soft_upper_limit</AttributeType><IsRequired>false</IsRequired><Value i:nil="true"/></Attribute><Attribute z:Id="i195"><AttributeType>soft_lower_limit</AttributeType><IsRequired>false</IsRequired><Value i:nil="true"/></Attribute><Attribute z:Id="i196"><AttributeType>k_position</AttributeType><IsRequired>false</IsRequired><Value i:nil="true"/></Attribute><Attribute z:Id="i197"><AttributeType>k_velocity</AttributeType><IsRequired>true</IsRequired><Value i:nil="true"/></Attribute></Attributes><ChildElements/><ElementName>safety_controller</ElementName><required>false</required><KPositionAttribute z:Ref="i196"/><KVelocityAttribute z:Ref="i197"/><SoftLowerAttribute z:Ref="i195"/><SoftUpperAttribute z:Ref="i194"/></URDFElement><URDFElement z:Id="i198" i:type="Mimic"><Attributes><Attribute z:Id="i199"><AttributeType>joint</AttributeType><IsRequired>true</IsRequired><Value i:nil="true"/></Attribute><Attribute z:Id="i200"><AttributeType>multiplier</AttributeType><IsRequired>false</IsRequired><Value i:nil="true"/></Attribute><Attribute z:Id="i201"><AttributeType>offset</AttributeType><IsRequired>false</IsRequired><Value i:nil="true"/></Attribute></Attributes><ChildElements/><ElementName>mimic</ElementName><required>false</required><JointNameAttribute z:Ref="i199"/><MultiplierAttribute z:Ref="i200"/><OffsetAttribute z:Ref="i201"/></URDFElement></ChildElements><ElementName>joint</ElementName><required>false</required><Axis z:Ref="i180"/><AxisName>?????????1</AxisName><Calibration z:Ref="i187"/><Child z:Ref="i178"/><CoordinateSystemName>Automatically Generate</CoordinateSystemName><Dynamics z:Ref="i190"/><Limit z:Ref="i182"/><Mimic z:Ref="i198"/><NameAttribute z:Ref="i171"/><Origin z:Ref="i173"/><Parent z:Ref="i176"/><Safety z:Ref="i193"/><TypeAttribute z:Ref="i172"/></URDFElement></ChildElements><ElementName>link</ElementName><required>true</required><Children/><Collision z:Ref="i163"/><Inertial z:Ref="i137"/><Joint z:Ref="i170"/><NameAttribute z:Ref="i136"/><Parent z:Ref="i1"/><STLQualityFine>false</STLQualityFine><SWComponentPIDs xmlns:a="http://schemas.microsoft.com/2003/10/Serialization/Arrays"><a:base64Binary>OEoAAAUAAAD//v9oUAA3ADUAXwBfAF8AXwBfAF8ALgAuAF8AXwBfAF8AKAAxACkALQAzAC0AMQBAANtWuWViXzmCxYhNkf5WLwBQADcANQBfAFgAMgBfADYAMwBhADgAOABmAGQAYgA1ADYANgA4ADYAYwBhADEANwBmADUAMQA3AGYANgA5ADQAZQAwADkANwBlAGYANAA1ADYAZgBlAF8AWAAwAF8AXwAxADMALQAxAEAAUAA3ADUAXwBfAF8AXwBfAF8ALgAuAF8AXwBfAF8AKAAxACkALQAzAAQAAAAQAAAAAQAAAAIAAAAiAAAALwAAAA==</a:base64Binary><a:base64Binary>OEoAAAUAAAD//v9oUAA3ADUAXwBfAF8AXwBfAF8ALgAuAF8AXwBfAF8AKAAxACkALQAzAC0AMQBAANtWuWViXzmCxYhNkf5WLwBQADcANQBfAFgAMgBfADYAMwBhADgAOABmAGQAYgA1ADYANgA4ADYAYwBhADEANwBmADUAMQA3AGYANgA5ADQAZQAwADkANwBlAGYANAA1ADYAZgBlAF8AWAAwAF8AXwAxADQALQAxAEAAUAA3ADUAXwBfAF8AXwBfAF8ALgAuAF8AXwBfAF8AKAAxACkALQAzAAQAAAAQAAAAAQAAAAIAAAAiAAAALAAAAA==</a:base64Binary><a:base64Binary>OEoAAAUAAAD//v9oUAA3ADUAXwBfAF8AXwBfAF8ALgAuAF8AXwBfAF8AKAAxACkALQAzAC0AMQBAANtWuWViXzmCxYhNkf5WLwBQADcANQBfAFgAMgBfADYAMwBhADgAOABmAGQAYgA1ADYANgA4ADYAYwBhADEANwBmADUAMQA3AGYANgA5ADQAZQAwADkANwBlAGYANAA1ADYAZgBlAF8AWAAwAF8AXwAxADgALQAxAEAAUAA3ADUAXwBfAF8AXwBfAF8ALgAuAF8AXwBfAF8AKAAxACkALQAzAAQAAAAQAAAAAQAAAAIAAAAiAAAAGQAAAA==</a:base64Binary><a:base64Binary>OEoAAAUAAAD//v9nUAA3ADUAXwBfAF8AXwBfAF8ALgAuAF8AXwBfAF8AKAAxACkALQAzAC0AMQBAANtWuWViXzmCxYhNkf5WLwBQADcANQBfAFgAMgBfADYAMwBhADgAOABmAGQAYgA1ADYANgA4ADYAYwBhADEANwBmADUAMQA3AGYANgA5ADQAZQAwADkANwBlAGYANAA1ADYAZgBlAF8AWAAwAF8AXwA2AC0AMQBAAFAANwA1AF8AXwBfAF8AXwBfAC4ALgBfAF8AXwBfACgAMQApAC0AMwAEAAAAEAAAAAEAAAACAAAAIgAAABoAAAA=</a:base64Binary><a:base64Binary>OEoAAAUAAAD//v9nUAA3ADUAXwBfAF8AXwBfAF8ALgAuAF8AXwBfAF8AKAAxACkALQAzAC0AMQBAANtWuWViXzmCxYhNkf5WLwBQADcANQBfAFgAMgBfADYAMwBhADgAOABmAGQAYgA1ADYANgA4ADYAYwBhADEANwBmADUAMQA3AGYANgA5ADQAZQAwADkANwBlAGYANAA1ADYAZgBlAF8AWAAwAF8AXwAyAC0AMQBAAFAANwA1AF8AXwBfAF8AXwBfAC4ALgBfAF8AXwBfACgAMQApAC0AMwAEAAAAEAAAAAEAAAACAAAAIgAAAC4AAAA=</a:base64Binary><a:base64Binary>OEoAAAUAAAD//v9oUAA3ADUAXwBfAF8AXwBfAF8ALgAuAF8AXwBfAF8AKAAxACkALQAzAC0AMQBAANtWuWViXzmCxYhNkf5WLwBQADcANQBfAFgAMgBfADYAMwBhADgAOABmAGQAYgA1ADYANgA4ADYAYwBhADEANwBmADUAMQA3AGYANgA5ADQAZQAwADkANwBlAGYANAA1ADYAZgBlAF8AWAAwAF8AXwAxADkALQAxAEAAUAA3ADUAXwBfAF8AXwBfAF8ALgAuAF8AXwBfAF8AKAAxACkALQAzAAQAAAAQAAAAAQAAAAIAAAAiAAAAGwAAAA==</a:base64Binary><a:base64Binary>OEoAAAUAAAD//v9lUAA3ADUAXwBfAF8AXwBfAF8ALgAuAF8AXwBfAF8AKAAxACkALQAzAC0AMQBAANtWuWViXzmCxYhNkf5WLwBQADcANQBfAFgAMgBfADYAMwBhADgAOABmAGQAYgA1ADYANgA4ADYAYwBhADEANwBmADUAMQA3AGYANgA5ADQAZQAwADkANwBlAGYANAA1ADYAZgBlAF8AWAAwAF8ALQAxAEAAUAA3ADUAXwBfAF8AXwBfAF8ALgAuAF8AXwBfAF8AKAAxACkALQAzAAQAAAAQAAAAAQAAAAIAAAAiAAAAHQAAAA==</a:base64Binary><a:base64Binary>OEoAAAUAAAD//v9oUAA3ADUAXwBfAF8AXwBfAF8ALgAuAF8AXwBfAF8AKAAxACkALQAzAC0AMQBAANtWuWViXzmCxYhNkf5WLwBQADcANQBfAFgAMgBfADYAMwBhADgAOABmAGQAYgA1ADYANgA4ADYAYwBhADEANwBmADUAMQA3AGYANgA5ADQAZQAwADkANwBlAGYANAA1ADYAZgBlAF8AWAAwAF8AXwAxADEALQAxAEAAUAA3ADUAXwBfAF8AXwBfAF8ALgAuAF8AXwBfAF8AKAAxACkALQAzAAQAAAAQAAAAAQAAAAIAAAAiAAAALQAAAA==</a:base64Binary></SWComponentPIDs><SWMainComponentPID i:nil="true"/><Visual z:Ref="i150"/><isFixedFrame>false</isFixedFrame><isIncomplete>false</isIncomplete></Link></Children><Collision z:Ref="i29"/><Inertial z:Ref="i3"/><Joint z:Ref="i36"/><NameAttribute z:Ref="i2"/><Parent i:nil="true"/><STLQualityFine>false</STLQualityFine><SWComponentPIDs xmlns:a="http://schemas.microsoft.com/2003/10/Serialization/Arrays"><a:base64Binary>OEoAAAUAAAD//v8RYwBoAHUAYQBuAHQAaQAtADEAQADbVrllYl85gsWITZH+VgQAAAAQAAAAAQAAAAEAAAAjAAAA</a:base64Binary></SWComponentPIDs><SWMainComponentPID i:nil="true"/><Visual z:Ref="i16"/><isFixedFrame>false</isFixedFrame><isIncomplete>false</isIncomplete></Link>
2026-09-18 11:37:07,311 INFO  ExportPropertyManager.cs: 1142 - AfterClose called. This method no longer throws an Exception. It just silently does nothing. Ok, except for this logging message
2026-09-18 11:37:37,483 INFO  SwAddin.cs: 294 - Assembly export called for file ËÄ·½ÐÎ´¬×°ÅäÍ¼.SLDASM
2026-09-18 11:37:37,483 INFO  SwAddin.cs: 299 - Save is required
2026-09-18 11:37:37,483 INFO  SwAddin.cs: 313 - Saving assembly
2026-09-18 11:37:37,787 INFO  SwAddin.cs: 316 - Opening property manager
2026-09-18 11:37:37,787 INFO  ExportHelperExtension.cs: 1125 - Retrieving features of type [CoordSys] from ËÄ·½ÐÎ´¬×°ÅäÍ¼.SLDASM
2026-09-18 11:37:37,787 INFO  ExportHelperExtension.cs: 1136 - Found 34 in ËÄ·½ÐÎ´¬×°ÅäÍ¼.SLDASM
2026-09-18 11:37:37,787 INFO  ExportHelperExtension.cs: 1145 - Found 0 features of type [CoordSys] in ËÄ·½ÐÎ´¬×°ÅäÍ¼.SLDASM
2026-09-18 11:37:37,787 INFO  ExportHelperExtension.cs: 1148 - Proceeding through assembly components
2026-09-18 11:37:37,795 INFO  ExportHelperExtension.cs: 1160 - 5 components to check
2026-09-18 11:37:37,795 INFO  ExportHelperExtension.cs: 1125 - Retrieving features of type [CoordSys] from P75______..____(1)-1
2026-09-18 11:37:37,795 INFO  ExportHelperExtension.cs: 1136 - Found 24 in P75______..____(1)-1
2026-09-18 11:37:37,797 INFO  ExportHelperExtension.cs: 1145 - Found 0 features of type [CoordSys] in P75______..____(1)-1
2026-09-18 11:37:37,797 INFO  ExportHelperExtension.cs: 1125 - Retrieving features of type [CoordSys] from chuanti-1
2026-09-18 11:37:37,797 INFO  ExportHelperExtension.cs: 1136 - Found 44 in chuanti-1
2026-09-18 11:37:37,797 INFO  ExportHelperExtension.cs: 1145 - Found 0 features of type [CoordSys] in chuanti-1
2026-09-18 11:37:37,797 INFO  ExportHelperExtension.cs: 1125 - Retrieving features of type [CoordSys] from P75______..____(1)-3-1
2026-09-18 11:37:37,797 INFO  ExportHelperExtension.cs: 1136 - Found 45 in P75______..____(1)-3-1
2026-09-18 11:37:37,797 INFO  ExportHelperExtension.cs: 1145 - Found 0 features of type [CoordSys] in P75______..____(1)-3-1
2026-09-18 11:37:37,797 INFO  ExportHelperExtension.cs: 1125 - Retrieving features of type [CoordSys] from P75______..____(1)-1-1
2026-09-18 11:37:37,797 INFO  ExportHelperExtension.cs: 1136 - Found 45 in P75______..____(1)-1-1
2026-09-18 11:37:37,797 INFO  ExportHelperExtension.cs: 1145 - Found 0 features of type [CoordSys] in P75______..____(1)-1-1
2026-09-18 11:37:37,801 INFO  ExportHelperExtension.cs: 1125 - Retrieving features of type [CoordSys] from Copy of ×°ÅäÌå7-2
2026-09-18 11:37:37,801 INFO  ExportHelperExtension.cs: 1136 - Found 45 in Copy of ×°ÅäÌå7-2
2026-09-18 11:37:37,801 INFO  ExportHelperExtension.cs: 1145 - Found 0 features of type [CoordSys] in Copy of ×°ÅäÌå7-2
2026-09-18 11:37:37,803 INFO  ExportHelperExtension.cs: 1125 - Retrieving features of type [RefAxis] from ËÄ·½ÐÎ´¬×°ÅäÍ¼.SLDASM
2026-09-18 11:37:37,803 INFO  ExportHelperExtension.cs: 1136 - Found 34 in ËÄ·½ÐÎ´¬×°ÅäÍ¼.SLDASM
2026-09-18 11:37:37,803 INFO  ExportHelperExtension.cs: 1145 - Found 1 features of type [RefAxis] in ËÄ·½ÐÎ´¬×°ÅäÍ¼.SLDASM
2026-09-18 11:37:37,803 INFO  ExportHelperExtension.cs: 1148 - Proceeding through assembly components
2026-09-18 11:37:37,803 INFO  ExportHelperExtension.cs: 1160 - 5 components to check
2026-09-18 11:37:37,803 INFO  ExportHelperExtension.cs: 1125 - Retrieving features of type [RefAxis] from P75______..____(1)-1
2026-09-18 11:37:37,803 INFO  ExportHelperExtension.cs: 1136 - Found 24 in P75______..____(1)-1
2026-09-18 11:37:37,805 INFO  ExportHelperExtension.cs: 1145 - Found 0 features of type [RefAxis] in P75______..____(1)-1
2026-09-18 11:37:37,805 INFO  ExportHelperExtension.cs: 1125 - Retrieving features of type [RefAxis] from chuanti-1
2026-09-18 11:37:37,806 INFO  ExportHelperExtension.cs: 1136 - Found 44 in chuanti-1
2026-09-18 11:37:37,806 INFO  ExportHelperExtension.cs: 1145 - Found 0 features of type [RefAxis] in chuanti-1
2026-09-18 11:37:37,806 INFO  ExportHelperExtension.cs: 1125 - Retrieving features of type [RefAxis] from P75______..____(1)-3-1
2026-09-18 11:37:37,806 INFO  ExportHelperExtension.cs: 1136 - Found 45 in P75______..____(1)-3-1
2026-09-18 11:37:37,806 INFO  ExportHelperExtension.cs: 1145 - Found 0 features of type [RefAxis] in P75______..____(1)-3-1
2026-09-18 11:37:37,806 INFO  ExportHelperExtension.cs: 1125 - Retrieving features of type [RefAxis] from P75______..____(1)-1-1
2026-09-18 11:37:37,808 INFO  ExportHelperExtension.cs: 1136 - Found 45 in P75______..____(1)-1-1
2026-09-18 11:37:37,808 INFO  ExportHelperExtension.cs: 1145 - Found 0 features of type [RefAxis] in P75______..____(1)-1-1
2026-09-18 11:37:37,808 INFO  ExportHelperExtension.cs: 1125 - Retrieving features of type [RefAxis] from Copy of ×°ÅäÌå7-2
2026-09-18 11:37:37,808 INFO  ExportHelperExtension.cs: 1136 - Found 45 in Copy of ×°ÅäÌå7-2
2026-09-18 11:37:37,808 INFO  ExportHelperExtension.cs: 1145 - Found 0 features of type [RefAxis] in Copy of ×°ÅäÌå7-2
2026-09-18 11:37:37,867 INFO  SwAddin.cs: 339 - Loading config tree
2026-09-18 11:37:37,867 INFO  ConfigurationSerialization.cs: 276 - URDF Configuration found
<Link z:Id="i1" xmlns="http://schemas.datacontract.org/2004/07/SW2URDF" xmlns:i="http://www.w3.org/2001/XMLSchema-instance" xmlns:z="http://schemas.microsoft.com/2003/10/Serialization/"><Attributes><Attribute z:Id="i2"><AttributeType>name</AttributeType><IsRequired>true</IsRequired><Value i:type="a:string" xmlns:a="http://www.w3.org/2001/XMLSchema">base_link</Value></Attribute></Attributes><ChildElements><URDFElement z:Id="i3" i:type="Inertial"><Attributes/><ChildElements><URDFElement z:Id="i4" i:type="Origin"><Attributes><Attribute z:Id="i5"><AttributeType>xyz</AttributeType><IsRequired>true</IsRequired><Value i:type="a:ArrayOfdouble" xmlns:a="http://schemas.microsoft.com/2003/10/Serialization/Arrays"><a:double>0</a:double><a:double>0</a:double><a:double>0</a:double></Value></Attribute><Attribute z:Id="i6"><AttributeType>rpy</AttributeType><IsRequired>true</IsRequired><Value i:type="a:ArrayOfdouble" xmlns:a="http://schemas.microsoft.com/2003/10/Serialization/Arrays"><a:double>0</a:double><a:double>0</a:double><a:double>0</a:double></Value></Attribute></Attributes><ChildElements/><ElementName>origin</ElementName><required>false</required><RPYAttribute z:Ref="i6"/><XYZAttribute z:Ref="i5"/><isCustomized>false</isCustomized></URDFElement><URDFElement z:Id="i7" i:type="Mass"><Attributes><Attribute z:Id="i8"><AttributeType>value</AttributeType><IsRequired>true</IsRequired><Value i:type="a:double" xmlns:a="http://www.w3.org/2001/XMLSchema">0</Value></Attribute></Attributes><ChildElements/><ElementName>mass</ElementName><required>false</required><ValueAttribute z:Ref="i8"/></URDFElement><URDFElement z:Id="i9" i:type="Inertia"><Attributes><Attribute z:Id="i10"><AttributeType>ixx</AttributeType><IsRequired>true</IsRequired><Value i:type="a:double" xmlns:a="http://www.w3.org/2001/XMLSchema">0</Value></Attribute><Attribute z:Id="i11"><AttributeType>ixy</AttributeType><IsRequired>true</IsRequired><Value i:type="a:double" xmlns:a="http://www.w3.org/2001/XMLSchema">0</Value></Attribute><Attribute z:Id="i12"><AttributeType>ixz</AttributeType><IsRequired>true</IsRequired><Value i:type="a:double" xmlns:a="http://www.w3.org/2001/XMLSchema">0</Value></Attribute><Attribute z:Id="i13"><AttributeType>iyy</AttributeType><IsRequired>true</IsRequired><Value i:type="a:double" xmlns:a="http://www.w3.org/2001/XMLSchema">0</Value></Attribute><Attribute z:Id="i14"><AttributeType>iyz</AttributeType><IsRequired>true</IsRequired><Value i:type="a:double" xmlns:a="http://www.w3.org/2001/XMLSchema">0</Value></Attribute><Attribute z:Id="i15"><AttributeType>izz</AttributeType><IsRequired>true</IsRequired><Value i:type="a:double" xmlns:a="http://www.w3.org/2001/XMLSchema">0</Value></Attribute></Attributes><ChildElements/><ElementName>inertia</ElementName><required>false</required><IxxAttribute z:Ref="i10"/><IxyAttribute z:Ref="i11"/><IxzAttribute z:Ref="i12"/><IyyAttribute z:Ref="i13"/><IyzAttribute z:Ref="i14"/><IzzAttribute z:Ref="i15"/></URDFElement></ChildElements><ElementName>inertial</ElementName><required>false</required><Inertia z:Ref="i9"/><Mass z:Ref="i7"/><Origin z:Ref="i4"/></URDFElement><URDFElement z:Id="i16" i:type="Visual"><Attributes/><ChildElements><URDFElement z:Id="i17" i:type="Origin"><Attributes><Attribute z:Id="i18"><AttributeType>xyz</AttributeType><IsRequired>true</IsRequired><Value i:type="a:ArrayOfdouble" xmlns:a="http://schemas.microsoft.com/2003/10/Serialization/Arrays"><a:double>0</a:double><a:double>0</a:double><a:double>0</a:double></Value></Attribute><Attribute z:Id="i19"><AttributeType>rpy</AttributeType><IsRequired>true</IsRequired><Value i:type="a:ArrayOfdouble" xmlns:a="http://schemas.microsoft.com/2003/10/Serialization/Arrays"><a:double>0</a:double><a:double>0</a:double><a:double>0</a:double></Value></Attribute></Attributes><ChildElements/><ElementName>origin</ElementName><required>false</required><RPYAttribute z:Ref="i19"/><XYZAttribute z:Ref="i18"/><isCustomized>false</isCustomized></URDFElement><URDFElement z:Id="i20" i:type="Geometry"><Attributes/><ChildElements><URDFElement z:Id="i21" i:type="Mesh"><Attributes><Attribute z:Id="i22"><AttributeType>filename</AttributeType><IsRequired>true</IsRequired><Value i:nil="true"/></Attribute></Attributes><ChildElements/><ElementName>mesh</ElementName><required>false</required><FilenameAttribute z:Ref="i22"/></URDFElement></ChildElements><ElementName>geometry</ElementName><required>true</required><Mesh z:Ref="i21"/></URDFElement><URDFElement z:Id="i23" i:type="Material"><Attributes><Attribute z:Id="i24"><AttributeType>name</AttributeType><IsRequired>true</IsRequired><Value i:type="a:string" xmlns:a="http://www.w3.org/2001/XMLSchema"/></Attribute></Attributes><ChildElements><URDFElement z:Id="i25" i:type="Color"><Attributes><Attribute z:Id="i26"><AttributeType>rgba</AttributeType><IsRequired>true</IsRequired><Value i:type="a:ArrayOfdouble" xmlns:a="http://schemas.microsoft.com/2003/10/Serialization/Arrays"><a:double>1</a:double><a:double>1</a:double><a:double>1</a:double><a:double>1</a:double></Value></Attribute></Attributes><ChildElements/><ElementName>color</ElementName><required>false</required><RGBAAttribute z:Ref="i26"/></URDFElement><URDFElement z:Id="i27" i:type="Texture"><Attributes><Attribute z:Id="i28"><AttributeType>filename</AttributeType><IsRequired>true</IsRequired><Value i:nil="true"/></Attribute></Attributes><ChildElements/><ElementName>texture</ElementName><required>false</required><FilenameAttribute z:Ref="i28"/><wFilename/></URDFElement></ChildElements><ElementName>material</ElementName><required>false</required><Color z:Ref="i25"/><NameAttribute z:Ref="i24"/><Texture z:Ref="i27"/></URDFElement></ChildElements><ElementName>visual</ElementName><required>false</required><Geometry z:Ref="i20"/><Material z:Ref="i23"/><Origin z:Ref="i17"/></URDFElement><URDFElement z:Id="i29" i:type="Collision"><Attributes/><ChildElements><URDFElement z:Id="i30" i:type="Origin"><Attributes><Attribute z:Id="i31"><AttributeType>xyz</AttributeType><IsRequired>true</IsRequired><Value i:type="a:ArrayOfdouble" xmlns:a="http://schemas.microsoft.com/2003/10/Serialization/Arrays"><a:double>0</a:double><a:double>0</a:double><a:double>0</a:double></Value></Attribute><Attribute z:Id="i32"><AttributeType>rpy</AttributeType><IsRequired>true</IsRequired><Value i:type="a:ArrayOfdouble" xmlns:a="http://schemas.microsoft.com/2003/10/Serialization/Arrays"><a:double>0</a:double><a:double>0</a:double><a:double>0</a:double></Value></Attribute></Attributes><ChildElements/><ElementName>origin</ElementName><required>false</required><RPYAttribute z:Ref="i32"/><XYZAttribute z:Ref="i31"/><isCustomized>false</isCustomized></URDFElement><URDFElement z:Id="i33" i:type="Geometry"><Attributes/><ChildElements><URDFElement z:Id="i34" i:type="Mesh"><Attributes><Attribute z:Id="i35"><AttributeType>filename</AttributeType><IsRequired>true</IsRequired><Value i:nil="true"/></Attribute></Attributes><ChildElements/><ElementName>mesh</ElementName><required>false</required><FilenameAttribute z:Ref="i35"/></URDFElement></ChildElements><ElementName>geometry</ElementName><required>true</required><Mesh z:Ref="i34"/></URDFElement></ChildElements><ElementName>collision</ElementName><required>false</required><Geometry z:Ref="i33"/><Origin z:Ref="i30"/></URDFElement><URDFElement z:Id="i36" i:type="Joint"><Attributes><Attribute z:Id="i37"><AttributeType>name</AttributeType><IsRequired>true</IsRequired><Value i:type="a:string" xmlns:a="http://www.w3.org/2001/XMLSchema"/></Attribute><Attribute z:Id="i38"><AttributeType>type</AttributeType><IsRequired>true</IsRequired><Value i:type="a:string" xmlns:a="http://www.w3.org/2001/XMLSchema"/></Attribute></Attributes><ChildElements><URDFElement z:Id="i39" i:type="Origin"><Attributes><Attribute z:Id="i40"><AttributeType>xyz</AttributeType><IsRequired>true</IsRequired><Value i:type="a:ArrayOfdouble" xmlns:a="http://schemas.microsoft.com/2003/10/Serialization/Arrays"><a:double>0</a:double><a:double>0</a:double><a:double>0</a:double></Value></Attribute><Attribute z:Id="i41"><AttributeType>rpy</AttributeType><IsRequired>true</IsRequired><Value i:type="a:ArrayOfdouble" xmlns:a="http://schemas.microsoft.com/2003/10/Serialization/Arrays"><a:double>0</a:double><a:double>0</a:double><a:double>0</a:double></Value></Attribute></Attributes><ChildElements/><ElementName>origin</ElementName><required>false</required><RPYAttribute z:Ref="i41"/><XYZAttribute z:Ref="i40"/><isCustomized>false</isCustomized></URDFElement><URDFElement z:Id="i42" i:type="ParentLink"><Attributes><Attribute z:Id="i43"><AttributeType>link</AttributeType><IsRequired>true</IsRequired><Value i:type="a:string" xmlns:a="http://www.w3.org/2001/XMLSchema"/></Attribute></Attributes><ChildElements/><ElementName>parent</ElementName><required>true</required><NameAttribute z:Ref="i43"/></URDFElement><URDFElement z:Id="i44" i:type="ChildLink"><Attributes><Attribute z:Id="i45"><AttributeType>link</AttributeType><IsRequired>true</IsRequired><Value i:type="a:string" xmlns:a="http://www.w3.org/2001/XMLSchema"/></Attribute></Attributes><ChildElements/><ElementName>child</ElementName><required>true</required><NameAttribute z:Ref="i45"/></URDFElement><URDFElement z:Id="i46" i:type="Axis"><Attributes><Attribute z:Id="i47"><AttributeType>xyz</AttributeType><IsRequired>true</IsRequired><Value i:type="a:ArrayOfdouble" xmlns:a="http://schemas.microsoft.com/2003/10/Serialization/Arrays"><a:double>0</a:double><a:double>0</a:double><a:double>0</a:double></Value></Attribute></Attributes><ChildElements/><ElementName>axis</ElementName><required>false</required><XYZAttribute z:Ref="i47"/></URDFElement><URDFElement z:Id="i48" i:type="Limit"><Attributes><Attribute z:Id="i49"><AttributeType>lower</AttributeType><IsRequired>false</IsRequired><Value i:nil="true"/></Attribute><Attribute z:Id="i50"><AttributeType>upper</AttributeType><IsRequired>false</IsRequired><Value i:nil="true"/></Attribute><Attribute z:Id="i51"><AttributeType>effort</AttributeType><IsRequired>true</IsRequired><Value i:nil="true"/></Attribute><Attribute z:Id="i52"><AttributeType>velocity</AttributeType><IsRequired>true</IsRequired><Value i:nil="true"/></Attribute></Attributes><ChildElements/><ElementName>limit</ElementName><required>false</required><EffortAttribute z:Ref="i51"/><LowerAttribute z:Ref="i49"/><UpperAttribute z:Ref="i50"/><VelocityAttribute z:Ref="i52"/></URDFElement><URDFElement z:Id="i53" i:type="Calibration"><Attributes><Attribute z:Id="i54"><AttributeType>rising</AttributeType><IsRequired>false</IsRequired><Value i:nil="true"/></Attribute><Attribute z:Id="i55"><AttributeType>falling</AttributeType><IsRequired>false</IsRequired><Value i:nil="true"/></Attribute></Attributes><ChildElements/><ElementName>calibration</ElementName><required>false</required><FallingAttribute z:Ref="i55"/><RisingAttribute z:Ref="i54"/></URDFElement><URDFElement z:Id="i56" i:type="Dynamics"><Attributes><Attribute z:Id="i57"><AttributeType>damping</AttributeType><IsRequired>false</IsRequired><Value i:nil="true"/></Attribute><Attribute z:Id="i58"><AttributeType>friction</AttributeType><IsRequired>false</IsRequired><Value i:nil="true"/></Attribute></Attributes><ChildElements/><ElementName>dynamics</ElementName><required>false</required><DampingAttribute z:Ref="i57"/><FrictionAttribute z:Ref="i58"/></URDFElement><URDFElement z:Id="i59" i:type="SafetyController"><Attributes><Attribute z:Id="i60"><AttributeType>soft_upper_limit</AttributeType><IsRequired>false</IsRequired><Value i:nil="true"/></Attribute><Attribute z:Id="i61"><AttributeType>soft_lower_limit</AttributeType><IsRequired>false</IsRequired><Value i:nil="true"/></Attribute><Attribute z:Id="i62"><AttributeType>k_position</AttributeType><IsRequired>false</IsRequired><Value i:nil="true"/></Attribute><Attribute z:Id="i63"><AttributeType>k_velocity</AttributeType><IsRequired>true</IsRequired><Value i:nil="true"/></Attribute></Attributes><ChildElements/><ElementName>safety_controller</ElementName><required>false</required><KPositionAttribute z:Ref="i62"/><KVelocityAttribute z:Ref="i63"/><SoftLowerAttribute z:Ref="i61"/><SoftUpperAttribute z:Ref="i60"/></URDFElement><URDFElement z:Id="i64" i:type="Mimic"><Attributes><Attribute z:Id="i65"><AttributeType>joint</AttributeType><IsRequired>true</IsRequired><Value i:nil="true"/></Attribute><Attribute z:Id="i66"><AttributeType>multiplier</AttributeType><IsRequired>false</IsRequired><Value i:nil="true"/></Attribute><Attribute z:Id="i67"><AttributeType>offset</AttributeType><IsRequired>false</IsRequired><Value i:nil="true"/></Attribute></Attributes><ChildElements/><ElementName>mimic</ElementName><required>false</required><JointNameAttribute z:Ref="i65"/><MultiplierAttribute z:Ref="i66"/><OffsetAttribute z:Ref="i67"/></URDFElement></ChildElements><ElementName>joint</ElementName><required>false</required><Axis z:Ref="i46"/><AxisName/><Calibration z:Ref="i53"/><Child z:Ref="i44"/><CoordinateSystemName>Automatically Generate</CoordinateSystemName><Dynamics z:Ref="i56"/><Limit z:Ref="i48"/><Mimic z:Ref="i64"/><NameAttribute z:Ref="i37"/><Origin z:Ref="i39"/><Parent z:Ref="i42"/><Safety z:Ref="i59"/><TypeAttribute z:Ref="i38"/></URDFElement></ChildElements><ElementName>link</ElementName><required>true</required><Children><Link z:Id="i68"><Attributes><Attribute z:Id="i69"><AttributeType>name</AttributeType><IsRequired>true</IsRequired><Value i:type="a:string" xmlns:a="http://www.w3.org/2001/XMLSchema">thruster1_Link</Value></Attribute></Attributes><ChildElements><URDFElement z:Id="i70" i:type="Inertial"><Attributes/><ChildElements><URDFElement z:Id="i71" i:type="Origin"><Attributes><Attribute z:Id="i72"><AttributeType>xyz</AttributeType><IsRequired>true</IsRequired><Value i:type="a:ArrayOfdouble" xmlns:a="http://schemas.microsoft.com/2003/10/Serialization/Arrays"><a:double>0</a:double><a:double>0</a:double><a:double>0</a:double></Value></Attribute><Attribute z:Id="i73"><AttributeType>rpy</AttributeType><IsRequired>true</IsRequired><Value i:type="a:ArrayOfdouble" xmlns:a="http://schemas.microsoft.com/2003/10/Serialization/Arrays"><a:double>0</a:double><a:double>0</a:double><a:double>0</a:double></Value></Attribute></Attributes><ChildElements/><ElementName>origin</ElementName><required>false</required><RPYAttribute z:Ref="i73"/><XYZAttribute z:Ref="i72"/><isCustomized>false</isCustomized></URDFElement><URDFElement z:Id="i74" i:type="Mass"><Attributes><Attribute z:Id="i75"><AttributeType>value</AttributeType><IsRequired>true</IsRequired><Value i:type="a:double" xmlns:a="http://www.w3.org/2001/XMLSchema">0</Value></Attribute></Attributes><ChildElements/><ElementName>mass</ElementName><required>false</required><ValueAttribute z:Ref="i75"/></URDFElement><URDFElement z:Id="i76" i:type="Inertia"><Attributes><Attribute z:Id="i77"><AttributeType>ixx</AttributeType><IsRequired>true</IsRequired><Value i:type="a:double" xmlns:a="http://www.w3.org/2001/XMLSchema">0</Value></Attribute><Attribute z:Id="i78"><AttributeType>ixy</AttributeType><IsRequired>true</IsRequired><Value i:type="a:double" xmlns:a="http://www.w3.org/2001/XMLSchema">0</Value></Attribute><Attribute z:Id="i79"><AttributeType>ixz</AttributeType><IsRequired>true</IsRequired><Value i:type="a:double" xmlns:a="http://www.w3.org/2001/XMLSchema">0</Value></Attribute><Attribute z:Id="i80"><AttributeType>iyy</AttributeType><IsRequired>true</IsRequired><Value i:type="a:double" xmlns:a="http://www.w3.org/2001/XMLSchema">0</Value></Attribute><Attribute z:Id="i81"><AttributeType>iyz</AttributeType><IsRequired>true</IsRequired><Value i:type="a:double" xmlns:a="http://www.w3.org/2001/XMLSchema">0</Value></Attribute><Attribute z:Id="i82"><AttributeType>izz</AttributeType><IsRequired>true</IsRequired><Value i:type="a:double" xmlns:a="http://www.w3.org/2001/XMLSchema">0</Value></Attribute></Attributes><ChildElements/><ElementName>inertia</ElementName><required>false</required><IxxAttribute z:Ref="i77"/><IxyAttribute z:Ref="i78"/><IxzAttribute z:Ref="i79"/><IyyAttribute z:Ref="i80"/><IyzAttribute z:Ref="i81"/><IzzAttribute z:Ref="i82"/></URDFElement></ChildElements><ElementName>inertial</ElementName><required>false</required><Inertia z:Ref="i76"/><Mass z:Ref="i74"/><Origin z:Ref="i71"/></URDFElement><URDFElement z:Id="i83" i:type="Visual"><Attributes/><ChildElements><URDFElement z:Id="i84" i:type="Origin"><Attributes><Attribute z:Id="i85"><AttributeType>xyz</AttributeType><IsRequired>true</IsRequired><Value i:type="a:ArrayOfdouble" xmlns:a="http://schemas.microsoft.com/2003/10/Serialization/Arrays"><a:double>0</a:double><a:double>0</a:double><a:double>0</a:double></Value></Attribute><Attribute z:Id="i86"><AttributeType>rpy</AttributeType><IsRequired>true</IsRequired><Value i:type="a:ArrayOfdouble" xmlns:a="http://schemas.microsoft.com/2003/10/Serialization/Arrays"><a:double>0</a:double><a:double>0</a:double><a:double>0</a:double></Value></Attribute></Attributes><ChildElements/><ElementName>origin</ElementName><required>false</required><RPYAttribute z:Ref="i86"/><XYZAttribute z:Ref="i85"/><isCustomized>false</isCustomized></URDFElement><URDFElement z:Id="i87" i:type="Geometry"><Attributes/><ChildElements><URDFElement z:Id="i88" i:type="Mesh"><Attributes><Attribute z:Id="i89"><AttributeType>filename</AttributeType><IsRequired>true</IsRequired><Value i:nil="true"/></Attribute></Attributes><ChildElements/><ElementName>mesh</ElementName><required>false</required><FilenameAttribute z:Ref="i89"/></URDFElement></ChildElements><ElementName>geometry</ElementName><required>true</required><Mesh z:Ref="i88"/></URDFElement><URDFElement z:Id="i90" i:type="Material"><Attributes><Attribute z:Id="i91"><AttributeType>name</AttributeType><IsRequired>true</IsRequired><Value i:type="a:string" xmlns:a="http://www.w3.org/2001/XMLSchema"/></Attribute></Attributes><ChildElements><URDFElement z:Id="i92" i:type="Color"><Attributes><Attribute z:Id="i93"><AttributeType>rgba</AttributeType><IsRequired>true</IsRequired><Value i:type="a:ArrayOfdouble" xmlns:a="http://schemas.microsoft.com/2003/10/Serialization/Arrays"><a:double>1</a:double><a:double>1</a:double><a:double>1</a:double><a:double>1</a:double></Value></Attribute></Attributes><ChildElements/><ElementName>color</ElementName><required>false</required><RGBAAttribute z:Ref="i93"/></URDFElement><URDFElement z:Id="i94" i:type="Texture"><Attributes><Attribute z:Id="i95"><AttributeType>filename</AttributeType><IsRequired>true</IsRequired><Value i:nil="true"/></Attribute></Attributes><ChildElements/><ElementName>texture</ElementName><required>false</required><FilenameAttribute z:Ref="i95"/><wFilename/></URDFElement></ChildElements><ElementName>material</ElementName><required>false</required><Color z:Ref="i92"/><NameAttribute z:Ref="i91"/><Texture z:Ref="i94"/></URDFElement></ChildElements><ElementName>visual</ElementName><required>false</required><Geometry z:Ref="i87"/><Material z:Ref="i90"/><Origin z:Ref="i84"/></URDFElement><URDFElement z:Id="i96" i:type="Collision"><Attributes/><ChildElements><URDFElement z:Id="i97" i:type="Origin"><Attributes><Attribute z:Id="i98"><AttributeType>xyz</AttributeType><IsRequired>true</IsRequired><Value i:type="a:ArrayOfdouble" xmlns:a="http://schemas.microsoft.com/2003/10/Serialization/Arrays"><a:double>0</a:double><a:double>0</a:double><a:double>0</a:double></Value></Attribute><Attribute z:Id="i99"><AttributeType>rpy</AttributeType><IsRequired>true</IsRequired><Value i:type="a:ArrayOfdouble" xmlns:a="http://schemas.microsoft.com/2003/10/Serialization/Arrays"><a:double>0</a:double><a:double>0</a:double><a:double>0</a:double></Value></Attribute></Attributes><ChildElements/><ElementName>origin</ElementName><required>false</required><RPYAttribute z:Ref="i99"/><XYZAttribute z:Ref="i98"/><isCustomized>false</isCustomized></URDFElement><URDFElement z:Id="i100" i:type="Geometry"><Attributes/><ChildElements><URDFElement z:Id="i101" i:type="Mesh"><Attributes><Attribute z:Id="i102"><AttributeType>filename</AttributeType><IsRequired>true</IsRequired><Value i:nil="true"/></Attribute></Attributes><ChildElements/><ElementName>mesh</ElementName><required>false</required><FilenameAttribute z:Ref="i102"/></URDFElement></ChildElements><ElementName>geometry</ElementName><required>true</required><Mesh z:Ref="i101"/></URDFElement></ChildElements><ElementName>collision</ElementName><required>false</required><Geometry z:Ref="i100"/><Origin z:Ref="i97"/></URDFElement><URDFElement z:Id="i103" i:type="Joint"><Attributes><Attribute z:Id="i104"><AttributeType>name</AttributeType><IsRequired>true</IsRequired><Value i:type="a:string" xmlns:a="http://www.w3.org/2001/XMLSchema">joint1_turuster1</Value></Attribute><Attribute z:Id="i105"><AttributeType>type</AttributeType><IsRequired>true</IsRequired><Value i:type="a:string" xmlns:a="http://www.w3.org/2001/XMLSchema">fixed</Value></Attribute></Attributes><ChildElements><URDFElement z:Id="i106" i:type="Origin"><Attributes><Attribute z:Id="i107"><AttributeType>xyz</AttributeType><IsRequired>true</IsRequired><Value i:type="a:ArrayOfdouble" xmlns:a="http://schemas.microsoft.com/2003/10/Serialization/Arrays"><a:double>0</a:double><a:double>0</a:double><a:double>0</a:double></Value></Attribute><Attribute z:Id="i108"><AttributeType>rpy</AttributeType><IsRequired>true</IsRequired><Value i:type="a:ArrayOfdouble" xmlns:a="http://schemas.microsoft.com/2003/10/Serialization/Arrays"><a:double>0</a:double><a:double>0</a:double><a:double>0</a:double></Value></Attribute></Attributes><ChildElements/><ElementName>origin</ElementName><required>false</required><RPYAttribute z:Ref="i108"/><XYZAttribute z:Ref="i107"/><isCustomized>false</isCustomized></URDFElement><URDFElement z:Id="i109" i:type="ParentLink"><Attributes><Attribute z:Id="i110"><AttributeType>link</AttributeType><IsRequired>true</IsRequired><Value i:type="a:string" xmlns:a="http://www.w3.org/2001/XMLSchema"/></Attribute></Attributes><ChildElements/><ElementName>parent</ElementName><required>true</required><NameAttribute z:Ref="i110"/></URDFElement><URDFElement z:Id="i111" i:type="ChildLink"><Attributes><Attribute z:Id="i112"><AttributeType>link</AttributeType><IsRequired>true</IsRequired><Value i:type="a:string" xmlns:a="http://www.w3.org/2001/XMLSchema"/></Attribute></Attributes><ChildElements/><ElementName>child</ElementName><required>true</required><NameAttribute z:Ref="i112"/></URDFElement><URDFElement z:Id="i113" i:type="Axis"><Attributes><Attribute z:Id="i114"><AttributeType>xyz</AttributeType><IsRequired>true</IsRequired><Value i:type="a:ArrayOfdouble" xmlns:a="http://schemas.microsoft.com/2003/10/Serialization/Arrays"><a:double>0</a:double><a:double>0</a:double><a:double>0</a:double></Value></Attribute></Attributes><ChildElements/><ElementName>axis</ElementName><required>false</required><XYZAttribute z:Ref="i114"/></URDFElement><URDFElement z:Id="i115" i:type="Limit"><Attributes><Attribute z:Id="i116"><AttributeType>lower</AttributeType><IsRequired>false</IsRequired><Value i:nil="true"/></Attribute><Attribute z:Id="i117"><AttributeType>upper</AttributeType><IsRequired>false</IsRequired><Value i:nil="true"/></Attribute><Attribute z:Id="i118"><AttributeType>effort</AttributeType><IsRequired>true</IsRequired><Value i:nil="true"/></Attribute><Attribute z:Id="i119"><AttributeType>velocity</AttributeType><IsRequired>true</IsRequired><Value i:nil="true"/></Attribute></Attributes><ChildElements/><ElementName>limit</ElementName><required>false</required><EffortAttribute z:Ref="i118"/><LowerAttribute z:Ref="i116"/><UpperAttribute z:Ref="i117"/><VelocityAttribute z:Ref="i119"/></URDFElement><URDFElement z:Id="i120" i:type="Calibration"><Attributes><Attribute z:Id="i121"><AttributeType>rising</AttributeType><IsRequired>false</IsRequired><Value i:nil="true"/></Attribute><Attribute z:Id="i122"><AttributeType>falling</AttributeType><IsRequired>false</IsRequired><Value i:nil="true"/></Attribute></Attributes><ChildElements/><ElementName>calibration</ElementName><required>false</required><FallingAttribute z:Ref="i122"/><RisingAttribute z:Ref="i121"/></URDFElement><URDFElement z:Id="i123" i:type="Dynamics"><Attributes><Attribute z:Id="i124"><AttributeType>damping</AttributeType><IsRequired>false</IsRequired><Value i:nil="true"/></Attribute><Attribute z:Id="i125"><AttributeType>friction</AttributeType><IsRequired>false</IsRequired><Value i:nil="true"/></Attribute></Attributes><ChildElements/><ElementName>dynamics</ElementName><required>false</required><DampingAttribute z:Ref="i124"/><FrictionAttribute z:Ref="i125"/></URDFElement><URDFElement z:Id="i126" i:type="SafetyController"><Attributes><Attribute z:Id="i127"><AttributeType>soft_upper_limit</AttributeType><IsRequired>false</IsRequired><Value i:nil="true"/></Attribute><Attribute z:Id="i128"><AttributeType>soft_lower_limit</AttributeType><IsRequired>false</IsRequired><Value i:nil="true"/></Attribute><Attribute z:Id="i129"><AttributeType>k_position</AttributeType><IsRequired>false</IsRequired><Value i:nil="true"/></Attribute><Attribute z:Id="i130"><AttributeType>k_velocity</AttributeType><IsRequired>true</IsRequired><Value i:nil="true"/></Attribute></Attributes><ChildElements/><ElementName>safety_controller</ElementName><required>false</required><KPositionAttribute z:Ref="i129"/><KVelocityAttribute z:Ref="i130"/><SoftLowerAttribute z:Ref="i128"/><SoftUpperAttribute z:Ref="i127"/></URDFElement><URDFElement z:Id="i131" i:type="Mimic"><Attributes><Attribute z:Id="i132"><AttributeType>joint</AttributeType><IsRequired>true</IsRequired><Value i:nil="true"/></Attribute><Attribute z:Id="i133"><AttributeType>multiplier</AttributeType><IsRequired>false</IsRequired><Value i:nil="true"/></Attribute><Attribute z:Id="i134"><AttributeType>offset</AttributeType><IsRequired>false</IsRequired><Value i:nil="true"/></Attribute></Attributes><ChildElements/><ElementName>mimic</ElementName><required>false</required><JointNameAttribute z:Ref="i132"/><MultiplierAttribute z:Ref="i133"/><OffsetAttribute z:Ref="i134"/></URDFElement></ChildElements><ElementName>joint</ElementName><required>false</required><Axis z:Ref="i113"/><AxisName>?????????1</AxisName><Calibration z:Ref="i120"/><Child z:Ref="i111"/><CoordinateSystemName>Automatically Generate</CoordinateSystemName><Dynamics z:Ref="i123"/><Limit z:Ref="i115"/><Mimic z:Ref="i131"/><NameAttribute z:Ref="i104"/><Origin z:Ref="i106"/><Parent z:Ref="i109"/><Safety z:Ref="i126"/><TypeAttribute z:Ref="i105"/></URDFElement></ChildElements><ElementName>link</ElementName><required>true</required><Children/><Collision z:Ref="i96"/><Inertial z:Ref="i70"/><Joint z:Ref="i103"/><NameAttribute z:Ref="i69"/><Parent z:Ref="i1"/><STLQualityFine>false</STLQualityFine><SWComponentPIDs xmlns:a="http://schemas.microsoft.com/2003/10/Serialization/Arrays"><a:base64Binary>OEoAAAUAAAD//v9oUAA3ADUAXwBfAF8AXwBfAF8ALgAuAF8AXwBfAF8AKAAxACkALQAxAC0AMQBAANtWuWViXzmCxYhNkf5WLwBQADcANQBfAFgAMgBfADYAMwBhADgAOABmAGQAYgA1ADYANgA4ADYAYwBhADEANwBmADUAMQA3AGYANgA5ADQAZQAwADkANwBlAGYANAA1ADYAZgBlAF8AWAAwAF8AXwAxADMALQAxAEAAUAA3ADUAXwBfAF8AXwBfAF8ALgAuAF8AXwBfAF8AKAAxACkALQAxAAQAAAAQAAAAAQAAAAIAAAAgAAAALwAAAA==</a:base64Binary><a:base64Binary>OEoAAAUAAAD//v9oUAA3ADUAXwBfAF8AXwBfAF8ALgAuAF8AXwBfAF8AKAAxACkALQAxAC0AMQBAANtWuWViXzmCxYhNkf5WLwBQADcANQBfAFgAMgBfADYAMwBhADgAOABmAGQAYgA1ADYANgA4ADYAYwBhADEANwBmADUAMQA3AGYANgA5ADQAZQAwADkANwBlAGYANAA1ADYAZgBlAF8AWAAwAF8AXwAxADQALQAxAEAAUAA3ADUAXwBfAF8AXwBfAF8ALgAuAF8AXwBfAF8AKAAxACkALQAxAAQAAAAQAAAAAQAAAAIAAAAgAAAALAAAAA==</a:base64Binary><a:base64Binary>OEoAAAUAAAD//v9nUAA3ADUAXwBfAF8AXwBfAF8ALgAuAF8AXwBfAF8AKAAxACkALQAxAC0AMQBAANtWuWViXzmCxYhNkf5WLwBQADcANQBfAFgAMgBfADYAMwBhADgAOABmAGQAYgA1ADYANgA4ADYAYwBhADEANwBmADUAMQA3AGYANgA5ADQAZQAwADkANwBlAGYANAA1ADYAZgBlAF8AWAAwAF8AXwA2AC0AMQBAAFAANwA1AF8AXwBfAF8AXwBfAC4ALgBfAF8AXwBfACgAMQApAC0AMQAEAAAAEAAAAAEAAAACAAAAIAAAABoAAAA=</a:base64Binary><a:base64Binary>OEoAAAUAAAD//v9oUAA3ADUAXwBfAF8AXwBfAF8ALgAuAF8AXwBfAF8AKAAxACkALQAxAC0AMQBAANtWuWViXzmCxYhNkf5WLwBQADcANQBfAFgAMgBfADYAMwBhADgAOABmAGQAYgA1ADYANgA4ADYAYwBhADEANwBmADUAMQA3AGYANgA5ADQAZQAwADkANwBlAGYANAA1ADYAZgBlAF8AWAAwAF8AXwAxADEALQAxAEAAUAA3ADUAXwBfAF8AXwBfAF8ALgAuAF8AXwBfAF8AKAAxACkALQAxAAQAAAAQAAAAAQAAAAIAAAAgAAAALQAAAA==</a:base64Binary></SWComponentPIDs><SWMainComponentPID i:nil="true"/><Visual z:Ref="i83"/><isFixedFrame>false</isFixedFrame><isIncomplete>false</isIncomplete></Link><Link z:Id="i135"><Attributes><Attribute z:Id="i136"><AttributeType>name</AttributeType><IsRequired>true</IsRequired><Value i:type="a:string" xmlns:a="http://www.w3.org/2001/XMLSchema">thruster2_Link</Value></Attribute></Attributes><ChildElements><URDFElement z:Id="i137" i:type="Inertial"><Attributes/><ChildElements><URDFElement z:Id="i138" i:type="Origin"><Attributes><Attribute z:Id="i139"><AttributeType>xyz</AttributeType><IsRequired>true</IsRequired><Value i:type="a:ArrayOfdouble" xmlns:a="http://schemas.microsoft.com/2003/10/Serialization/Arrays"><a:double>0</a:double><a:double>0</a:double><a:double>0</a:double></Value></Attribute><Attribute z:Id="i140"><AttributeType>rpy</AttributeType><IsRequired>true</IsRequired><Value i:type="a:ArrayOfdouble" xmlns:a="http://schemas.microsoft.com/2003/10/Serialization/Arrays"><a:double>0</a:double><a:double>0</a:double><a:double>0</a:double></Value></Attribute></Attributes><ChildElements/><ElementName>origin</ElementName><required>false</required><RPYAttribute z:Ref="i140"/><XYZAttribute z:Ref="i139"/><isCustomized>false</isCustomized></URDFElement><URDFElement z:Id="i141" i:type="Mass"><Attributes><Attribute z:Id="i142"><AttributeType>value</AttributeType><IsRequired>true</IsRequired><Value i:type="a:double" xmlns:a="http://www.w3.org/2001/XMLSchema">0</Value></Attribute></Attributes><ChildElements/><ElementName>mass</ElementName><required>false</required><ValueAttribute z:Ref="i142"/></URDFElement><URDFElement z:Id="i143" i:type="Inertia"><Attributes><Attribute z:Id="i144"><AttributeType>ixx</AttributeType><IsRequired>true</IsRequired><Value i:type="a:double" xmlns:a="http://www.w3.org/2001/XMLSchema">0</Value></Attribute><Attribute z:Id="i145"><AttributeType>ixy</AttributeType><IsRequired>true</IsRequired><Value i:type="a:double" xmlns:a="http://www.w3.org/2001/XMLSchema">0</Value></Attribute><Attribute z:Id="i146"><AttributeType>ixz</AttributeType><IsRequired>true</IsRequired><Value i:type="a:double" xmlns:a="http://www.w3.org/2001/XMLSchema">0</Value></Attribute><Attribute z:Id="i147"><AttributeType>iyy</AttributeType><IsRequired>true</IsRequired><Value i:type="a:double" xmlns:a="http://www.w3.org/2001/XMLSchema">0</Value></Attribute><Attribute z:Id="i148"><AttributeType>iyz</AttributeType><IsRequired>true</IsRequired><Value i:type="a:double" xmlns:a="http://www.w3.org/2001/XMLSchema">0</Value></Attribute><Attribute z:Id="i149"><AttributeType>izz</AttributeType><IsRequired>true</IsRequired><Value i:type="a:double" xmlns:a="http://www.w3.org/2001/XMLSchema">0</Value></Attribute></Attributes><ChildElements/><ElementName>inertia</ElementName><required>false</required><IxxAttribute z:Ref="i144"/><IxyAttribute z:Ref="i145"/><IxzAttribute z:Ref="i146"/><IyyAttribute z:Ref="i147"/><IyzAttribute z:Ref="i148"/><IzzAttribute z:Ref="i149"/></URDFElement></ChildElements><ElementName>inertial</ElementName><required>false</required><Inertia z:Ref="i143"/><Mass z:Ref="i141"/><Origin z:Ref="i138"/></URDFElement><URDFElement z:Id="i150" i:type="Visual"><Attributes/><ChildElements><URDFElement z:Id="i151" i:type="Origin"><Attributes><Attribute z:Id="i152"><AttributeType>xyz</AttributeType><IsRequired>true</IsRequired><Value i:type="a:ArrayOfdouble" xmlns:a="http://schemas.microsoft.com/2003/10/Serialization/Arrays"><a:double>0</a:double><a:double>0</a:double><a:double>0</a:double></Value></Attribute><Attribute z:Id="i153"><AttributeType>rpy</AttributeType><IsRequired>true</IsRequired><Value i:type="a:ArrayOfdouble" xmlns:a="http://schemas.microsoft.com/2003/10/Serialization/Arrays"><a:double>0</a:double><a:double>0</a:double><a:double>0</a:double></Value></Attribute></Attributes><ChildElements/><ElementName>origin</ElementName><required>false</required><RPYAttribute z:Ref="i153"/><XYZAttribute z:Ref="i152"/><isCustomized>false</isCustomized></URDFElement><URDFElement z:Id="i154" i:type="Geometry"><Attributes/><ChildElements><URDFElement z:Id="i155" i:type="Mesh"><Attributes><Attribute z:Id="i156"><AttributeType>filename</AttributeType><IsRequired>true</IsRequired><Value i:nil="true"/></Attribute></Attributes><ChildElements/><ElementName>mesh</ElementName><required>false</required><FilenameAttribute z:Ref="i156"/></URDFElement></ChildElements><ElementName>geometry</ElementName><required>true</required><Mesh z:Ref="i155"/></URDFElement><URDFElement z:Id="i157" i:type="Material"><Attributes><Attribute z:Id="i158"><AttributeType>name</AttributeType><IsRequired>true</IsRequired><Value i:type="a:string" xmlns:a="http://www.w3.org/2001/XMLSchema"/></Attribute></Attributes><ChildElements><URDFElement z:Id="i159" i:type="Color"><Attributes><Attribute z:Id="i160"><AttributeType>rgba</AttributeType><IsRequired>true</IsRequired><Value i:type="a:ArrayOfdouble" xmlns:a="http://schemas.microsoft.com/2003/10/Serialization/Arrays"><a:double>1</a:double><a:double>1</a:double><a:double>1</a:double><a:double>1</a:double></Value></Attribute></Attributes><ChildElements/><ElementName>color</ElementName><required>false</required><RGBAAttribute z:Ref="i160"/></URDFElement><URDFElement z:Id="i161" i:type="Texture"><Attributes><Attribute z:Id="i162"><AttributeType>filename</AttributeType><IsRequired>true</IsRequired><Value i:nil="true"/></Attribute></Attributes><ChildElements/><ElementName>texture</ElementName><required>false</required><FilenameAttribute z:Ref="i162"/><wFilename/></URDFElement></ChildElements><ElementName>material</ElementName><required>false</required><Color z:Ref="i159"/><NameAttribute z:Ref="i158"/><Texture z:Ref="i161"/></URDFElement></ChildElements><ElementName>visual</ElementName><required>false</required><Geometry z:Ref="i154"/><Material z:Ref="i157"/><Origin z:Ref="i151"/></URDFElement><URDFElement z:Id="i163" i:type="Collision"><Attributes/><ChildElements><URDFElement z:Id="i164" i:type="Origin"><Attributes><Attribute z:Id="i165"><AttributeType>xyz</AttributeType><IsRequired>true</IsRequired><Value i:type="a:ArrayOfdouble" xmlns:a="http://schemas.microsoft.com/2003/10/Serialization/Arrays"><a:double>0</a:double><a:double>0</a:double><a:double>0</a:double></Value></Attribute><Attribute z:Id="i166"><AttributeType>rpy</AttributeType><IsRequired>true</IsRequired><Value i:type="a:ArrayOfdouble" xmlns:a="http://schemas.microsoft.com/2003/10/Serialization/Arrays"><a:double>0</a:double><a:double>0</a:double><a:double>0</a:double></Value></Attribute></Attributes><ChildElements/><ElementName>origin</ElementName><required>false</required><RPYAttribute z:Ref="i166"/><XYZAttribute z:Ref="i165"/><isCustomized>false</isCustomized></URDFElement><URDFElement z:Id="i167" i:type="Geometry"><Attributes/><ChildElements><URDFElement z:Id="i168" i:type="Mesh"><Attributes><Attribute z:Id="i169"><AttributeType>filename</AttributeType><IsRequired>true</IsRequired><Value i:nil="true"/></Attribute></Attributes><ChildElements/><ElementName>mesh</ElementName><required>false</required><FilenameAttribute z:Ref="i169"/></URDFElement></ChildElements><ElementName>geometry</ElementName><required>true</required><Mesh z:Ref="i168"/></URDFElement></ChildElements><ElementName>collision</ElementName><required>false</required><Geometry z:Ref="i167"/><Origin z:Ref="i164"/></URDFElement><URDFElement z:Id="i170" i:type="Joint"><Attributes><Attribute z:Id="i171"><AttributeType>name</AttributeType><IsRequired>true</IsRequired><Value i:type="a:string" xmlns:a="http://www.w3.org/2001/XMLSchema">joint2_thruster2</Value></Attribute><Attribute z:Id="i172"><AttributeType>type</AttributeType><IsRequired>true</IsRequired><Value i:type="a:string" xmlns:a="http://www.w3.org/2001/XMLSchema">fixed</Value></Attribute></Attributes><ChildElements><URDFElement z:Id="i173" i:type="Origin"><Attributes><Attribute z:Id="i174"><AttributeType>xyz</AttributeType><IsRequired>true</IsRequired><Value i:type="a:ArrayOfdouble" xmlns:a="http://schemas.microsoft.com/2003/10/Serialization/Arrays"><a:double>0</a:double><a:double>0</a:double><a:double>0</a:double></Value></Attribute><Attribute z:Id="i175"><AttributeType>rpy</AttributeType><IsRequired>true</IsRequired><Value i:type="a:ArrayOfdouble" xmlns:a="http://schemas.microsoft.com/2003/10/Serialization/Arrays"><a:double>0</a:double><a:double>0</a:double><a:double>0</a:double></Value></Attribute></Attributes><ChildElements/><ElementName>origin</ElementName><required>false</required><RPYAttribute z:Ref="i175"/><XYZAttribute z:Ref="i174"/><isCustomized>false</isCustomized></URDFElement><URDFElement z:Id="i176" i:type="ParentLink"><Attributes><Attribute z:Id="i177"><AttributeType>link</AttributeType><IsRequired>true</IsRequired><Value i:type="a:string" xmlns:a="http://www.w3.org/2001/XMLSchema"/></Attribute></Attributes><ChildElements/><ElementName>parent</ElementName><required>true</required><NameAttribute z:Ref="i177"/></URDFElement><URDFElement z:Id="i178" i:type="ChildLink"><Attributes><Attribute z:Id="i179"><AttributeType>link</AttributeType><IsRequired>true</IsRequired><Value i:type="a:string" xmlns:a="http://www.w3.org/2001/XMLSchema"/></Attribute></Attributes><ChildElements/><ElementName>child</ElementName><required>true</required><NameAttribute z:Ref="i179"/></URDFElement><URDFElement z:Id="i180" i:type="Axis"><Attributes><Attribute z:Id="i181"><AttributeType>xyz</AttributeType><IsRequired>true</IsRequired><Value i:type="a:ArrayOfdouble" xmlns:a="http://schemas.microsoft.com/2003/10/Serialization/Arrays"><a:double>0</a:double><a:double>0</a:double><a:double>0</a:double></Value></Attribute></Attributes><ChildElements/><ElementName>axis</ElementName><required>false</required><XYZAttribute z:Ref="i181"/></URDFElement><URDFElement z:Id="i182" i:type="Limit"><Attributes><Attribute z:Id="i183"><AttributeType>lower</AttributeType><IsRequired>false</IsRequired><Value i:nil="true"/></Attribute><Attribute z:Id="i184"><AttributeType>upper</AttributeType><IsRequired>false</IsRequired><Value i:nil="true"/></Attribute><Attribute z:Id="i185"><AttributeType>effort</AttributeType><IsRequired>true</IsRequired><Value i:nil="true"/></Attribute><Attribute z:Id="i186"><AttributeType>velocity</AttributeType><IsRequired>true</IsRequired><Value i:nil="true"/></Attribute></Attributes><ChildElements/><ElementName>limit</ElementName><required>false</required><EffortAttribute z:Ref="i185"/><LowerAttribute z:Ref="i183"/><UpperAttribute z:Ref="i184"/><VelocityAttribute z:Ref="i186"/></URDFElement><URDFElement z:Id="i187" i:type="Calibration"><Attributes><Attribute z:Id="i188"><AttributeType>rising</AttributeType><IsRequired>false</IsRequired><Value i:nil="true"/></Attribute><Attribute z:Id="i189"><AttributeType>falling</AttributeType><IsRequired>false</IsRequired><Value i:nil="true"/></Attribute></Attributes><ChildElements/><ElementName>calibration</ElementName><required>false</required><FallingAttribute z:Ref="i189"/><RisingAttribute z:Ref="i188"/></URDFElement><URDFElement z:Id="i190" i:type="Dynamics"><Attributes><Attribute z:Id="i191"><AttributeType>damping</AttributeType><IsRequired>false</IsRequired><Value i:nil="true"/></Attribute><Attribute z:Id="i192"><AttributeType>friction</AttributeType><IsRequired>false</IsRequired><Value i:nil="true"/></Attribute></Attributes><ChildElements/><ElementName>dynamics</ElementName><required>false</required><DampingAttribute z:Ref="i191"/><FrictionAttribute z:Ref="i192"/></URDFElement><URDFElement z:Id="i193" i:type="SafetyController"><Attributes><Attribute z:Id="i194"><AttributeType>soft_upper_limit</AttributeType><IsRequired>false</IsRequired><Value i:nil="true"/></Attribute><Attribute z:Id="i195"><AttributeType>soft_lower_limit</AttributeType><IsRequired>false</IsRequired><Value i:nil="true"/></Attribute><Attribute z:Id="i196"><AttributeType>k_position</AttributeType><IsRequired>false</IsRequired><Value i:nil="true"/></Attribute><Attribute z:Id="i197"><AttributeType>k_velocity</AttributeType><IsRequired>true</IsRequired><Value i:nil="true"/></Attribute></Attributes><ChildElements/><ElementName>safety_controller</ElementName><required>false</required><KPositionAttribute z:Ref="i196"/><KVelocityAttribute z:Ref="i197"/><SoftLowerAttribute z:Ref="i195"/><SoftUpperAttribute z:Ref="i194"/></URDFElement><URDFElement z:Id="i198" i:type="Mimic"><Attributes><Attribute z:Id="i199"><AttributeType>joint</AttributeType><IsRequired>true</IsRequired><Value i:nil="true"/></Attribute><Attribute z:Id="i200"><AttributeType>multiplier</AttributeType><IsRequired>false</IsRequired><Value i:nil="true"/></Attribute><Attribute z:Id="i201"><AttributeType>offset</AttributeType><IsRequired>false</IsRequired><Value i:nil="true"/></Attribute></Attributes><ChildElements/><ElementName>mimic</ElementName><required>false</required><JointNameAttribute z:Ref="i199"/><MultiplierAttribute z:Ref="i200"/><OffsetAttribute z:Ref="i201"/></URDFElement></ChildElements><ElementName>joint</ElementName><required>false</required><Axis z:Ref="i180"/><AxisName>?????????1</AxisName><Calibration z:Ref="i187"/><Child z:Ref="i178"/><CoordinateSystemName>Automatically Generate</CoordinateSystemName><Dynamics z:Ref="i190"/><Limit z:Ref="i182"/><Mimic z:Ref="i198"/><NameAttribute z:Ref="i171"/><Origin z:Ref="i173"/><Parent z:Ref="i176"/><Safety z:Ref="i193"/><TypeAttribute z:Ref="i172"/></URDFElement></ChildElements><ElementName>link</ElementName><required>true</required><Children/><Collision z:Ref="i163"/><Inertial z:Ref="i137"/><Joint z:Ref="i170"/><NameAttribute z:Ref="i136"/><Parent z:Ref="i1"/><STLQualityFine>false</STLQualityFine><SWComponentPIDs xmlns:a="http://schemas.microsoft.com/2003/10/Serialization/Arrays"><a:base64Binary>OEoAAAUAAAD//v9oUAA3ADUAXwBfAF8AXwBfAF8ALgAuAF8AXwBfAF8AKAAxACkALQAzAC0AMQBAANtWuWViXzmCxYhNkf5WLwBQADcANQBfAFgAMgBfADYAMwBhADgAOABmAGQAYgA1ADYANgA4ADYAYwBhADEANwBmADUAMQA3AGYANgA5ADQAZQAwADkANwBlAGYANAA1ADYAZgBlAF8AWAAwAF8AXwAxADMALQAxAEAAUAA3ADUAXwBfAF8AXwBfAF8ALgAuAF8AXwBfAF8AKAAxACkALQAzAAQAAAAQAAAAAQAAAAIAAAAiAAAALwAAAA==</a:base64Binary><a:base64Binary>OEoAAAUAAAD//v9oUAA3ADUAXwBfAF8AXwBfAF8ALgAuAF8AXwBfAF8AKAAxACkALQAzAC0AMQBAANtWuWViXzmCxYhNkf5WLwBQADcANQBfAFgAMgBfADYAMwBhADgAOABmAGQAYgA1ADYANgA4ADYAYwBhADEANwBmADUAMQA3AGYANgA5ADQAZQAwADkANwBlAGYANAA1ADYAZgBlAF8AWAAwAF8AXwAxADQALQAxAEAAUAA3ADUAXwBfAF8AXwBfAF8ALgAuAF8AXwBfAF8AKAAxACkALQAzAAQAAAAQAAAAAQAAAAIAAAAiAAAALAAAAA==</a:base64Binary><a:base64Binary>OEoAAAUAAAD//v9oUAA3ADUAXwBfAF8AXwBfAF8ALgAuAF8AXwBfAF8AKAAxACkALQAzAC0AMQBAANtWuWViXzmCxYhNkf5WLwBQADcANQBfAFgAMgBfADYAMwBhADgAOABmAGQAYgA1ADYANgA4ADYAYwBhADEANwBmADUAMQA3AGYANgA5ADQAZQAwADkANwBlAGYANAA1ADYAZgBlAF8AWAAwAF8AXwAxADgALQAxAEAAUAA3ADUAXwBfAF8AXwBfAF8ALgAuAF8AXwBfAF8AKAAxACkALQAzAAQAAAAQAAAAAQAAAAIAAAAiAAAAGQAAAA==</a:base64Binary><a:base64Binary>OEoAAAUAAAD//v9nUAA3ADUAXwBfAF8AXwBfAF8ALgAuAF8AXwBfAF8AKAAxACkALQAzAC0AMQBAANtWuWViXzmCxYhNkf5WLwBQADcANQBfAFgAMgBfADYAMwBhADgAOABmAGQAYgA1ADYANgA4ADYAYwBhADEANwBmADUAMQA3AGYANgA5ADQAZQAwADkANwBlAGYANAA1ADYAZgBlAF8AWAAwAF8AXwA2AC0AMQBAAFAANwA1AF8AXwBfAF8AXwBfAC4ALgBfAF8AXwBfACgAMQApAC0AMwAEAAAAEAAAAAEAAAACAAAAIgAAABoAAAA=</a:base64Binary><a:base64Binary>OEoAAAUAAAD//v9nUAA3ADUAXwBfAF8AXwBfAF8ALgAuAF8AXwBfAF8AKAAxACkALQAzAC0AMQBAANtWuWViXzmCxYhNkf5WLwBQADcANQBfAFgAMgBfADYAMwBhADgAOABmAGQAYgA1ADYANgA4ADYAYwBhADEANwBmADUAMQA3AGYANgA5ADQAZQAwADkANwBlAGYANAA1ADYAZgBlAF8AWAAwAF8AXwAyAC0AMQBAAFAANwA1AF8AXwBfAF8AXwBfAC4ALgBfAF8AXwBfACgAMQApAC0AMwAEAAAAEAAAAAEAAAACAAAAIgAAAC4AAAA=</a:base64Binary><a:base64Binary>OEoAAAUAAAD//v9oUAA3ADUAXwBfAF8AXwBfAF8ALgAuAF8AXwBfAF8AKAAxACkALQAzAC0AMQBAANtWuWViXzmCxYhNkf5WLwBQADcANQBfAFgAMgBfADYAMwBhADgAOABmAGQAYgA1ADYANgA4ADYAYwBhADEANwBmADUAMQA3AGYANgA5ADQAZQAwADkANwBlAGYANAA1ADYAZgBlAF8AWAAwAF8AXwAxADkALQAxAEAAUAA3ADUAXwBfAF8AXwBfAF8ALgAuAF8AXwBfAF8AKAAxACkALQAzAAQAAAAQAAAAAQAAAAIAAAAiAAAAGwAAAA==</a:base64Binary><a:base64Binary>OEoAAAUAAAD//v9lUAA3ADUAXwBfAF8AXwBfAF8ALgAuAF8AXwBfAF8AKAAxACkALQAzAC0AMQBAANtWuWViXzmCxYhNkf5WLwBQADcANQBfAFgAMgBfADYAMwBhADgAOABmAGQAYgA1ADYANgA4ADYAYwBhADEANwBmADUAMQA3AGYANgA5ADQAZQAwADkANwBlAGYANAA1ADYAZgBlAF8AWAAwAF8ALQAxAEAAUAA3ADUAXwBfAF8AXwBfAF8ALgAuAF8AXwBfAF8AKAAxACkALQAzAAQAAAAQAAAAAQAAAAIAAAAiAAAAHQAAAA==</a:base64Binary><a:base64Binary>OEoAAAUAAAD//v9oUAA3ADUAXwBfAF8AXwBfAF8ALgAuAF8AXwBfAF8AKAAxACkALQAzAC0AMQBAANtWuWViXzmCxYhNkf5WLwBQADcANQBfAFgAMgBfADYAMwBhADgAOABmAGQAYgA1ADYANgA4ADYAYwBhADEANwBmADUAMQA3AGYANgA5ADQAZQAwADkANwBlAGYANAA1ADYAZgBlAF8AWAAwAF8AXwAxADEALQAxAEAAUAA3ADUAXwBfAF8AXwBfAF8ALgAuAF8AXwBfAF8AKAAxACkALQAzAAQAAAAQAAAAAQAAAAIAAAAiAAAALQAAAA==</a:base64Binary></SWComponentPIDs><SWMainComponentPID i:nil="true"/><Visual z:Ref="i150"/><isFixedFrame>false</isFixedFrame><isIncomplete>false</isIncomplete></Link><Link z:Id="i202"><Attributes><Attribute z:Id="i203"><AttributeType>name</AttributeType><IsRequired>true</IsRequired><Value i:type="a:string" xmlns:a="http://www.w3.org/2001/XMLSchema">thruster3_Link</Value></Attribute></Attributes><ChildElements><URDFElement z:Id="i204" i:type="Inertial"><Attributes/><ChildElements><URDFElement z:Id="i205" i:type="Origin"><Attributes><Attribute z:Id="i206"><AttributeType>xyz</AttributeType><IsRequired>true</IsRequired><Value i:type="a:ArrayOfdouble" xmlns:a="http://schemas.microsoft.com/2003/10/Serialization/Arrays"><a:double>0</a:double><a:double>0</a:double><a:double>0</a:double></Value></Attribute><Attribute z:Id="i207"><AttributeType>rpy</AttributeType><IsRequired>true</IsRequired><Value i:type="a:ArrayOfdouble" xmlns:a="http://schemas.microsoft.com/2003/10/Serialization/Arrays"><a:double>0</a:double><a:double>0</a:double><a:double>0</a:double></Value></Attribute></Attributes><ChildElements/><ElementName>origin</ElementName><required>false</required><RPYAttribute z:Ref="i207"/><XYZAttribute z:Ref="i206"/><isCustomized>false</isCustomized></URDFElement><URDFElement z:Id="i208" i:type="Mass"><Attributes><Attribute z:Id="i209"><AttributeType>value</AttributeType><IsRequired>true</IsRequired><Value i:type="a:double" xmlns:a="http://www.w3.org/2001/XMLSchema">0</Value></Attribute></Attributes><ChildElements/><ElementName>mass</ElementName><required>false</required><ValueAttribute z:Ref="i209"/></URDFElement><URDFElement z:Id="i210" i:type="Inertia"><Attributes><Attribute z:Id="i211"><AttributeType>ixx</AttributeType><IsRequired>true</IsRequired><Value i:type="a:double" xmlns:a="http://www.w3.org/2001/XMLSchema">0</Value></Attribute><Attribute z:Id="i212"><AttributeType>ixy</AttributeType><IsRequired>true</IsRequired><Value i:type="a:double" xmlns:a="http://www.w3.org/2001/XMLSchema">0</Value></Attribute><Attribute z:Id="i213"><AttributeType>ixz</AttributeType><IsRequired>true</IsRequired><Value i:type="a:double" xmlns:a="http://www.w3.org/2001/XMLSchema">0</Value></Attribute><Attribute z:Id="i214"><AttributeType>iyy</AttributeType><IsRequired>true</IsRequired><Value i:type="a:double" xmlns:a="http://www.w3.org/2001/XMLSchema">0</Value></Attribute><Attribute z:Id="i215"><AttributeType>iyz</AttributeType><IsRequired>true</IsRequired><Value i:type="a:double" xmlns:a="http://www.w3.org/2001/XMLSchema">0</Value></Attribute><Attribute z:Id="i216"><AttributeType>izz</AttributeType><IsRequired>true</IsRequired><Value i:type="a:double" xmlns:a="http://www.w3.org/2001/XMLSchema">0</Value></Attribute></Attributes><ChildElements/><ElementName>inertia</ElementName><required>false</required><IxxAttribute z:Ref="i211"/><IxyAttribute z:Ref="i212"/><IxzAttribute z:Ref="i213"/><IyyAttribute z:Ref="i214"/><IyzAttribute z:Ref="i215"/><IzzAttribute z:Ref="i216"/></URDFElement></ChildElements><ElementName>inertial</ElementName><required>false</required><Inertia z:Ref="i210"/><Mass z:Ref="i208"/><Origin z:Ref="i205"/></URDFElement><URDFElement z:Id="i217" i:type="Visual"><Attributes/><ChildElements><URDFElement z:Id="i218" i:type="Origin"><Attributes><Attribute z:Id="i219"><AttributeType>xyz</AttributeType><IsRequired>true</IsRequired><Value i:type="a:ArrayOfdouble" xmlns:a="http://schemas.microsoft.com/2003/10/Serialization/Arrays"><a:double>0</a:double><a:double>0</a:double><a:double>0</a:double></Value></Attribute><Attribute z:Id="i220"><AttributeType>rpy</AttributeType><IsRequired>true</IsRequired><Value i:type="a:ArrayOfdouble" xmlns:a="http://schemas.microsoft.com/2003/10/Serialization/Arrays"><a:double>0</a:double><a:double>0</a:double><a:double>0</a:double></Value></Attribute></Attributes><ChildElements/><ElementName>origin</ElementName><required>false</required><RPYAttribute z:Ref="i220"/><XYZAttribute z:Ref="i219"/><isCustomized>false</isCustomized></URDFElement><URDFElement z:Id="i221" i:type="Geometry"><Attributes/><ChildElements><URDFElement z:Id="i222" i:type="Mesh"><Attributes><Attribute z:Id="i223"><AttributeType>filename</AttributeType><IsRequired>true</IsRequired><Value i:nil="true"/></Attribute></Attributes><ChildElements/><ElementName>mesh</ElementName><required>false</required><FilenameAttribute z:Ref="i223"/></URDFElement></ChildElements><ElementName>geometry</ElementName><required>true</required><Mesh z:Ref="i222"/></URDFElement><URDFElement z:Id="i224" i:type="Material"><Attributes><Attribute z:Id="i225"><AttributeType>name</AttributeType><IsRequired>true</IsRequired><Value i:type="a:string" xmlns:a="http://www.w3.org/2001/XMLSchema"/></Attribute></Attributes><ChildElements><URDFElement z:Id="i226" i:type="Color"><Attributes><Attribute z:Id="i227"><AttributeType>rgba</AttributeType><IsRequired>true</IsRequired><Value i:type="a:ArrayOfdouble" xmlns:a="http://schemas.microsoft.com/2003/10/Serialization/Arrays"><a:double>1</a:double><a:double>1</a:double><a:double>1</a:double><a:double>1</a:double></Value></Attribute></Attributes><ChildElements/><ElementName>color</ElementName><required>false</required><RGBAAttribute z:Ref="i227"/></URDFElement><URDFElement z:Id="i228" i:type="Texture"><Attributes><Attribute z:Id="i229"><AttributeType>filename</AttributeType><IsRequired>true</IsRequired><Value i:nil="true"/></Attribute></Attributes><ChildElements/><ElementName>texture</ElementName><required>false</required><FilenameAttribute z:Ref="i229"/><wFilename/></URDFElement></ChildElements><ElementName>material</ElementName><required>false</required><Color z:Ref="i226"/><NameAttribute z:Ref="i225"/><Texture z:Ref="i228"/></URDFElement></ChildElements><ElementName>visual</ElementName><required>false</required><Geometry z:Ref="i221"/><Material z:Ref="i224"/><Origin z:Ref="i218"/></URDFElement><URDFElement z:Id="i230" i:type="Collision"><Attributes/><ChildElements><URDFElement z:Id="i231" i:type="Origin"><Attributes><Attribute z:Id="i232"><AttributeType>xyz</AttributeType><IsRequired>true</IsRequired><Value i:type="a:ArrayOfdouble" xmlns:a="http://schemas.microsoft.com/2003/10/Serialization/Arrays"><a:double>0</a:double><a:double>0</a:double><a:double>0</a:double></Value></Attribute><Attribute z:Id="i233"><AttributeType>rpy</AttributeType><IsRequired>true</IsRequired><Value i:type="a:ArrayOfdouble" xmlns:a="http://schemas.microsoft.com/2003/10/Serialization/Arrays"><a:double>0</a:double><a:double>0</a:double><a:double>0</a:double></Value></Attribute></Attributes><ChildElements/><ElementName>origin</ElementName><required>false</required><RPYAttribute z:Ref="i233"/><XYZAttribute z:Ref="i232"/><isCustomized>false</isCustomized></URDFElement><URDFElement z:Id="i234" i:type="Geometry"><Attributes/><ChildElements><URDFElement z:Id="i235" i:type="Mesh"><Attributes><Attribute z:Id="i236"><AttributeType>filename</AttributeType><IsRequired>true</IsRequired><Value i:nil="true"/></Attribute></Attributes><ChildElements/><ElementName>mesh</ElementName><required>false</required><FilenameAttribute z:Ref="i236"/></URDFElement></ChildElements><ElementName>geometry</ElementName><required>true</required><Mesh z:Ref="i235"/></URDFElement></ChildElements><ElementName>collision</ElementName><required>false</required><Geometry z:Ref="i234"/><Origin z:Ref="i231"/></URDFElement><URDFElement z:Id="i237" i:type="Joint"><Attributes><Attribute z:Id="i238"><AttributeType>name</AttributeType><IsRequired>true</IsRequired><Value i:type="a:string" xmlns:a="http://www.w3.org/2001/XMLSchema">joint3_thruster3</Value></Attribute><Attribute z:Id="i239"><AttributeType>type</AttributeType><IsRequired>true</IsRequired><Value i:type="a:string" xmlns:a="http://www.w3.org/2001/XMLSchema">fixed</Value></Attribute></Attributes><ChildElements><URDFElement z:Id="i240" i:type="Origin"><Attributes><Attribute z:Id="i241"><AttributeType>xyz</AttributeType><IsRequired>true</IsRequired><Value i:type="a:ArrayOfdouble" xmlns:a="http://schemas.microsoft.com/2003/10/Serialization/Arrays"><a:double>0</a:double><a:double>0</a:double><a:double>0</a:double></Value></Attribute><Attribute z:Id="i242"><AttributeType>rpy</AttributeType><IsRequired>true</IsRequired><Value i:type="a:ArrayOfdouble" xmlns:a="http://schemas.microsoft.com/2003/10/Serialization/Arrays"><a:double>0</a:double><a:double>0</a:double><a:double>0</a:double></Value></Attribute></Attributes><ChildElements/><ElementName>origin</ElementName><required>false</required><RPYAttribute z:Ref="i242"/><XYZAttribute z:Ref="i241"/><isCustomized>false</isCustomized></URDFElement><URDFElement z:Id="i243" i:type="ParentLink"><Attributes><Attribute z:Id="i244"><AttributeType>link</AttributeType><IsRequired>true</IsRequired><Value i:type="a:string" xmlns:a="http://www.w3.org/2001/XMLSchema"/></Attribute></Attributes><ChildElements/><ElementName>parent</ElementName><required>true</required><NameAttribute z:Ref="i244"/></URDFElement><URDFElement z:Id="i245" i:type="ChildLink"><Attributes><Attribute z:Id="i246"><AttributeType>link</AttributeType><IsRequired>true</IsRequired><Value i:type="a:string" xmlns:a="http://www.w3.org/2001/XMLSchema"/></Attribute></Attributes><ChildElements/><ElementName>child</ElementName><required>true</required><NameAttribute z:Ref="i246"/></URDFElement><URDFElement z:Id="i247" i:type="Axis"><Attributes><Attribute z:Id="i248"><AttributeType>xyz</AttributeType><IsRequired>true</IsRequired><Value i:type="a:ArrayOfdouble" xmlns:a="http://schemas.microsoft.com/2003/10/Serialization/Arrays"><a:double>0</a:double><a:double>0</a:double><a:double>0</a:double></Value></Attribute></Attributes><ChildElements/><ElementName>axis</ElementName><required>false</required><XYZAttribute z:Ref="i248"/></URDFElement><URDFElement z:Id="i249" i:type="Limit"><Attributes><Attribute z:Id="i250"><AttributeType>lower</AttributeType><IsRequired>false</IsRequired><Value i:nil="true"/></Attribute><Attribute z:Id="i251"><AttributeType>upper</AttributeType><IsRequired>false</IsRequired><Value i:nil="true"/></Attribute><Attribute z:Id="i252"><AttributeType>effort</AttributeType><IsRequired>true</IsRequired><Value i:nil="true"/></Attribute><Attribute z:Id="i253"><AttributeType>velocity</AttributeType><IsRequired>true</IsRequired><Value i:nil="true"/></Attribute></Attributes><ChildElements/><ElementName>limit</ElementName><required>false</required><EffortAttribute z:Ref="i252"/><LowerAttribute z:Ref="i250"/><UpperAttribute z:Ref="i251"/><VelocityAttribute z:Ref="i253"/></URDFElement><URDFElement z:Id="i254" i:type="Calibration"><Attributes><Attribute z:Id="i255"><AttributeType>rising</AttributeType><IsRequired>false</IsRequired><Value i:nil="true"/></Attribute><Attribute z:Id="i256"><AttributeType>falling</AttributeType><IsRequired>false</IsRequired><Value i:nil="true"/></Attribute></Attributes><ChildElements/><ElementName>calibration</ElementName><required>false</required><FallingAttribute z:Ref="i256"/><RisingAttribute z:Ref="i255"/></URDFElement><URDFElement z:Id="i257" i:type="Dynamics"><Attributes><Attribute z:Id="i258"><AttributeType>damping</AttributeType><IsRequired>false</IsRequired><Value i:nil="true"/></Attribute><Attribute z:Id="i259"><AttributeType>friction</AttributeType><IsRequired>false</IsRequired><Value i:nil="true"/></Attribute></Attributes><ChildElements/><ElementName>dynamics</ElementName><required>false</required><DampingAttribute z:Ref="i258"/><FrictionAttribute z:Ref="i259"/></URDFElement><URDFElement z:Id="i260" i:type="SafetyController"><Attributes><Attribute z:Id="i261"><AttributeType>soft_upper_limit</AttributeType><IsRequired>false</IsRequired><Value i:nil="true"/></Attribute><Attribute z:Id="i262"><AttributeType>soft_lower_limit</AttributeType><IsRequired>false</IsRequired><Value i:nil="true"/></Attribute><Attribute z:Id="i263"><AttributeType>k_position</AttributeType><IsRequired>false</IsRequired><Value i:nil="true"/></Attribute><Attribute z:Id="i264"><AttributeType>k_velocity</AttributeType><IsRequired>true</IsRequired><Value i:nil="true"/></Attribute></Attributes><ChildElements/><ElementName>safety_controller</ElementName><required>false</required><KPositionAttribute z:Ref="i263"/><KVelocityAttribute z:Ref="i264"/><SoftLowerAttribute z:Ref="i262"/><SoftUpperAttribute z:Ref="i261"/></URDFElement><URDFElement z:Id="i265" i:type="Mimic"><Attributes><Attribute z:Id="i266"><AttributeType>joint</AttributeType><IsRequired>true</IsRequired><Value i:nil="true"/></Attribute><Attribute z:Id="i267"><AttributeType>multiplier</AttributeType><IsRequired>false</IsRequired><Value i:nil="true"/></Attribute><Attribute z:Id="i268"><AttributeType>offset</AttributeType><IsRequired>false</IsRequired><Value i:nil="true"/></Attribute></Attributes><ChildElements/><ElementName>mimic</ElementName><required>false</required><JointNameAttribute z:Ref="i266"/><MultiplierAttribute z:Ref="i267"/><OffsetAttribute z:Ref="i268"/></URDFElement></ChildElements><ElementName>joint</ElementName><required>false</required><Axis z:Ref="i247"/><AxisName>?????????1</AxisName><Calibration z:Ref="i254"/><Child z:Ref="i245"/><CoordinateSystemName>Automatically Generate</CoordinateSystemName><Dynamics z:Ref="i257"/><Limit z:Ref="i249"/><Mimic z:Ref="i265"/><NameAttribute z:Ref="i238"/><Origin z:Ref="i240"/><Parent z:Ref="i243"/><Safety z:Ref="i260"/><TypeAttribute z:Ref="i239"/></URDFElement></ChildElements><ElementName>link</ElementName><required>true</required><Children/><Collision z:Ref="i230"/><Inertial z:Ref="i204"/><Joint z:Ref="i237"/><NameAttribute z:Ref="i203"/><Parent z:Ref="i1"/><STLQualityFine>false</STLQualityFine><SWComponentPIDs xmlns:a="http://schemas.microsoft.com/2003/10/Serialization/Arrays"><a:base64Binary>OEoAAAUAAAD//v+WUAA3ADUAXwBfAF8AXwBfAF8ALgAuAF8AXwBfAF8AKAAxACkALQAxAEAA21a5ZWJfOYLFiE2R/lYvAMWITZFTTzEAXgBQADcANQBfAF8AXwBfAF8AXwAuAC4AXwBfAF8AXwAoADEAKQAtADEAQABQADcANQBfAF8AXwBfAF8AXwAuAC4AXwBfAF8AXwAoADEAKQAvAFAANwA1AF8AWAAyAF8ANgAzAGEAOAA4AGYAZABiADUANgA2ADgANgBjAGEAMQA3AGYANQAxADcAZgA2ADkANABlADAAOQA3AGUAZgA0ADUANgBmAGUAXwBYADAAXwBfADEAMwAtADEAQADFiE2RU08xAF4AUAA3ADUAXwBfAF8AXwBfAF8ALgAuAF8AXwBfAF8AKAAxACkABAAAABAAAAABAAAAAwAAAB8AAAAwAAAALwAAAA==</a:base64Binary><a:base64Binary>OEoAAAUAAAD//v+VUAA3ADUAXwBfAF8AXwBfAF8ALgAuAF8AXwBfAF8AKAAxACkALQAxAEAA21a5ZWJfOYLFiE2R/lYvAMWITZFTTzEAXgBQADcANQBfAF8AXwBfAF8AXwAuAC4AXwBfAF8AXwAoADEAKQAtADEAQABQADcANQBfAF8AXwBfAF8AXwAuAC4AXwBfAF8AXwAoADEAKQAvAFAANwA1AF8AWAAyAF8ANgAzAGEAOAA4AGYAZABiADUANgA2ADgANgBjAGEAMQA3AGYANQAxADcAZgA2ADkANABlADAAOQA3AGUAZgA0ADUANgBmAGUAXwBYADAAXwBfADYALQAxAEAAxYhNkVNPMQBeAFAANwA1AF8AXwBfAF8AXwBfAC4ALgBfAF8AXwBfACgAMQApAAQAAAAQAAAAAQAAAAMAAAAfAAAAMAAAABoAAAA=</a:base64Binary><a:base64Binary>OEoAAAUAAAD//v+WUAA3ADUAXwBfAF8AXwBfAF8ALgAuAF8AXwBfAF8AKAAxACkALQAxAEAA21a5ZWJfOYLFiE2R/lYvAMWITZFTTzEAXgBQADcANQBfAF8AXwBfAF8AXwAuAC4AXwBfAF8AXwAoADEAKQAtADEAQABQADcANQBfAF8AXwBfAF8AXwAuAC4AXwBfAF8AXwAoADEAKQAvAFAANwA1AF8AWAAyAF8ANgAzAGEAOAA4AGYAZABiADUANgA2ADgANgBjAGEAMQA3AGYANQAxADcAZgA2ADkANABlADAAOQA3AGUAZgA0ADUANgBmAGUAXwBYADAAXwBfADEAMQAtADEAQADFiE2RU08xAF4AUAA3ADUAXwBfAF8AXwBfAF8ALgAuAF8AXwBfAF8AKAAxACkABAAAABAAAAABAAAAAwAAAB8AAAAwAAAALQAAAA==</a:base64Binary><a:base64Binary>OEoAAAUAAAD//v+WUAA3ADUAXwBfAF8AXwBfAF8ALgAuAF8AXwBfAF8AKAAxACkALQAxAEAA21a5ZWJfOYLFiE2R/lYvAMWITZFTTzEAXgBQADcANQBfAF8AXwBfAF8AXwAuAC4AXwBfAF8AXwAoADEAKQAtADEAQABQADcANQBfAF8AXwBfAF8AXwAuAC4AXwBfAF8AXwAoADEAKQAvAFAANwA1AF8AWAAyAF8ANgAzAGEAOAA4AGYAZABiADUANgA2ADgANgBjAGEAMQA3AGYANQAxADcAZgA2ADkANABlADAAOQA3AGUAZgA0ADUANgBmAGUAXwBYADAAXwBfADEAOQAtADEAQADFiE2RU08xAF4AUAA3ADUAXwBfAF8AXwBfAF8ALgAuAF8AXwBfAF8AKAAxACkABAAAABAAAAABAAAAAwAAAB8AAAAwAAAAGwAAAA==</a:base64Binary><a:base64Binary>OEoAAAUAAAD//v+VUAA3ADUAXwBfAF8AXwBfAF8ALgAuAF8AXwBfAF8AKAAxACkALQAxAEAA21a5ZWJfOYLFiE2R/lYvAMWITZFTTzEAXgBQADcANQBfAF8AXwBfAF8AXwAuAC4AXwBfAF8AXwAoADEAKQAtADEAQABQADcANQBfAF8AXwBfAF8AXwAuAC4AXwBfAF8AXwAoADEAKQAvAFAANwA1AF8AWAAyAF8ANgAzAGEAOAA4AGYAZABiADUANgA2ADgANgBjAGEAMQA3AGYANQAxADcAZgA2ADkANABlADAAOQA3AGUAZgA0ADUANgBmAGUAXwBYADAAXwBfADIALQAxAEAAxYhNkVNPMQBeAFAANwA1AF8AXwBfAF8AXwBfAC4ALgBfAF8AXwBfACgAMQApAAQAAAAQAAAAAQAAAAMAAAAfAAAAMAAAAC4AAAA=</a:base64Binary><a:base64Binary>OEoAAAUAAAD//v+WUAA3ADUAXwBfAF8AXwBfAF8ALgAuAF8AXwBfAF8AKAAxACkALQAxAEAA21a5ZWJfOYLFiE2R/lYvAMWITZFTTzEAXgBQADcANQBfAF8AXwBfAF8AXwAuAC4AXwBfAF8AXwAoADEAKQAtADEAQABQADcANQBfAF8AXwBfAF8AXwAuAC4AXwBfAF8AXwAoADEAKQAvAFAANwA1AF8AWAAyAF8ANgAzAGEAOAA4AGYAZABiADUANgA2ADgANgBjAGEAMQA3AGYANQAxADcAZgA2ADkANABlADAAOQA3AGUAZgA0ADUANgBmAGUAXwBYADAAXwBfADEANAAtADEAQADFiE2RU08xAF4AUAA3ADUAXwBfAF8AXwBfAF8ALgAuAF8AXwBfAF8AKAAxACkABAAAABAAAAABAAAAAwAAAB8AAAAwAAAALAAAAA==</a:base64Binary><a:base64Binary>OEoAAAUAAAD//v+TUAA3ADUAXwBfAF8AXwBfAF8ALgAuAF8AXwBfAF8AKAAxACkALQAxAEAA21a5ZWJfOYLFiE2R/lYvAMWITZFTTzEAXgBQADcANQBfAF8AXwBfAF8AXwAuAC4AXwBfAF8AXwAoADEAKQAtADEAQABQADcANQBfAF8AXwBfAF8AXwAuAC4AXwBfAF8AXwAoADEAKQAvAFAANwA1AF8AWAAyAF8ANgAzAGEAOAA4AGYAZABiADUANgA2ADgANgBjAGEAMQA3AGYANQAxADcAZgA2ADkANABlADAAOQA3AGUAZgA0ADUANgBmAGUAXwBYADAAXwAtADEAQADFiE2RU08xAF4AUAA3ADUAXwBfAF8AXwBfAF8ALgAuAF8AXwBfAF8AKAAxACkABAAAABAAAAABAAAAAwAAAB8AAAAwAAAAHQAAAA==</a:base64Binary><a:base64Binary>OEoAAAUAAAD//v+WUAA3ADUAXwBfAF8AXwBfAF8ALgAuAF8AXwBfAF8AKAAxACkALQAxAEAA21a5ZWJfOYLFiE2R/lYvAMWITZFTTzEAXgBQADcANQBfAF8AXwBfAF8AXwAuAC4AXwBfAF8AXwAoADEAKQAtADEAQABQADcANQBfAF8AXwBfAF8AXwAuAC4AXwBfAF8AXwAoADEAKQAvAFAANwA1AF8AWAAyAF8ANgAzAGEAOAA4AGYAZABiADUANgA2ADgANgBjAGEAMQA3AGYANQAxADcAZgA2ADkANABlADAAOQA3AGUAZgA0ADUANgBmAGUAXwBYADAAXwBfADEAOAAtADEAQADFiE2RU08xAF4AUAA3ADUAXwBfAF8AXwBfAF8ALgAuAF8AXwBfAF8AKAAxACkABAAAABAAAAABAAAAAwAAAB8AAAAwAAAAGQAAAA==</a:base64Binary><a:base64Binary>OEoAAAUAAAD//v+VUAA3ADUAXwBfAF8AXwBfAF8ALgAuAF8AXwBfAF8AKAAxACkALQAxAEAA21a5ZWJfOYLFiE2R/lYvAMWITZFTTzEAXgBQADcANQBfAF8AXwBfAF8AXwAuAC4AXwBfAF8AXwAoADEAKQAtADEAQABQADcANQBfAF8AXwBfAF8AXwAuAC4AXwBfAF8AXwAoADEAKQAvAFAANwA1AF8AWAAyAF8ANgAzAGEAOAA4AGYAZABiADUANgA2ADgANgBjAGEAMQA3AGYANQAxADcAZgA2ADkANABlADAAOQA3AGUAZgA0ADUANgBmAGUAXwBYADAAXwBfADQALQAxAEAAxYhNkVNPMQBeAFAANwA1AF8AXwBfAF8AXwBfAC4ALgBfAF8AXwBfACgAMQApAAQAAAAQAAAAAQAAAAMAAAAfAAAAMAAAABwAAAA=</a:base64Binary><a:base64Binary>OEoAAAUAAAD//v+WUAA3ADUAXwBfAF8AXwBfAF8ALgAuAF8AXwBfAF8AKAAxACkALQAxAEAA21a5ZWJfOYLFiE2R/lYvAMWITZFTTzEAXgBQADcANQBfAF8AXwBfAF8AXwAuAC4AXwBfAF8AXwAoADEAKQAtADEAQABQADcANQBfAF8AXwBfAF8AXwAuAC4AXwBfAF8AXwAoADEAKQAvAFAANwA1AF8AWAAyAF8ANgAzAGEAOAA4AGYAZABiADUANgA2ADgANgBjAGEAMQA3AGYANQAxADcAZgA2ADkANABlADAAOQA3AGUAZgA0ADUANgBmAGUAXwBYADAAXwBfADEAMgAtADEAQADFiE2RU08xAF4AUAA3ADUAXwBfAF8AXwBfAF8ALgAuAF8AXwBfAF8AKAAxACkABAAAABAAAAABAAAAAwAAAB8AAAAwAAAAHgAAAA==</a:base64Binary></SWComponentPIDs><SWMainComponentPID i:nil="true"/><Visual z:Ref="i217"/><isFixedFrame>false</isFixedFrame><isIncomplete>false</isIncomplete></Link><Link z:Id="i269"><Attributes><Attribute z:Id="i270"><AttributeType>name</AttributeType><IsRequired>true</IsRequired><Value i:type="a:string" xmlns:a="http://www.w3.org/2001/XMLSchema">thruster4_Link</Value></Attribute></Attributes><ChildElements><URDFElement z:Id="i271" i:type="Inertial"><Attributes/><ChildElements><URDFElement z:Id="i272" i:type="Origin"><Attributes><Attribute z:Id="i273"><AttributeType>xyz</AttributeType><IsRequired>true</IsRequired><Value i:type="a:ArrayOfdouble" xmlns:a="http://schemas.microsoft.com/2003/10/Serialization/Arrays"><a:double>0</a:double><a:double>0</a:double><a:double>0</a:double></Value></Attribute><Attribute z:Id="i274"><AttributeType>rpy</AttributeType><IsRequired>true</IsRequired><Value i:type="a:ArrayOfdouble" xmlns:a="http://schemas.microsoft.com/2003/10/Serialization/Arrays"><a:double>0</a:double><a:double>0</a:double><a:double>0</a:double></Value></Attribute></Attributes><ChildElements/><ElementName>origin</ElementName><required>false</required><RPYAttribute z:Ref="i274"/><XYZAttribute z:Ref="i273"/><isCustomized>false</isCustomized></URDFElement><URDFElement z:Id="i275" i:type="Mass"><Attributes><Attribute z:Id="i276"><AttributeType>value</AttributeType><IsRequired>true</IsRequired><Value i:type="a:double" xmlns:a="http://www.w3.org/2001/XMLSchema">0</Value></Attribute></Attributes><ChildElements/><ElementName>mass</ElementName><required>false</required><ValueAttribute z:Ref="i276"/></URDFElement><URDFElement z:Id="i277" i:type="Inertia"><Attributes><Attribute z:Id="i278"><AttributeType>ixx</AttributeType><IsRequired>true</IsRequired><Value i:type="a:double" xmlns:a="http://www.w3.org/2001/XMLSchema">0</Value></Attribute><Attribute z:Id="i279"><AttributeType>ixy</AttributeType><IsRequired>true</IsRequired><Value i:type="a:double" xmlns:a="http://www.w3.org/2001/XMLSchema">0</Value></Attribute><Attribute z:Id="i280"><AttributeType>ixz</AttributeType><IsRequired>true</IsRequired><Value i:type="a:double" xmlns:a="http://www.w3.org/2001/XMLSchema">0</Value></Attribute><Attribute z:Id="i281"><AttributeType>iyy</AttributeType><IsRequired>true</IsRequired><Value i:type="a:double" xmlns:a="http://www.w3.org/2001/XMLSchema">0</Value></Attribute><Attribute z:Id="i282"><AttributeType>iyz</AttributeType><IsRequired>true</IsRequired><Value i:type="a:double" xmlns:a="http://www.w3.org/2001/XMLSchema">0</Value></Attribute><Attribute z:Id="i283"><AttributeType>izz</AttributeType><IsRequired>true</IsRequired><Value i:type="a:double" xmlns:a="http://www.w3.org/2001/XMLSchema">0</Value></Attribute></Attributes><ChildElements/><ElementName>inertia</ElementName><required>false</required><IxxAttribute z:Ref="i278"/><IxyAttribute z:Ref="i279"/><IxzAttribute z:Ref="i280"/><IyyAttribute z:Ref="i281"/><IyzAttribute z:Ref="i282"/><IzzAttribute z:Ref="i283"/></URDFElement></ChildElements><ElementName>inertial</ElementName><required>false</required><Inertia z:Ref="i277"/><Mass z:Ref="i275"/><Origin z:Ref="i272"/></URDFElement><URDFElement z:Id="i284" i:type="Visual"><Attributes/><ChildElements><URDFElement z:Id="i285" i:type="Origin"><Attributes><Attribute z:Id="i286"><AttributeType>xyz</AttributeType><IsRequired>true</IsRequired><Value i:type="a:ArrayOfdouble" xmlns:a="http://schemas.microsoft.com/2003/10/Serialization/Arrays"><a:double>0</a:double><a:double>0</a:double><a:double>0</a:double></Value></Attribute><Attribute z:Id="i287"><AttributeType>rpy</AttributeType><IsRequired>true</IsRequired><Value i:type="a:ArrayOfdouble" xmlns:a="http://schemas.microsoft.com/2003/10/Serialization/Arrays"><a:double>0</a:double><a:double>0</a:double><a:double>0</a:double></Value></Attribute></Attributes><ChildElements/><ElementName>origin</ElementName><required>false</required><RPYAttribute z:Ref="i287"/><XYZAttribute z:Ref="i286"/><isCustomized>false</isCustomized></URDFElement><URDFElement z:Id="i288" i:type="Geometry"><Attributes/><ChildElements><URDFElement z:Id="i289" i:type="Mesh"><Attributes><Attribute z:Id="i290"><AttributeType>filename</AttributeType><IsRequired>true</IsRequired><Value i:nil="true"/></Attribute></Attributes><ChildElements/><ElementName>mesh</ElementName><required>false</required><FilenameAttribute z:Ref="i290"/></URDFElement></ChildElements><ElementName>geometry</ElementName><required>true</required><Mesh z:Ref="i289"/></URDFElement><URDFElement z:Id="i291" i:type="Material"><Attributes><Attribute z:Id="i292"><AttributeType>name</AttributeType><IsRequired>true</IsRequired><Value i:type="a:string" xmlns:a="http://www.w3.org/2001/XMLSchema"/></Attribute></Attributes><ChildElements><URDFElement z:Id="i293" i:type="Color"><Attributes><Attribute z:Id="i294"><AttributeType>rgba</AttributeType><IsRequired>true</IsRequired><Value i:type="a:ArrayOfdouble" xmlns:a="http://schemas.microsoft.com/2003/10/Serialization/Arrays"><a:double>1</a:double><a:double>1</a:double><a:double>1</a:double><a:double>1</a:double></Value></Attribute></Attributes><ChildElements/><ElementName>color</ElementName><required>false</required><RGBAAttribute z:Ref="i294"/></URDFElement><URDFElement z:Id="i295" i:type="Texture"><Attributes><Attribute z:Id="i296"><AttributeType>filename</AttributeType><IsRequired>true</IsRequired><Value i:nil="true"/></Attribute></Attributes><ChildElements/><ElementName>texture</ElementName><required>false</required><FilenameAttribute z:Ref="i296"/><wFilename/></URDFElement></ChildElements><ElementName>material</ElementName><required>false</required><Color z:Ref="i293"/><NameAttribute z:Ref="i292"/><Texture z:Ref="i295"/></URDFElement></ChildElements><ElementName>visual</ElementName><required>false</required><Geometry z:Ref="i288"/><Material z:Ref="i291"/><Origin z:Ref="i285"/></URDFElement><URDFElement z:Id="i297" i:type="Collision"><Attributes/><ChildElements><URDFElement z:Id="i298" i:type="Origin"><Attributes><Attribute z:Id="i299"><AttributeType>xyz</AttributeType><IsRequired>true</IsRequired><Value i:type="a:ArrayOfdouble" xmlns:a="http://schemas.microsoft.com/2003/10/Serialization/Arrays"><a:double>0</a:double><a:double>0</a:double><a:double>0</a:double></Value></Attribute><Attribute z:Id="i300"><AttributeType>rpy</AttributeType><IsRequired>true</IsRequired><Value i:type="a:ArrayOfdouble" xmlns:a="http://schemas.microsoft.com/2003/10/Serialization/Arrays"><a:double>0</a:double><a:double>0</a:double><a:double>0</a:double></Value></Attribute></Attributes><ChildElements/><ElementName>origin</ElementName><required>false</required><RPYAttribute z:Ref="i300"/><XYZAttribute z:Ref="i299"/><isCustomized>false</isCustomized></URDFElement><URDFElement z:Id="i301" i:type="Geometry"><Attributes/><ChildElements><URDFElement z:Id="i302" i:type="Mesh"><Attributes><Attribute z:Id="i303"><AttributeType>filename</AttributeType><IsRequired>true</IsRequired><Value i:nil="true"/></Attribute></Attributes><ChildElements/><ElementName>mesh</ElementName><required>false</required><FilenameAttribute z:Ref="i303"/></URDFElement></ChildElements><ElementName>geometry</ElementName><required>true</required><Mesh z:Ref="i302"/></URDFElement></ChildElements><ElementName>collision</ElementName><required>false</required><Geometry z:Ref="i301"/><Origin z:Ref="i298"/></URDFElement><URDFElement z:Id="i304" i:type="Joint"><Attributes><Attribute z:Id="i305"><AttributeType>name</AttributeType><IsRequired>true</IsRequired><Value i:type="a:string" xmlns:a="http://www.w3.org/2001/XMLSchema">joint4_thruster4</Value></Attribute><Attribute z:Id="i306"><AttributeType>type</AttributeType><IsRequired>true</IsRequired><Value i:type="a:string" xmlns:a="http://www.w3.org/2001/XMLSchema">fixed</Value></Attribute></Attributes><ChildElements><URDFElement z:Id="i307" i:type="Origin"><Attributes><Attribute z:Id="i308"><AttributeType>xyz</AttributeType><IsRequired>true</IsRequired><Value i:type="a:ArrayOfdouble" xmlns:a="http://schemas.microsoft.com/2003/10/Serialization/Arrays"><a:double>0</a:double><a:double>0</a:double><a:double>0</a:double></Value></Attribute><Attribute z:Id="i309"><AttributeType>rpy</AttributeType><IsRequired>true</IsRequired><Value i:type="a:ArrayOfdouble" xmlns:a="http://schemas.microsoft.com/2003/10/Serialization/Arrays"><a:double>0</a:double><a:double>0</a:double><a:double>0</a:double></Value></Attribute></Attributes><ChildElements/><ElementName>origin</ElementName><required>false</required><RPYAttribute z:Ref="i309"/><XYZAttribute z:Ref="i308"/><isCustomized>false</isCustomized></URDFElement><URDFElement z:Id="i310" i:type="ParentLink"><Attributes><Attribute z:Id="i311"><AttributeType>link</AttributeType><IsRequired>true</IsRequired><Value i:type="a:string" xmlns:a="http://www.w3.org/2001/XMLSchema"/></Attribute></Attributes><ChildElements/><ElementName>parent</ElementName><required>true</required><NameAttribute z:Ref="i311"/></URDFElement><URDFElement z:Id="i312" i:type="ChildLink"><Attributes><Attribute z:Id="i313"><AttributeType>link</AttributeType><IsRequired>true</IsRequired><Value i:type="a:string" xmlns:a="http://www.w3.org/2001/XMLSchema"/></Attribute></Attributes><ChildElements/><ElementName>child</ElementName><required>true</required><NameAttribute z:Ref="i313"/></URDFElement><URDFElement z:Id="i314" i:type="Axis"><Attributes><Attribute z:Id="i315"><AttributeType>xyz</AttributeType><IsRequired>true</IsRequired><Value i:type="a:ArrayOfdouble" xmlns:a="http://schemas.microsoft.com/2003/10/Serialization/Arrays"><a:double>0</a:double><a:double>0</a:double><a:double>0</a:double></Value></Attribute></Attributes><ChildElements/><ElementName>axis</ElementName><required>false</required><XYZAttribute z:Ref="i315"/></URDFElement><URDFElement z:Id="i316" i:type="Limit"><Attributes><Attribute z:Id="i317"><AttributeType>lower</AttributeType><IsRequired>false</IsRequired><Value i:nil="true"/></Attribute><Attribute z:Id="i318"><AttributeType>upper</AttributeType><IsRequired>false</IsRequired><Value i:nil="true"/></Attribute><Attribute z:Id="i319"><AttributeType>effort</AttributeType><IsRequired>true</IsRequired><Value i:nil="true"/></Attribute><Attribute z:Id="i320"><AttributeType>velocity</AttributeType><IsRequired>true</IsRequired><Value i:nil="true"/></Attribute></Attributes><ChildElements/><ElementName>limit</ElementName><required>false</required><EffortAttribute z:Ref="i319"/><LowerAttribute z:Ref="i317"/><UpperAttribute z:Ref="i318"/><VelocityAttribute z:Ref="i320"/></URDFElement><URDFElement z:Id="i321" i:type="Calibration"><Attributes><Attribute z:Id="i322"><AttributeType>rising</AttributeType><IsRequired>false</IsRequired><Value i:nil="true"/></Attribute><Attribute z:Id="i323"><AttributeType>falling</AttributeType><IsRequired>false</IsRequired><Value i:nil="true"/></Attribute></Attributes><ChildElements/><ElementName>calibration</ElementName><required>false</required><FallingAttribute z:Ref="i323"/><RisingAttribute z:Ref="i322"/></URDFElement><URDFElement z:Id="i324" i:type="Dynamics"><Attributes><Attribute z:Id="i325"><AttributeType>damping</AttributeType><IsRequired>false</IsRequired><Value i:nil="true"/></Attribute><Attribute z:Id="i326"><AttributeType>friction</AttributeType><IsRequired>false</IsRequired><Value i:nil="true"/></Attribute></Attributes><ChildElements/><ElementName>dynamics</ElementName><required>false</required><DampingAttribute z:Ref="i325"/><FrictionAttribute z:Ref="i326"/></URDFElement><URDFElement z:Id="i327" i:type="SafetyController"><Attributes><Attribute z:Id="i328"><AttributeType>soft_upper_limit</AttributeType><IsRequired>false</IsRequired><Value i:nil="true"/></Attribute><Attribute z:Id="i329"><AttributeType>soft_lower_limit</AttributeType><IsRequired>false</IsRequired><Value i:nil="true"/></Attribute><Attribute z:Id="i330"><AttributeType>k_position</AttributeType><IsRequired>false</IsRequired><Value i:nil="true"/></Attribute><Attribute z:Id="i331"><AttributeType>k_velocity</AttributeType><IsRequired>true</IsRequired><Value i:nil="true"/></Attribute></Attributes><ChildElements/><ElementName>safety_controller</ElementName><required>false</required><KPositionAttribute z:Ref="i330"/><KVelocityAttribute z:Ref="i331"/><SoftLowerAttribute z:Ref="i329"/><SoftUpperAttribute z:Ref="i328"/></URDFElement><URDFElement z:Id="i332" i:type="Mimic"><Attributes><Attribute z:Id="i333"><AttributeType>joint</AttributeType><IsRequired>true</IsRequired><Value i:nil="true"/></Attribute><Attribute z:Id="i334"><AttributeType>multiplier</AttributeType><IsRequired>false</IsRequired><Value i:nil="true"/></Attribute><Attribute z:Id="i335"><AttributeType>offset</AttributeType><IsRequired>false</IsRequired><Value i:nil="true"/></Attribute></Attributes><ChildElements/><ElementName>mimic</ElementName><required>false</required><JointNameAttribute z:Ref="i333"/><MultiplierAttribute z:Ref="i334"/><OffsetAttribute z:Ref="i335"/></URDFElement></ChildElements><ElementName>joint</ElementName><required>false</required><Axis z:Ref="i314"/><AxisName>?????????1</AxisName><Calibration z:Ref="i321"/><Child z:Ref="i312"/><CoordinateSystemName>Automatically Generate</CoordinateSystemName><Dynamics z:Ref="i324"/><Limit z:Ref="i316"/><Mimic z:Ref="i332"/><NameAttribute z:Ref="i305"/><Origin z:Ref="i307"/><Parent z:Ref="i310"/><Safety z:Ref="i327"/><TypeAttribute z:Ref="i306"/></URDFElement></ChildElements><ElementName>link</ElementName><required>true</required><Children/><Collision z:Ref="i297"/><Inertial z:Ref="i271"/><Joint z:Ref="i304"/><NameAttribute z:Ref="i270"/><Parent z:Ref="i1"/><STLQualityFine>false</STLQualityFine><SWComponentPIDs xmlns:a="http://schemas.microsoft.com/2003/10/Serialization/Arrays"><a:base64Binary>OEoAAAUAAAD//v9YQwBvAHAAeQAgAG8AZgAgAMWITZFTTzcALQAyAEAA21a5ZWJfOYLFiE2R/lYvAFAANwA1AF8AWAAyAF8ANgAzAGEAOAA4AGYAZABiADUANgA2ADgANgBjAGEAMQA3AGYANQAxADcAZgA2ADkANABlADAAOQA3AGUAZgA0ADUANgBmAGUAXwBYADAAXwBfADEAMwAtADEAQABDAG8AcAB5ACAAbwBmACAAxYhNkVNPNwAEAAAAEAAAAAEAAAACAAAAIQAAAC8AAAA=</a:base64Binary><a:base64Binary>OEoAAAUAAAD//v9YQwBvAHAAeQAgAG8AZgAgAMWITZFTTzcALQAyAEAA21a5ZWJfOYLFiE2R/lYvAFAANwA1AF8AWAAyAF8ANgAzAGEAOAA4AGYAZABiADUANgA2ADgANgBjAGEAMQA3AGYANQAxADcAZgA2ADkANABlADAAOQA3AGUAZgA0ADUANgBmAGUAXwBYADAAXwBfADEANAAtADEAQABDAG8AcAB5ACAAbwBmACAAxYhNkVNPNwAEAAAAEAAAAAEAAAACAAAAIQAAACwAAAA=</a:base64Binary><a:base64Binary>OEoAAAUAAAD//v9YQwBvAHAAeQAgAG8AZgAgAMWITZFTTzcALQAyAEAA21a5ZWJfOYLFiE2R/lYvAFAANwA1AF8AWAAyAF8ANgAzAGEAOAA4AGYAZABiADUANgA2ADgANgBjAGEAMQA3AGYANQAxADcAZgA2ADkANABlADAAOQA3AGUAZgA0ADUANgBmAGUAXwBYADAAXwBfADEAMQAtADEAQABDAG8AcAB5ACAAbwBmACAAxYhNkVNPNwAEAAAAEAAAAAEAAAACAAAAIQAAAC0AAAA=</a:base64Binary><a:base64Binary>OEoAAAUAAAD//v9YQwBvAHAAeQAgAG8AZgAgAMWITZFTTzcALQAyAEAA21a5ZWJfOYLFiE2R/lYvAFAANwA1AF8AWAAyAF8ANgAzAGEAOAA4AGYAZABiADUANgA2ADgANgBjAGEAMQA3AGYANQAxADcAZgA2ADkANABlADAAOQA3AGUAZgA0ADUANgBmAGUAXwBYADAAXwBfADEAOAAtADEAQABDAG8AcAB5ACAAbwBmACAAxYhNkVNPNwAEAAAAEAAAAAEAAAACAAAAIQAAABkAAAA=</a:base64Binary><a:base64Binary>OEoAAAUAAAD//v9YQwBvAHAAeQAgAG8AZgAgAMWITZFTTzcALQAyAEAA21a5ZWJfOYLFiE2R/lYvAFAANwA1AF8AWAAyAF8ANgAzAGEAOAA4AGYAZABiADUANgA2ADgANgBjAGEAMQA3AGYANQAxADcAZgA2ADkANABlADAAOQA3AGUAZgA0ADUANgBmAGUAXwBYADAAXwBfADEAOQAtADEAQABDAG8AcAB5ACAAbwBmACAAxYhNkVNPNwAEAAAAEAAAAAEAAAACAAAAIQAAABsAAAA=</a:base64Binary><a:base64Binary>OEoAAAUAAAD//v9VQwBvAHAAeQAgAG8AZgAgAMWITZFTTzcALQAyAEAA21a5ZWJfOYLFiE2R/lYvAFAANwA1AF8AWAAyAF8ANgAzAGEAOAA4AGYAZABiADUANgA2ADgANgBjAGEAMQA3AGYANQAxADcAZgA2ADkANABlADAAOQA3AGUAZgA0ADUANgBmAGUAXwBYADAAXwAtADEAQABDAG8AcAB5ACAAbwBmACAAxYhNkVNPNwAEAAAAEAAAAAEAAAACAAAAIQAAAB0AAAA=</a:base64Binary><a:base64Binary>OEoAAAUAAAD//v9XQwBvAHAAeQAgAG8AZgAgAMWITZFTTzcALQAyAEAA21a5ZWJfOYLFiE2R/lYvAFAANwA1AF8AWAAyAF8ANgAzAGEAOAA4AGYAZABiADUANgA2ADgANgBjAGEAMQA3AGYANQAxADcAZgA2ADkANABlADAAOQA3AGUAZgA0ADUANgBmAGUAXwBYADAAXwBfADIALQAxAEAAQwBvAHAAeQAgAG8AZgAgAMWITZFTTzcABAAAABAAAAABAAAAAgAAACEAAAAuAAAA</a:base64Binary><a:base64Binary>OEoAAAUAAAD//v9XQwBvAHAAeQAgAG8AZgAgAMWITZFTTzcALQAyAEAA21a5ZWJfOYLFiE2R/lYvAFAANwA1AF8AWAAyAF8ANgAzAGEAOAA4AGYAZABiADUANgA2ADgANgBjAGEAMQA3AGYANQAxADcAZgA2ADkANABlADAAOQA3AGUAZgA0ADUANgBmAGUAXwBYADAAXwBfADUALQAxAEAAQwBvAHAAeQAgAG8AZgAgAMWITZFTTzcABAAAABAAAAABAAAAAgAAACEAAAAhAAAA</a:base64Binary><a:base64Binary>OEoAAAUAAAD//v9YQwBvAHAAeQAgAG8AZgAgAMWITZFTTzcALQAyAEAA21a5ZWJfOYLFiE2R/lYvAFAANwA1AF8AWAAyAF8ANgAzAGEAOAA4AGYAZABiADUANgA2ADgANgBjAGEAMQA3AGYANQAxADcAZgA2ADkANABlADAAOQA3AGUAZgA0ADUANgBmAGUAXwBYADAAXwBfADEANQAtADEAQABDAG8AcAB5ACAAbwBmACAAxYhNkVNPNwAEAAAAEAAAAAEAAAACAAAAIQAAACAAAAA=</a:base64Binary><a:base64Binary>OEoAAAUAAAD//v9XQwBvAHAAeQAgAG8AZgAgAMWITZFTTzcALQAyAEAA21a5ZWJfOYLFiE2R/lYvAFAANwA1AF8AWAAyAF8ANgAzAGEAOAA4AGYAZABiADUANgA2ADgANgBjAGEAMQA3AGYANQAxADcAZgA2ADkANABlADAAOQA3AGUAZgA0ADUANgBmAGUAXwBYADAAXwBfADYALQAxAEAAQwBvAHAAeQAgAG8AZgAgAMWITZFTTzcABAAAABAAAAABAAAAAgAAACEAAAAaAAAA</a:base64Binary><a:base64Binary>OEoAAAUAAAD//v9XQwBvAHAAeQAgAG8AZgAgAMWITZFTTzcALQAyAEAA21a5ZWJfOYLFiE2R/lYvAFAANwA1AF8AWAAyAF8ANgAzAGEAOAA4AGYAZABiADUANgA2ADgANgBjAGEAMQA3AGYANQAxADcAZgA2ADkANABlADAAOQA3AGUAZgA0ADUANgBmAGUAXwBYADAAXwBfADQALQAxAEAAQwBvAHAAeQAgAG8AZgAgAMWITZFTTzcABAAAABAAAAABAAAAAgAAACEAAAAcAAAA</a:base64Binary><a:base64Binary>OEoAAAUAAAD//v9YQwBvAHAAeQAgAG8AZgAgAMWITZFTTzcALQAyAEAA21a5ZWJfOYLFiE2R/lYvAFAANwA1AF8AWAAyAF8ANgAzAGEAOAA4AGYAZABiADUANgA2ADgANgBjAGEAMQA3AGYANQAxADcAZgA2ADkANABlADAAOQA3AGUAZgA0ADUANgBmAGUAXwBYADAAXwBfADEAMgAtADEAQABDAG8AcAB5ACAAbwBmACAAxYhNkVNPNwAEAAAAEAAAAAEAAAACAAAAIQAAAB4AAAA=</a:base64Binary></SWComponentPIDs><SWMainComponentPID i:nil="true"/><Visual z:Ref="i284"/><isFixedFrame>false</isFixedFrame><isIncomplete>false</isIncomplete></Link></Children><Collision z:Ref="i29"/><Inertial z:Ref="i3"/><Joint z:Ref="i36"/><NameAttribute z:Ref="i2"/><Parent i:nil="true"/><STLQualityFine>false</STLQualityFine><SWComponentPIDs xmlns:a="http://schemas.microsoft.com/2003/10/Serialization/Arrays"><a:base64Binary>OEoAAAUAAAD//v8RYwBoAHUAYQBuAHQAaQAtADEAQADbVrllYl85gsWITZH+VgQAAAAQAAAAAQAAAAEAAAAjAAAA</a:base64Binary></SWComponentPIDs><SWMainComponentPID i:nil="true"/><Visual z:Ref="i16"/><isFixedFrame>false</isFixedFrame><isIncomplete>false</isIncomplete></Link>
2026-09-18 11:37:37,867 INFO  LinkNode.cs: 35 - Building node base_link
2026-09-18 11:37:37,876 INFO  LinkNode.cs: 35 - Building node thruster1_Link
2026-09-18 11:37:37,876 INFO  LinkNode.cs: 35 - Building node thruster2_Link
2026-09-18 11:37:37,876 INFO  LinkNode.cs: 35 - Building node thruster3_Link
2026-09-18 11:37:37,876 INFO  LinkNode.cs: 35 - Building node thruster4_Link
2026-09-18 11:37:37,876 INFO  CommonSwOperations.cs: 221 - Loading SolidWorks components for base_link from D:\Desktop\HU501urdf\ËÄ·½ÐÎ´¬×°ÅäÍ¼.SLDASM
2026-09-18 11:37:37,876 INFO  CommonSwOperations.cs: 245 - Loading component with PID 8J     ???c h u a n t i - 1 @ ?V?eb_9???M??V            #   
2026-09-18 11:37:37,919 INFO  CommonSwOperations.cs: 254 - Successfully loaded component D:\Desktop\HU501urdf\chuanti.SLDPRT
2026-09-18 11:37:37,919 INFO  CommonSwOperations.cs: 230 - Loaded 1 components for link base_link
2026-09-18 11:37:37,919 INFO  CommonSwOperations.cs: 221 - Loading SolidWorks components for thruster1_Link from D:\Desktop\HU501urdf\ËÄ·½ÐÎ´¬×°ÅäÍ¼.SLDASM
2026-09-18 11:37:37,919 INFO  CommonSwOperations.cs: 245 - Loading component with PID 8J     ???hP 7 5 _ _ _ _ _ _ . . _ _ _ _ ( 1 ) - 1 - 1 @ ?V?eb_9???M??V/ P 7 5 _ X 2 _ 6 3 a 8 8 f d b 5 6 6 8 6 c a 1 7 f 5 1 7 f 6 9 4 e 0 9 7 e f 4 5 6 f e _ X 0 _ _ 1 3 - 1 @ P 7 5 _ _ _ _ _ _ . . _ _ _ _ ( 1 ) - 1                 /   
2026-09-18 11:37:37,919 INFO  CommonSwOperations.cs: 254 - Successfully loaded component D:\Desktop\HU501urdf\P75_X2_63a88fdb56686ca17f517f694e097ef456fe_X0__13.SLDPRT
2026-09-18 11:37:37,919 INFO  CommonSwOperations.cs: 245 - Loading component with PID 8J     ???hP 7 5 _ _ _ _ _ _ . . _ _ _ _ ( 1 ) - 1 - 1 @ ?V?eb_9???M??V/ P 7 5 _ X 2 _ 6 3 a 8 8 f d b 5 6 6 8 6 c a 1 7 f 5 1 7 f 6 9 4 e 0 9 7 e f 4 5 6 f e _ X 0 _ _ 1 4 - 1 @ P 7 5 _ _ _ _ _ _ . . _ _ _ _ ( 1 ) - 1                 ,   
2026-09-18 11:37:37,919 INFO  CommonSwOperations.cs: 254 - Successfully loaded component D:\Desktop\HU501urdf\P75_X2_63a88fdb56686ca17f517f694e097ef456fe_X0__14.SLDPRT
2026-09-18 11:37:37,919 INFO  CommonSwOperations.cs: 245 - Loading component with PID 8J     ???gP 7 5 _ _ _ _ _ _ . . _ _ _ _ ( 1 ) - 1 - 1 @ ?V?eb_9???M??V/ P 7 5 _ X 2 _ 6 3 a 8 8 f d b 5 6 6 8 6 c a 1 7 f 5 1 7 f 6 9 4 e 0 9 7 e f 4 5 6 f e _ X 0 _ _ 6 - 1 @ P 7 5 _ _ _ _ _ _ . . _ _ _ _ ( 1 ) - 1                    
2026-09-18 11:37:37,927 INFO  CommonSwOperations.cs: 254 - Successfully loaded component D:\Desktop\HU501urdf\P75_X2_63a88fdb56686ca17f517f694e097ef456fe_X0__6.SLDPRT
2026-09-18 11:37:37,927 INFO  CommonSwOperations.cs: 245 - Loading component with PID 8J     ???hP 7 5 _ _ _ _ _ _ . . _ _ _ _ ( 1 ) - 1 - 1 @ ?V?eb_9???M??V/ P 7 5 _ X 2 _ 6 3 a 8 8 f d b 5 6 6 8 6 c a 1 7 f 5 1 7 f 6 9 4 e 0 9 7 e f 4 5 6 f e _ X 0 _ _ 1 1 - 1 @ P 7 5 _ _ _ _ _ _ . . _ _ _ _ ( 1 ) - 1                 -   
2026-09-18 11:37:37,927 INFO  CommonSwOperations.cs: 254 - Successfully loaded component D:\Desktop\HU501urdf\P75_X2_63a88fdb56686ca17f517f694e097ef456fe_X0__11.SLDPRT
2026-09-18 11:37:37,927 INFO  CommonSwOperations.cs: 230 - Loaded 4 components for link thruster1_Link
2026-09-18 11:37:37,927 INFO  CommonSwOperations.cs: 221 - Loading SolidWorks components for thruster2_Link from D:\Desktop\HU501urdf\ËÄ·½ÐÎ´¬×°ÅäÍ¼.SLDASM
2026-09-18 11:37:37,927 INFO  CommonSwOperations.cs: 245 - Loading component with PID 8J     ???hP 7 5 _ _ _ _ _ _ . . _ _ _ _ ( 1 ) - 3 - 1 @ ?V?eb_9???M??V/ P 7 5 _ X 2 _ 6 3 a 8 8 f d b 5 6 6 8 6 c a 1 7 f 5 1 7 f 6 9 4 e 0 9 7 e f 4 5 6 f e _ X 0 _ _ 1 3 - 1 @ P 7 5 _ _ _ _ _ _ . . _ _ _ _ ( 1 ) - 3             "   /   
2026-09-18 11:37:37,927 INFO  CommonSwOperations.cs: 254 - Successfully loaded component D:\Desktop\HU501urdf\P75_X2_63a88fdb56686ca17f517f694e097ef456fe_X0__13.SLDPRT
2026-09-18 11:37:37,927 INFO  CommonSwOperations.cs: 245 - Loading component with PID 8J     ???hP 7 5 _ _ _ _ _ _ . . _ _ _ _ ( 1 ) - 3 - 1 @ ?V?eb_9???M??V/ P 7 5 _ X 2 _ 6 3 a 8 8 f d b 5 6 6 8 6 c a 1 7 f 5 1 7 f 6 9 4 e 0 9 7 e f 4 5 6 f e _ X 0 _ _ 1 4 - 1 @ P 7 5 _ _ _ _ _ _ . . _ _ _ _ ( 1 ) - 3             "   ,   
2026-09-18 11:37:37,927 INFO  CommonSwOperations.cs: 254 - Successfully loaded component D:\Desktop\HU501urdf\P75_X2_63a88fdb56686ca17f517f694e097ef456fe_X0__14.SLDPRT
2026-09-18 11:37:37,927 INFO  CommonSwOperations.cs: 245 - Loading component with PID 8J     ???hP 7 5 _ _ _ _ _ _ . . _ _ _ _ ( 1 ) - 3 - 1 @ ?V?eb_9???M??V/ P 7 5 _ X 2 _ 6 3 a 8 8 f d b 5 6 6 8 6 c a 1 7 f 5 1 7 f 6 9 4 e 0 9 7 e f 4 5 6 f e _ X 0 _ _ 1 8 - 1 @ P 7 5 _ _ _ _ _ _ . . _ _ _ _ ( 1 ) - 3             "      
2026-09-18 11:37:37,931 INFO  CommonSwOperations.cs: 254 - Successfully loaded component D:\Desktop\HU501urdf\P75_X2_63a88fdb56686ca17f517f694e097ef456fe_X0__18.SLDPRT
2026-09-18 11:37:37,931 INFO  CommonSwOperations.cs: 245 - Loading component with PID 8J     ???gP 7 5 _ _ _ _ _ _ . . _ _ _ _ ( 1 ) - 3 - 1 @ ?V?eb_9???M??V/ P 7 5 _ X 2 _ 6 3 a 8 8 f d b 5 6 6 8 6 c a 1 7 f 5 1 7 f 6 9 4 e 0 9 7 e f 4 5 6 f e _ X 0 _ _ 6 - 1 @ P 7 5 _ _ _ _ _ _ . . _ _ _ _ ( 1 ) - 3             "      
2026-09-18 11:37:37,931 INFO  CommonSwOperations.cs: 254 - Successfully loaded component D:\Desktop\HU501urdf\P75_X2_63a88fdb56686ca17f517f694e097ef456fe_X0__6.SLDPRT
2026-09-18 11:37:37,931 INFO  CommonSwOperations.cs: 245 - Loading component with PID 8J     ???gP 7 5 _ _ _ _ _ _ . . _ _ _ _ ( 1 ) - 3 - 1 @ ?V?eb_9???M??V/ P 7 5 _ X 2 _ 6 3 a 8 8 f d b 5 6 6 8 6 c a 1 7 f 5 1 7 f 6 9 4 e 0 9 7 e f 4 5 6 f e _ X 0 _ _ 2 - 1 @ P 7 5 _ _ _ _ _ _ . . _ _ _ _ ( 1 ) - 3             "   .   
2026-09-18 11:37:37,931 INFO  CommonSwOperations.cs: 254 - Successfully loaded component D:\Desktop\HU501urdf\P75_X2_63a88fdb56686ca17f517f694e097ef456fe_X0__2.SLDPRT
2026-09-18 11:37:37,931 INFO  CommonSwOperations.cs: 245 - Loading component with PID 8J     ???hP 7 5 _ _ _ _ _ _ . . _ _ _ _ ( 1 ) - 3 - 1 @ ?V?eb_9???M??V/ P 7 5 _ X 2 _ 6 3 a 8 8 f d b 5 6 6 8 6 c a 1 7 f 5 1 7 f 6 9 4 e 0 9 7 e f 4 5 6 f e _ X 0 _ _ 1 9 - 1 @ P 7 5 _ _ _ _ _ _ . . _ _ _ _ ( 1 ) - 3             "      
2026-09-18 11:37:37,931 INFO  CommonSwOperations.cs: 254 - Successfully loaded component D:\Desktop\HU501urdf\P75_X2_63a88fdb56686ca17f517f694e097ef456fe_X0__19.SLDPRT
2026-09-18 11:37:37,931 INFO  CommonSwOperations.cs: 245 - Loading component with PID 8J     ???eP 7 5 _ _ _ _ _ _ . . _ _ _ _ ( 1 ) - 3 - 1 @ ?V?eb_9???M??V/ P 7 5 _ X 2 _ 6 3 a 8 8 f d b 5 6 6 8 6 c a 1 7 f 5 1 7 f 6 9 4 e 0 9 7 e f 4 5 6 f e _ X 0 _ - 1 @ P 7 5 _ _ _ _ _ _ . . _ _ _ _ ( 1 ) - 3             "      
2026-09-18 11:37:37,931 INFO  CommonSwOperations.cs: 254 - Successfully loaded component D:\Desktop\HU501urdf\P75_X2_63a88fdb56686ca17f517f694e097ef456fe_X0_.SLDPRT
2026-09-18 11:37:37,931 INFO  CommonSwOperations.cs: 245 - Loading component with PID 8J     ???hP 7 5 _ _ _ _ _ _ . . _ _ _ _ ( 1 ) - 3 - 1 @ ?V?eb_9???M??V/ P 7 5 _ X 2 _ 6 3 a 8 8 f d b 5 6 6 8 6 c a 1 7 f 5 1 7 f 6 9 4 e 0 9 7 e f 4 5 6 f e _ X 0 _ _ 1 1 - 1 @ P 7 5 _ _ _ _ _ _ . . _ _ _ _ ( 1 ) - 3             "   -   
2026-09-18 11:37:37,931 INFO  CommonSwOperations.cs: 254 - Successfully loaded component D:\Desktop\HU501urdf\P75_X2_63a88fdb56686ca17f517f694e097ef456fe_X0__11.SLDPRT
2026-09-18 11:37:37,935 INFO  CommonSwOperations.cs: 230 - Loaded 8 components for link thruster2_Link
2026-09-18 11:37:37,935 INFO  CommonSwOperations.cs: 221 - Loading SolidWorks components for thruster3_Link from D:\Desktop\HU501urdf\ËÄ·½ÐÎ´¬×°ÅäÍ¼.SLDASM
2026-09-18 11:37:37,935 INFO  CommonSwOperations.cs: 245 - Loading component with PID 8J     ????P 7 5 _ _ _ _ _ _ . . _ _ _ _ ( 1 ) - 1 @ ?V?eb_9???M??V/ ??M?SO1 ^ P 7 5 _ _ _ _ _ _ . . _ _ _ _ ( 1 ) - 1 @ P 7 5 _ _ _ _ _ _ . . _ _ _ _ ( 1 ) / P 7 5 _ X 2 _ 6 3 a 8 8 f d b 5 6 6 8 6 c a 1 7 f 5 1 7 f 6 9 4 e 0 9 7 e f 4 5 6 f e _ X 0 _ _ 1 3 - 1 @ ??M?SO1 ^ P 7 5 _ _ _ _ _ _ . . _ _ _ _ ( 1 )                0   /   
2026-09-18 11:37:37,936 INFO  CommonSwOperations.cs: 254 - Successfully loaded component D:\Desktop\HU501urdf\P75_X2_63a88fdb56686ca17f517f694e097ef456fe_X0__13.SLDPRT
2026-09-18 11:37:37,936 INFO  CommonSwOperations.cs: 245 - Loading component with PID 8J     ????P 7 5 _ _ _ _ _ _ . . _ _ _ _ ( 1 ) - 1 @ ?V?eb_9???M??V/ ??M?SO1 ^ P 7 5 _ _ _ _ _ _ . . _ _ _ _ ( 1 ) - 1 @ P 7 5 _ _ _ _ _ _ . . _ _ _ _ ( 1 ) / P 7 5 _ X 2 _ 6 3 a 8 8 f d b 5 6 6 8 6 c a 1 7 f 5 1 7 f 6 9 4 e 0 9 7 e f 4 5 6 f e _ X 0 _ _ 6 - 1 @ ??M?SO1 ^ P 7 5 _ _ _ _ _ _ . . _ _ _ _ ( 1 )                0      
2026-09-18 11:37:37,937 INFO  CommonSwOperations.cs: 254 - Successfully loaded component D:\Desktop\HU501urdf\P75_X2_63a88fdb56686ca17f517f694e097ef456fe_X0__6.SLDPRT
2026-09-18 11:37:37,938 INFO  CommonSwOperations.cs: 245 - Loading component with PID 8J     ????P 7 5 _ _ _ _ _ _ . . _ _ _ _ ( 1 ) - 1 @ ?V?eb_9???M??V/ ??M?SO1 ^ P 7 5 _ _ _ _ _ _ . . _ _ _ _ ( 1 ) - 1 @ P 7 5 _ _ _ _ _ _ . . _ _ _ _ ( 1 ) / P 7 5 _ X 2 _ 6 3 a 8 8 f d b 5 6 6 8 6 c a 1 7 f 5 1 7 f 6 9 4 e 0 9 7 e f 4 5 6 f e _ X 0 _ _ 1 1 - 1 @ ??M?SO1 ^ P 7 5 _ _ _ _ _ _ . . _ _ _ _ ( 1 )                0   -   
2026-09-18 11:37:37,938 INFO  CommonSwOperations.cs: 254 - Successfully loaded component D:\Desktop\HU501urdf\P75_X2_63a88fdb56686ca17f517f694e097ef456fe_X0__11.SLDPRT
2026-09-18 11:37:37,938 INFO  CommonSwOperations.cs: 245 - Loading component with PID 8J     ????P 7 5 _ _ _ _ _ _ . . _ _ _ _ ( 1 ) - 1 @ ?V?eb_9???M??V/ ??M?SO1 ^ P 7 5 _ _ _ _ _ _ . . _ _ _ _ ( 1 ) - 1 @ P 7 5 _ _ _ _ _ _ . . _ _ _ _ ( 1 ) / P 7 5 _ X 2 _ 6 3 a 8 8 f d b 5 6 6 8 6 c a 1 7 f 5 1 7 f 6 9 4 e 0 9 7 e f 4 5 6 f e _ X 0 _ _ 1 9 - 1 @ ??M?SO1 ^ P 7 5 _ _ _ _ _ _ . . _ _ _ _ ( 1 )                0      
2026-09-18 11:37:37,939 INFO  CommonSwOperations.cs: 254 - Successfully loaded component D:\Desktop\HU501urdf\P75_X2_63a88fdb56686ca17f517f694e097ef456fe_X0__19.SLDPRT
2026-09-18 11:37:37,939 INFO  CommonSwOperations.cs: 245 - Loading component with PID 8J     ????P 7 5 _ _ _ _ _ _ . . _ _ _ _ ( 1 ) - 1 @ ?V?eb_9???M??V/ ??M?SO1 ^ P 7 5 _ _ _ _ _ _ . . _ _ _ _ ( 1 ) - 1 @ P 7 5 _ _ _ _ _ _ . . _ _ _ _ ( 1 ) / P 7 5 _ X 2 _ 6 3 a 8 8 f d b 5 6 6 8 6 c a 1 7 f 5 1 7 f 6 9 4 e 0 9 7 e f 4 5 6 f e _ X 0 _ _ 2 - 1 @ ??M?SO1 ^ P 7 5 _ _ _ _ _ _ . . _ _ _ _ ( 1 )                0   .   
2026-09-18 11:37:37,939 INFO  CommonSwOperations.cs: 254 - Successfully loaded component D:\Desktop\HU501urdf\P75_X2_63a88fdb56686ca17f517f694e097ef456fe_X0__2.SLDPRT
2026-09-18 11:37:37,939 INFO  CommonSwOperations.cs: 245 - Loading component with PID 8J     ????P 7 5 _ _ _ _ _ _ . . _ _ _ _ ( 1 ) - 1 @ ?V?eb_9???M??V/ ??M?SO1 ^ P 7 5 _ _ _ _ _ _ . . _ _ _ _ ( 1 ) - 1 @ P 7 5 _ _ _ _ _ _ . . _ _ _ _ ( 1 ) / P 7 5 _ X 2 _ 6 3 a 8 8 f d b 5 6 6 8 6 c a 1 7 f 5 1 7 f 6 9 4 e 0 9 7 e f 4 5 6 f e _ X 0 _ _ 1 4 - 1 @ ??M?SO1 ^ P 7 5 _ _ _ _ _ _ . . _ _ _ _ ( 1 )                0   ,   
2026-09-18 11:37:37,939 INFO  CommonSwOperations.cs: 254 - Successfully loaded component D:\Desktop\HU501urdf\P75_X2_63a88fdb56686ca17f517f694e097ef456fe_X0__14.SLDPRT
2026-09-18 11:37:37,939 INFO  CommonSwOperations.cs: 245 - Loading component with PID 8J     ????P 7 5 _ _ _ _ _ _ . . _ _ _ _ ( 1 ) - 1 @ ?V?eb_9???M??V/ ??M?SO1 ^ P 7 5 _ _ _ _ _ _ . . _ _ _ _ ( 1 ) - 1 @ P 7 5 _ _ _ _ _ _ . . _ _ _ _ ( 1 ) / P 7 5 _ X 2 _ 6 3 a 8 8 f d b 5 6 6 8 6 c a 1 7 f 5 1 7 f 6 9 4 e 0 9 7 e f 4 5 6 f e _ X 0 _ - 1 @ ??M?SO1 ^ P 7 5 _ _ _ _ _ _ . . _ _ _ _ ( 1 )                0      
2026-09-18 11:37:37,939 INFO  CommonSwOperations.cs: 254 - Successfully loaded component D:\Desktop\HU501urdf\P75_X2_63a88fdb56686ca17f517f694e097ef456fe_X0_.SLDPRT
2026-09-18 11:37:37,939 INFO  CommonSwOperations.cs: 245 - Loading component with PID 8J     ????P 7 5 _ _ _ _ _ _ . . _ _ _ _ ( 1 ) - 1 @ ?V?eb_9???M??V/ ??M?SO1 ^ P 7 5 _ _ _ _ _ _ . . _ _ _ _ ( 1 ) - 1 @ P 7 5 _ _ _ _ _ _ . . _ _ _ _ ( 1 ) / P 7 5 _ X 2 _ 6 3 a 8 8 f d b 5 6 6 8 6 c a 1 7 f 5 1 7 f 6 9 4 e 0 9 7 e f 4 5 6 f e _ X 0 _ _ 1 8 - 1 @ ??M?SO1 ^ P 7 5 _ _ _ _ _ _ . . _ _ _ _ ( 1 )                0      
2026-09-18 11:37:37,939 INFO  CommonSwOperations.cs: 254 - Successfully loaded component D:\Desktop\HU501urdf\P75_X2_63a88fdb56686ca17f517f694e097ef456fe_X0__18.SLDPRT
2026-09-18 11:37:37,945 INFO  CommonSwOperations.cs: 245 - Loading component with PID 8J     ????P 7 5 _ _ _ _ _ _ . . _ _ _ _ ( 1 ) - 1 @ ?V?eb_9???M??V/ ??M?SO1 ^ P 7 5 _ _ _ _ _ _ . . _ _ _ _ ( 1 ) - 1 @ P 7 5 _ _ _ _ _ _ . . _ _ _ _ ( 1 ) / P 7 5 _ X 2 _ 6 3 a 8 8 f d b 5 6 6 8 6 c a 1 7 f 5 1 7 f 6 9 4 e 0 9 7 e f 4 5 6 f e _ X 0 _ _ 4 - 1 @ ??M?SO1 ^ P 7 5 _ _ _ _ _ _ . . _ _ _ _ ( 1 )                0      
2026-09-18 11:37:37,946 INFO  CommonSwOperations.cs: 254 - Successfully loaded component D:\Desktop\HU501urdf\P75_X2_63a88fdb56686ca17f517f694e097ef456fe_X0__4.SLDPRT
2026-09-18 11:37:37,946 INFO  CommonSwOperations.cs: 245 - Loading component with PID 8J     ????P 7 5 _ _ _ _ _ _ . . _ _ _ _ ( 1 ) - 1 @ ?V?eb_9???M??V/ ??M?SO1 ^ P 7 5 _ _ _ _ _ _ . . _ _ _ _ ( 1 ) - 1 @ P 7 5 _ _ _ _ _ _ . . _ _ _ _ ( 1 ) / P 7 5 _ X 2 _ 6 3 a 8 8 f d b 5 6 6 8 6 c a 1 7 f 5 1 7 f 6 9 4 e 0 9 7 e f 4 5 6 f e _ X 0 _ _ 1 2 - 1 @ ??M?SO1 ^ P 7 5 _ _ _ _ _ _ . . _ _ _ _ ( 1 )                0      
2026-09-18 11:37:37,946 INFO  CommonSwOperations.cs: 254 - Successfully loaded component D:\Desktop\HU501urdf\P75_X2_63a88fdb56686ca17f517f694e097ef456fe_X0__12.SLDPRT
2026-09-18 11:37:37,946 INFO  CommonSwOperations.cs: 230 - Loaded 10 components for link thruster3_Link
2026-09-18 11:37:37,947 INFO  CommonSwOperations.cs: 221 - Loading SolidWorks components for thruster4_Link from D:\Desktop\HU501urdf\ËÄ·½ÐÎ´¬×°ÅäÍ¼.SLDASM
2026-09-18 11:37:37,947 INFO  CommonSwOperations.cs: 245 - Loading component with PID 8J     ???XC o p y   o f   ??M?SO7 - 2 @ ?V?eb_9???M??V/ P 7 5 _ X 2 _ 6 3 a 8 8 f d b 5 6 6 8 6 c a 1 7 f 5 1 7 f 6 9 4 e 0 9 7 e f 4 5 6 f e _ X 0 _ _ 1 3 - 1 @ C o p y   o f   ??M?SO7             !   /   
2026-09-18 11:37:37,948 INFO  CommonSwOperations.cs: 254 - Successfully loaded component D:\Desktop\HU501urdf\P75_X2_63a88fdb56686ca17f517f694e097ef456fe_X0__13.SLDPRT
2026-09-18 11:37:37,948 INFO  CommonSwOperations.cs: 245 - Loading component with PID 8J     ???XC o p y   o f   ??M?SO7 - 2 @ ?V?eb_9???M??V/ P 7 5 _ X 2 _ 6 3 a 8 8 f d b 5 6 6 8 6 c a 1 7 f 5 1 7 f 6 9 4 e 0 9 7 e f 4 5 6 f e _ X 0 _ _ 1 4 - 1 @ C o p y   o f   ??M?SO7             !   ,   
2026-09-18 11:37:37,948 INFO  CommonSwOperations.cs: 254 - Successfully loaded component D:\Desktop\HU501urdf\P75_X2_63a88fdb56686ca17f517f694e097ef456fe_X0__14.SLDPRT
2026-09-18 11:37:37,948 INFO  CommonSwOperations.cs: 245 - Loading component with PID 8J     ???XC o p y   o f   ??M?SO7 - 2 @ ?V?eb_9???M??V/ P 7 5 _ X 2 _ 6 3 a 8 8 f d b 5 6 6 8 6 c a 1 7 f 5 1 7 f 6 9 4 e 0 9 7 e f 4 5 6 f e _ X 0 _ _ 1 1 - 1 @ C o p y   o f   ??M?SO7             !   -   
2026-09-18 11:37:37,948 INFO  CommonSwOperations.cs: 254 - Successfully loaded component D:\Desktop\HU501urdf\P75_X2_63a88fdb56686ca17f517f694e097ef456fe_X0__11.SLDPRT
2026-09-18 11:37:37,948 INFO  CommonSwOperations.cs: 245 - Loading component with PID 8J     ???XC o p y   o f   ??M?SO7 - 2 @ ?V?eb_9???M??V/ P 7 5 _ X 2 _ 6 3 a 8 8 f d b 5 6 6 8 6 c a 1 7 f 5 1 7 f 6 9 4 e 0 9 7 e f 4 5 6 f e _ X 0 _ _ 1 8 - 1 @ C o p y   o f   ??M?SO7             !      
2026-09-18 11:37:37,948 INFO  CommonSwOperations.cs: 254 - Successfully loaded component D:\Desktop\HU501urdf\P75_X2_63a88fdb56686ca17f517f694e097ef456fe_X0__18.SLDPRT
2026-09-18 11:37:37,948 INFO  CommonSwOperations.cs: 245 - Loading component with PID 8J     ???XC o p y   o f   ??M?SO7 - 2 @ ?V?eb_9???M??V/ P 7 5 _ X 2 _ 6 3 a 8 8 f d b 5 6 6 8 6 c a 1 7 f 5 1 7 f 6 9 4 e 0 9 7 e f 4 5 6 f e _ X 0 _ _ 1 9 - 1 @ C o p y   o f   ??M?SO7             !      
2026-09-18 11:37:37,948 INFO  CommonSwOperations.cs: 254 - Successfully loaded component D:\Desktop\HU501urdf\P75_X2_63a88fdb56686ca17f517f694e097ef456fe_X0__19.SLDPRT
2026-09-18 11:37:37,948 INFO  CommonSwOperations.cs: 245 - Loading component with PID 8J     ???UC o p y   o f   ??M?SO7 - 2 @ ?V?eb_9???M??V/ P 7 5 _ X 2 _ 6 3 a 8 8 f d b 5 6 6 8 6 c a 1 7 f 5 1 7 f 6 9 4 e 0 9 7 e f 4 5 6 f e _ X 0 _ - 1 @ C o p y   o f   ??M?SO7             !      
2026-09-18 11:37:37,948 INFO  CommonSwOperations.cs: 254 - Successfully loaded component D:\Desktop\HU501urdf\P75_X2_63a88fdb56686ca17f517f694e097ef456fe_X0_.SLDPRT
2026-09-18 11:37:37,948 INFO  CommonSwOperations.cs: 245 - Loading component with PID 8J     ???WC o p y   o f   ??M?SO7 - 2 @ ?V?eb_9???M??V/ P 7 5 _ X 2 _ 6 3 a 8 8 f d b 5 6 6 8 6 c a 1 7 f 5 1 7 f 6 9 4 e 0 9 7 e f 4 5 6 f e _ X 0 _ _ 2 - 1 @ C o p y   o f   ??M?SO7             !   .   
2026-09-18 11:37:37,948 INFO  CommonSwOperations.cs: 254 - Successfully loaded component D:\Desktop\HU501urdf\P75_X2_63a88fdb56686ca17f517f694e097ef456fe_X0__2.SLDPRT
2026-09-18 11:37:37,948 INFO  CommonSwOperations.cs: 245 - Loading component with PID 8J     ???WC o p y   o f   ??M?SO7 - 2 @ ?V?eb_9???M??V/ P 7 5 _ X 2 _ 6 3 a 8 8 f d b 5 6 6 8 6 c a 1 7 f 5 1 7 f 6 9 4 e 0 9 7 e f 4 5 6 f e _ X 0 _ _ 5 - 1 @ C o p y   o f   ??M?SO7             !   !   
2026-09-18 11:37:37,948 INFO  CommonSwOperations.cs: 254 - Successfully loaded component D:\Desktop\HU501urdf\P75_X2_63a88fdb56686ca17f517f694e097ef456fe_X0__5.SLDPRT
2026-09-18 11:37:37,948 INFO  CommonSwOperations.cs: 245 - Loading component with PID 8J     ???XC o p y   o f   ??M?SO7 - 2 @ ?V?eb_9???M??V/ P 7 5 _ X 2 _ 6 3 a 8 8 f d b 5 6 6 8 6 c a 1 7 f 5 1 7 f 6 9 4 e 0 9 7 e f 4 5 6 f e _ X 0 _ _ 1 5 - 1 @ C o p y   o f   ??M?SO7             !       
2026-09-18 11:37:37,948 INFO  CommonSwOperations.cs: 254 - Successfully loaded component D:\Desktop\HU501urdf\P75_X2_63a88fdb56686ca17f517f694e097ef456fe_X0__15.SLDPRT
2026-09-18 11:37:37,948 INFO  CommonSwOperations.cs: 245 - Loading component with PID 8J     ???WC o p y   o f   ??M?SO7 - 2 @ ?V?eb_9???M??V/ P 7 5 _ X 2 _ 6 3 a 8 8 f d b 5 6 6 8 6 c a 1 7 f 5 1 7 f 6 9 4 e 0 9 7 e f 4 5 6 f e _ X 0 _ _ 6 - 1 @ C o p y   o f   ??M?SO7             !      
2026-09-18 11:37:37,948 INFO  CommonSwOperations.cs: 254 - Successfully loaded component D:\Desktop\HU501urdf\P75_X2_63a88fdb56686ca17f517f694e097ef456fe_X0__6.SLDPRT
2026-09-18 11:37:37,948 INFO  CommonSwOperations.cs: 245 - Loading component with PID 8J     ???WC o p y   o f   ??M?SO7 - 2 @ ?V?eb_9???M??V/ P 7 5 _ X 2 _ 6 3 a 8 8 f d b 5 6 6 8 6 c a 1 7 f 5 1 7 f 6 9 4 e 0 9 7 e f 4 5 6 f e _ X 0 _ _ 4 - 1 @ C o p y   o f   ??M?SO7             !      
2026-09-18 11:37:37,948 INFO  CommonSwOperations.cs: 254 - Successfully loaded component D:\Desktop\HU501urdf\P75_X2_63a88fdb56686ca17f517f694e097ef456fe_X0__4.SLDPRT
2026-09-18 11:37:37,957 INFO  CommonSwOperations.cs: 245 - Loading component with PID 8J     ???XC o p y   o f   ??M?SO7 - 2 @ ?V?eb_9???M??V/ P 7 5 _ X 2 _ 6 3 a 8 8 f d b 5 6 6 8 6 c a 1 7 f 5 1 7 f 6 9 4 e 0 9 7 e f 4 5 6 f e _ X 0 _ _ 1 2 - 1 @ C o p y   o f   ??M?SO7             !      
2026-09-18 11:37:37,957 INFO  CommonSwOperations.cs: 254 - Successfully loaded component D:\Desktop\HU501urdf\P75_X2_63a88fdb56686ca17f517f694e097ef456fe_X0__12.SLDPRT
2026-09-18 11:37:37,957 INFO  CommonSwOperations.cs: 230 - Loaded 12 components for link thruster4_Link
2026-09-18 11:37:37,980 INFO  SwAddin.cs: 344 - Showing property manager
2026-09-18 11:37:49,213 INFO  ExportPropertyManager.cs: 422 - Configuration saved
2026-09-18 11:37:49,224 INFO  ConfigurationSerialization.cs: 276 - URDF Configuration found
<Link z:Id="i1" xmlns="http://schemas.datacontract.org/2004/07/SW2URDF" xmlns:i="http://www.w3.org/2001/XMLSchema-instance" xmlns:z="http://schemas.microsoft.com/2003/10/Serialization/"><Attributes><Attribute z:Id="i2"><AttributeType>name</AttributeType><IsRequired>true</IsRequired><Value i:type="a:string" xmlns:a="http://www.w3.org/2001/XMLSchema">base_link</Value></Attribute></Attributes><ChildElements><URDFElement z:Id="i3" i:type="Inertial"><Attributes/><ChildElements><URDFElement z:Id="i4" i:type="Origin"><Attributes><Attribute z:Id="i5"><AttributeType>xyz</AttributeType><IsRequired>true</IsRequired><Value i:type="a:ArrayOfdouble" xmlns:a="http://schemas.microsoft.com/2003/10/Serialization/Arrays"><a:double>0</a:double><a:double>0</a:double><a:double>0</a:double></Value></Attribute><Attribute z:Id="i6"><AttributeType>rpy</AttributeType><IsRequired>true</IsRequired><Value i:type="a:ArrayOfdouble" xmlns:a="http://schemas.microsoft.com/2003/10/Serialization/Arrays"><a:double>0</a:double><a:double>0</a:double><a:double>0</a:double></Value></Attribute></Attributes><ChildElements/><ElementName>origin</ElementName><required>false</required><RPYAttribute z:Ref="i6"/><XYZAttribute z:Ref="i5"/><isCustomized>false</isCustomized></URDFElement><URDFElement z:Id="i7" i:type="Mass"><Attributes><Attribute z:Id="i8"><AttributeType>value</AttributeType><IsRequired>true</IsRequired><Value i:type="a:double" xmlns:a="http://www.w3.org/2001/XMLSchema">0</Value></Attribute></Attributes><ChildElements/><ElementName>mass</ElementName><required>false</required><ValueAttribute z:Ref="i8"/></URDFElement><URDFElement z:Id="i9" i:type="Inertia"><Attributes><Attribute z:Id="i10"><AttributeType>ixx</AttributeType><IsRequired>true</IsRequired><Value i:type="a:double" xmlns:a="http://www.w3.org/2001/XMLSchema">0</Value></Attribute><Attribute z:Id="i11"><AttributeType>ixy</AttributeType><IsRequired>true</IsRequired><Value i:type="a:double" xmlns:a="http://www.w3.org/2001/XMLSchema">0</Value></Attribute><Attribute z:Id="i12"><AttributeType>ixz</AttributeType><IsRequired>true</IsRequired><Value i:type="a:double" xmlns:a="http://www.w3.org/2001/XMLSchema">0</Value></Attribute><Attribute z:Id="i13"><AttributeType>iyy</AttributeType><IsRequired>true</IsRequired><Value i:type="a:double" xmlns:a="http://www.w3.org/2001/XMLSchema">0</Value></Attribute><Attribute z:Id="i14"><AttributeType>iyz</AttributeType><IsRequired>true</IsRequired><Value i:type="a:double" xmlns:a="http://www.w3.org/2001/XMLSchema">0</Value></Attribute><Attribute z:Id="i15"><AttributeType>izz</AttributeType><IsRequired>true</IsRequired><Value i:type="a:double" xmlns:a="http://www.w3.org/2001/XMLSchema">0</Value></Attribute></Attributes><ChildElements/><ElementName>inertia</ElementName><required>false</required><IxxAttribute z:Ref="i10"/><IxyAttribute z:Ref="i11"/><IxzAttribute z:Ref="i12"/><IyyAttribute z:Ref="i13"/><IyzAttribute z:Ref="i14"/><IzzAttribute z:Ref="i15"/></URDFElement></ChildElements><ElementName>inertial</ElementName><required>false</required><Inertia z:Ref="i9"/><Mass z:Ref="i7"/><Origin z:Ref="i4"/></URDFElement><URDFElement z:Id="i16" i:type="Visual"><Attributes/><ChildElements><URDFElement z:Id="i17" i:type="Origin"><Attributes><Attribute z:Id="i18"><AttributeType>xyz</AttributeType><IsRequired>true</IsRequired><Value i:type="a:ArrayOfdouble" xmlns:a="http://schemas.microsoft.com/2003/10/Serialization/Arrays"><a:double>0</a:double><a:double>0</a:double><a:double>0</a:double></Value></Attribute><Attribute z:Id="i19"><AttributeType>rpy</AttributeType><IsRequired>true</IsRequired><Value i:type="a:ArrayOfdouble" xmlns:a="http://schemas.microsoft.com/2003/10/Serialization/Arrays"><a:double>0</a:double><a:double>0</a:double><a:double>0</a:double></Value></Attribute></Attributes><ChildElements/><ElementName>origin</ElementName><required>false</required><RPYAttribute z:Ref="i19"/><XYZAttribute z:Ref="i18"/><isCustomized>false</isCustomized></URDFElement><URDFElement z:Id="i20" i:type="Geometry"><Attributes/><ChildElements><URDFElement z:Id="i21" i:type="Mesh"><Attributes><Attribute z:Id="i22"><AttributeType>filename</AttributeType><IsRequired>true</IsRequired><Value i:nil="true"/></Attribute></Attributes><ChildElements/><ElementName>mesh</ElementName><required>false</required><FilenameAttribute z:Ref="i22"/></URDFElement></ChildElements><ElementName>geometry</ElementName><required>true</required><Mesh z:Ref="i21"/></URDFElement><URDFElement z:Id="i23" i:type="Material"><Attributes><Attribute z:Id="i24"><AttributeType>name</AttributeType><IsRequired>true</IsRequired><Value i:type="a:string" xmlns:a="http://www.w3.org/2001/XMLSchema"/></Attribute></Attributes><ChildElements><URDFElement z:Id="i25" i:type="Color"><Attributes><Attribute z:Id="i26"><AttributeType>rgba</AttributeType><IsRequired>true</IsRequired><Value i:type="a:ArrayOfdouble" xmlns:a="http://schemas.microsoft.com/2003/10/Serialization/Arrays"><a:double>1</a:double><a:double>1</a:double><a:double>1</a:double><a:double>1</a:double></Value></Attribute></Attributes><ChildElements/><ElementName>color</ElementName><required>false</required><RGBAAttribute z:Ref="i26"/></URDFElement><URDFElement z:Id="i27" i:type="Texture"><Attributes><Attribute z:Id="i28"><AttributeType>filename</AttributeType><IsRequired>true</IsRequired><Value i:nil="true"/></Attribute></Attributes><ChildElements/><ElementName>texture</ElementName><required>false</required><FilenameAttribute z:Ref="i28"/><wFilename/></URDFElement></ChildElements><ElementName>material</ElementName><required>false</required><Color z:Ref="i25"/><NameAttribute z:Ref="i24"/><Texture z:Ref="i27"/></URDFElement></ChildElements><ElementName>visual</ElementName><required>false</required><Geometry z:Ref="i20"/><Material z:Ref="i23"/><Origin z:Ref="i17"/></URDFElement><URDFElement z:Id="i29" i:type="Collision"><Attributes/><ChildElements><URDFElement z:Id="i30" i:type="Origin"><Attributes><Attribute z:Id="i31"><AttributeType>xyz</AttributeType><IsRequired>true</IsRequired><Value i:type="a:ArrayOfdouble" xmlns:a="http://schemas.microsoft.com/2003/10/Serialization/Arrays"><a:double>0</a:double><a:double>0</a:double><a:double>0</a:double></Value></Attribute><Attribute z:Id="i32"><AttributeType>rpy</AttributeType><IsRequired>true</IsRequired><Value i:type="a:ArrayOfdouble" xmlns:a="http://schemas.microsoft.com/2003/10/Serialization/Arrays"><a:double>0</a:double><a:double>0</a:double><a:double>0</a:double></Value></Attribute></Attributes><ChildElements/><ElementName>origin</ElementName><required>false</required><RPYAttribute z:Ref="i32"/><XYZAttribute z:Ref="i31"/><isCustomized>false</isCustomized></URDFElement><URDFElement z:Id="i33" i:type="Geometry"><Attributes/><ChildElements><URDFElement z:Id="i34" i:type="Mesh"><Attributes><Attribute z:Id="i35"><AttributeType>filename</AttributeType><IsRequired>true</IsRequired><Value i:nil="true"/></Attribute></Attributes><ChildElements/><ElementName>mesh</ElementName><required>false</required><FilenameAttribute z:Ref="i35"/></URDFElement></ChildElements><ElementName>geometry</ElementName><required>true</required><Mesh z:Ref="i34"/></URDFElement></ChildElements><ElementName>collision</ElementName><required>false</required><Geometry z:Ref="i33"/><Origin z:Ref="i30"/></URDFElement><URDFElement z:Id="i36" i:type="Joint"><Attributes><Attribute z:Id="i37"><AttributeType>name</AttributeType><IsRequired>true</IsRequired><Value i:type="a:string" xmlns:a="http://www.w3.org/2001/XMLSchema"/></Attribute><Attribute z:Id="i38"><AttributeType>type</AttributeType><IsRequired>true</IsRequired><Value i:type="a:string" xmlns:a="http://www.w3.org/2001/XMLSchema"/></Attribute></Attributes><ChildElements><URDFElement z:Id="i39" i:type="Origin"><Attributes><Attribute z:Id="i40"><AttributeType>xyz</AttributeType><IsRequired>true</IsRequired><Value i:type="a:ArrayOfdouble" xmlns:a="http://schemas.microsoft.com/2003/10/Serialization/Arrays"><a:double>0</a:double><a:double>0</a:double><a:double>0</a:double></Value></Attribute><Attribute z:Id="i41"><AttributeType>rpy</AttributeType><IsRequired>true</IsRequired><Value i:type="a:ArrayOfdouble" xmlns:a="http://schemas.microsoft.com/2003/10/Serialization/Arrays"><a:double>0</a:double><a:double>0</a:double><a:double>0</a:double></Value></Attribute></Attributes><ChildElements/><ElementName>origin</ElementName><required>false</required><RPYAttribute z:Ref="i41"/><XYZAttribute z:Ref="i40"/><isCustomized>false</isCustomized></URDFElement><URDFElement z:Id="i42" i:type="ParentLink"><Attributes><Attribute z:Id="i43"><AttributeType>link</AttributeType><IsRequired>true</IsRequired><Value i:type="a:string" xmlns:a="http://www.w3.org/2001/XMLSchema"/></Attribute></Attributes><ChildElements/><ElementName>parent</ElementName><required>true</required><NameAttribute z:Ref="i43"/></URDFElement><URDFElement z:Id="i44" i:type="ChildLink"><Attributes><Attribute z:Id="i45"><AttributeType>link</AttributeType><IsRequired>true</IsRequired><Value i:type="a:string" xmlns:a="http://www.w3.org/2001/XMLSchema"/></Attribute></Attributes><ChildElements/><ElementName>child</ElementName><required>true</required><NameAttribute z:Ref="i45"/></URDFElement><URDFElement z:Id="i46" i:type="Axis"><Attributes><Attribute z:Id="i47"><AttributeType>xyz</AttributeType><IsRequired>true</IsRequired><Value i:type="a:ArrayOfdouble" xmlns:a="http://schemas.microsoft.com/2003/10/Serialization/Arrays"><a:double>0</a:double><a:double>0</a:double><a:double>0</a:double></Value></Attribute></Attributes><ChildElements/><ElementName>axis</ElementName><required>false</required><XYZAttribute z:Ref="i47"/></URDFElement><URDFElement z:Id="i48" i:type="Limit"><Attributes><Attribute z:Id="i49"><AttributeType>lower</AttributeType><IsRequired>false</IsRequired><Value i:nil="true"/></Attribute><Attribute z:Id="i50"><AttributeType>upper</AttributeType><IsRequired>false</IsRequired><Value i:nil="true"/></Attribute><Attribute z:Id="i51"><AttributeType>effort</AttributeType><IsRequired>true</IsRequired><Value i:nil="true"/></Attribute><Attribute z:Id="i52"><AttributeType>velocity</AttributeType><IsRequired>true</IsRequired><Value i:nil="true"/></Attribute></Attributes><ChildElements/><ElementName>limit</ElementName><required>false</required><EffortAttribute z:Ref="i51"/><LowerAttribute z:Ref="i49"/><UpperAttribute z:Ref="i50"/><VelocityAttribute z:Ref="i52"/></URDFElement><URDFElement z:Id="i53" i:type="Calibration"><Attributes><Attribute z:Id="i54"><AttributeType>rising</AttributeType><IsRequired>false</IsRequired><Value i:nil="true"/></Attribute><Attribute z:Id="i55"><AttributeType>falling</AttributeType><IsRequired>false</IsRequired><Value i:nil="true"/></Attribute></Attributes><ChildElements/><ElementName>calibration</ElementName><required>false</required><FallingAttribute z:Ref="i55"/><RisingAttribute z:Ref="i54"/></URDFElement><URDFElement z:Id="i56" i:type="Dynamics"><Attributes><Attribute z:Id="i57"><AttributeType>damping</AttributeType><IsRequired>false</IsRequired><Value i:nil="true"/></Attribute><Attribute z:Id="i58"><AttributeType>friction</AttributeType><IsRequired>false</IsRequired><Value i:nil="true"/></Attribute></Attributes><ChildElements/><ElementName>dynamics</ElementName><required>false</required><DampingAttribute z:Ref="i57"/><FrictionAttribute z:Ref="i58"/></URDFElement><URDFElement z:Id="i59" i:type="SafetyController"><Attributes><Attribute z:Id="i60"><AttributeType>soft_upper_limit</AttributeType><IsRequired>false</IsRequired><Value i:nil="true"/></Attribute><Attribute z:Id="i61"><AttributeType>soft_lower_limit</AttributeType><IsRequired>false</IsRequired><Value i:nil="true"/></Attribute><Attribute z:Id="i62"><AttributeType>k_position</AttributeType><IsRequired>false</IsRequired><Value i:nil="true"/></Attribute><Attribute z:Id="i63"><AttributeType>k_velocity</AttributeType><IsRequired>true</IsRequired><Value i:nil="true"/></Attribute></Attributes><ChildElements/><ElementName>safety_controller</ElementName><required>false</required><KPositionAttribute z:Ref="i62"/><KVelocityAttribute z:Ref="i63"/><SoftLowerAttribute z:Ref="i61"/><SoftUpperAttribute z:Ref="i60"/></URDFElement><URDFElement z:Id="i64" i:type="Mimic"><Attributes><Attribute z:Id="i65"><AttributeType>joint</AttributeType><IsRequired>true</IsRequired><Value i:nil="true"/></Attribute><Attribute z:Id="i66"><AttributeType>multiplier</AttributeType><IsRequired>false</IsRequired><Value i:nil="true"/></Attribute><Attribute z:Id="i67"><AttributeType>offset</AttributeType><IsRequired>false</IsRequired><Value i:nil="true"/></Attribute></Attributes><ChildElements/><ElementName>mimic</ElementName><required>false</required><JointNameAttribute z:Ref="i65"/><MultiplierAttribute z:Ref="i66"/><OffsetAttribute z:Ref="i67"/></URDFElement></ChildElements><ElementName>joint</ElementName><required>false</required><Axis z:Ref="i46"/><AxisName/><Calibration z:Ref="i53"/><Child z:Ref="i44"/><CoordinateSystemName>Automatically Generate</CoordinateSystemName><Dynamics z:Ref="i56"/><Limit z:Ref="i48"/><Mimic z:Ref="i64"/><NameAttribute z:Ref="i37"/><Origin z:Ref="i39"/><Parent z:Ref="i42"/><Safety z:Ref="i59"/><TypeAttribute z:Ref="i38"/></URDFElement></ChildElements><ElementName>link</ElementName><required>true</required><Children><Link z:Id="i68"><Attributes><Attribute z:Id="i69"><AttributeType>name</AttributeType><IsRequired>true</IsRequired><Value i:type="a:string" xmlns:a="http://www.w3.org/2001/XMLSchema">thruster1_Link</Value></Attribute></Attributes><ChildElements><URDFElement z:Id="i70" i:type="Inertial"><Attributes/><ChildElements><URDFElement z:Id="i71" i:type="Origin"><Attributes><Attribute z:Id="i72"><AttributeType>xyz</AttributeType><IsRequired>true</IsRequired><Value i:type="a:ArrayOfdouble" xmlns:a="http://schemas.microsoft.com/2003/10/Serialization/Arrays"><a:double>0</a:double><a:double>0</a:double><a:double>0</a:double></Value></Attribute><Attribute z:Id="i73"><AttributeType>rpy</AttributeType><IsRequired>true</IsRequired><Value i:type="a:ArrayOfdouble" xmlns:a="http://schemas.microsoft.com/2003/10/Serialization/Arrays"><a:double>0</a:double><a:double>0</a:double><a:double>0</a:double></Value></Attribute></Attributes><ChildElements/><ElementName>origin</ElementName><required>false</required><RPYAttribute z:Ref="i73"/><XYZAttribute z:Ref="i72"/><isCustomized>false</isCustomized></URDFElement><URDFElement z:Id="i74" i:type="Mass"><Attributes><Attribute z:Id="i75"><AttributeType>value</AttributeType><IsRequired>true</IsRequired><Value i:type="a:double" xmlns:a="http://www.w3.org/2001/XMLSchema">0</Value></Attribute></Attributes><ChildElements/><ElementName>mass</ElementName><required>false</required><ValueAttribute z:Ref="i75"/></URDFElement><URDFElement z:Id="i76" i:type="Inertia"><Attributes><Attribute z:Id="i77"><AttributeType>ixx</AttributeType><IsRequired>true</IsRequired><Value i:type="a:double" xmlns:a="http://www.w3.org/2001/XMLSchema">0</Value></Attribute><Attribute z:Id="i78"><AttributeType>ixy</AttributeType><IsRequired>true</IsRequired><Value i:type="a:double" xmlns:a="http://www.w3.org/2001/XMLSchema">0</Value></Attribute><Attribute z:Id="i79"><AttributeType>ixz</AttributeType><IsRequired>true</IsRequired><Value i:type="a:double" xmlns:a="http://www.w3.org/2001/XMLSchema">0</Value></Attribute><Attribute z:Id="i80"><AttributeType>iyy</AttributeType><IsRequired>true</IsRequired><Value i:type="a:double" xmlns:a="http://www.w3.org/2001/XMLSchema">0</Value></Attribute><Attribute z:Id="i81"><AttributeType>iyz</AttributeType><IsRequired>true</IsRequired><Value i:type="a:double" xmlns:a="http://www.w3.org/2001/XMLSchema">0</Value></Attribute><Attribute z:Id="i82"><AttributeType>izz</AttributeType><IsRequired>true</IsRequired><Value i:type="a:double" xmlns:a="http://www.w3.org/2001/XMLSchema">0</Value></Attribute></Attributes><ChildElements/><ElementName>inertia</ElementName><required>false</required><IxxAttribute z:Ref="i77"/><IxyAttribute z:Ref="i78"/><IxzAttribute z:Ref="i79"/><IyyAttribute z:Ref="i80"/><IyzAttribute z:Ref="i81"/><IzzAttribute z:Ref="i82"/></URDFElement></ChildElements><ElementName>inertial</ElementName><required>false</required><Inertia z:Ref="i76"/><Mass z:Ref="i74"/><Origin z:Ref="i71"/></URDFElement><URDFElement z:Id="i83" i:type="Visual"><Attributes/><ChildElements><URDFElement z:Id="i84" i:type="Origin"><Attributes><Attribute z:Id="i85"><AttributeType>xyz</AttributeType><IsRequired>true</IsRequired><Value i:type="a:ArrayOfdouble" xmlns:a="http://schemas.microsoft.com/2003/10/Serialization/Arrays"><a:double>0</a:double><a:double>0</a:double><a:double>0</a:double></Value></Attribute><Attribute z:Id="i86"><AttributeType>rpy</AttributeType><IsRequired>true</IsRequired><Value i:type="a:ArrayOfdouble" xmlns:a="http://schemas.microsoft.com/2003/10/Serialization/Arrays"><a:double>0</a:double><a:double>0</a:double><a:double>0</a:double></Value></Attribute></Attributes><ChildElements/><ElementName>origin</ElementName><required>false</required><RPYAttribute z:Ref="i86"/><XYZAttribute z:Ref="i85"/><isCustomized>false</isCustomized></URDFElement><URDFElement z:Id="i87" i:type="Geometry"><Attributes/><ChildElements><URDFElement z:Id="i88" i:type="Mesh"><Attributes><Attribute z:Id="i89"><AttributeType>filename</AttributeType><IsRequired>true</IsRequired><Value i:nil="true"/></Attribute></Attributes><ChildElements/><ElementName>mesh</ElementName><required>false</required><FilenameAttribute z:Ref="i89"/></URDFElement></ChildElements><ElementName>geometry</ElementName><required>true</required><Mesh z:Ref="i88"/></URDFElement><URDFElement z:Id="i90" i:type="Material"><Attributes><Attribute z:Id="i91"><AttributeType>name</AttributeType><IsRequired>true</IsRequired><Value i:type="a:string" xmlns:a="http://www.w3.org/2001/XMLSchema"/></Attribute></Attributes><ChildElements><URDFElement z:Id="i92" i:type="Color"><Attributes><Attribute z:Id="i93"><AttributeType>rgba</AttributeType><IsRequired>true</IsRequired><Value i:type="a:ArrayOfdouble" xmlns:a="http://schemas.microsoft.com/2003/10/Serialization/Arrays"><a:double>1</a:double><a:double>1</a:double><a:double>1</a:double><a:double>1</a:double></Value></Attribute></Attributes><ChildElements/><ElementName>color</ElementName><required>false</required><RGBAAttribute z:Ref="i93"/></URDFElement><URDFElement z:Id="i94" i:type="Texture"><Attributes><Attribute z:Id="i95"><AttributeType>filename</AttributeType><IsRequired>true</IsRequired><Value i:nil="true"/></Attribute></Attributes><ChildElements/><ElementName>texture</ElementName><required>false</required><FilenameAttribute z:Ref="i95"/><wFilename/></URDFElement></ChildElements><ElementName>material</ElementName><required>false</required><Color z:Ref="i92"/><NameAttribute z:Ref="i91"/><Texture z:Ref="i94"/></URDFElement></ChildElements><ElementName>visual</ElementName><required>false</required><Geometry z:Ref="i87"/><Material z:Ref="i90"/><Origin z:Ref="i84"/></URDFElement><URDFElement z:Id="i96" i:type="Collision"><Attributes/><ChildElements><URDFElement z:Id="i97" i:type="Origin"><Attributes><Attribute z:Id="i98"><AttributeType>xyz</AttributeType><IsRequired>true</IsRequired><Value i:type="a:ArrayOfdouble" xmlns:a="http://schemas.microsoft.com/2003/10/Serialization/Arrays"><a:double>0</a:double><a:double>0</a:double><a:double>0</a:double></Value></Attribute><Attribute z:Id="i99"><AttributeType>rpy</AttributeType><IsRequired>true</IsRequired><Value i:type="a:ArrayOfdouble" xmlns:a="http://schemas.microsoft.com/2003/10/Serialization/Arrays"><a:double>0</a:double><a:double>0</a:double><a:double>0</a:double></Value></Attribute></Attributes><ChildElements/><ElementName>origin</ElementName><required>false</required><RPYAttribute z:Ref="i99"/><XYZAttribute z:Ref="i98"/><isCustomized>false</isCustomized></URDFElement><URDFElement z:Id="i100" i:type="Geometry"><Attributes/><ChildElements><URDFElement z:Id="i101" i:type="Mesh"><Attributes><Attribute z:Id="i102"><AttributeType>filename</AttributeType><IsRequired>true</IsRequired><Value i:nil="true"/></Attribute></Attributes><ChildElements/><ElementName>mesh</ElementName><required>false</required><FilenameAttribute z:Ref="i102"/></URDFElement></ChildElements><ElementName>geometry</ElementName><required>true</required><Mesh z:Ref="i101"/></URDFElement></ChildElements><ElementName>collision</ElementName><required>false</required><Geometry z:Ref="i100"/><Origin z:Ref="i97"/></URDFElement><URDFElement z:Id="i103" i:type="Joint"><Attributes><Attribute z:Id="i104"><AttributeType>name</AttributeType><IsRequired>true</IsRequired><Value i:type="a:string" xmlns:a="http://www.w3.org/2001/XMLSchema">joint1_turuster1</Value></Attribute><Attribute z:Id="i105"><AttributeType>type</AttributeType><IsRequired>true</IsRequired><Value i:type="a:string" xmlns:a="http://www.w3.org/2001/XMLSchema">fixed</Value></Attribute></Attributes><ChildElements><URDFElement z:Id="i106" i:type="Origin"><Attributes><Attribute z:Id="i107"><AttributeType>xyz</AttributeType><IsRequired>true</IsRequired><Value i:type="a:ArrayOfdouble" xmlns:a="http://schemas.microsoft.com/2003/10/Serialization/Arrays"><a:double>0</a:double><a:double>0</a:double><a:double>0</a:double></Value></Attribute><Attribute z:Id="i108"><AttributeType>rpy</AttributeType><IsRequired>true</IsRequired><Value i:type="a:ArrayOfdouble" xmlns:a="http://schemas.microsoft.com/2003/10/Serialization/Arrays"><a:double>0</a:double><a:double>0</a:double><a:double>0</a:double></Value></Attribute></Attributes><ChildElements/><ElementName>origin</ElementName><required>false</required><RPYAttribute z:Ref="i108"/><XYZAttribute z:Ref="i107"/><isCustomized>false</isCustomized></URDFElement><URDFElement z:Id="i109" i:type="ParentLink"><Attributes><Attribute z:Id="i110"><AttributeType>link</AttributeType><IsRequired>true</IsRequired><Value i:type="a:string" xmlns:a="http://www.w3.org/2001/XMLSchema"/></Attribute></Attributes><ChildElements/><ElementName>parent</ElementName><required>true</required><NameAttribute z:Ref="i110"/></URDFElement><URDFElement z:Id="i111" i:type="ChildLink"><Attributes><Attribute z:Id="i112"><AttributeType>link</AttributeType><IsRequired>true</IsRequired><Value i:type="a:string" xmlns:a="http://www.w3.org/2001/XMLSchema"/></Attribute></Attributes><ChildElements/><ElementName>child</ElementName><required>true</required><NameAttribute z:Ref="i112"/></URDFElement><URDFElement z:Id="i113" i:type="Axis"><Attributes><Attribute z:Id="i114"><AttributeType>xyz</AttributeType><IsRequired>true</IsRequired><Value i:type="a:ArrayOfdouble" xmlns:a="http://schemas.microsoft.com/2003/10/Serialization/Arrays"><a:double>0</a:double><a:double>0</a:double><a:double>0</a:double></Value></Attribute></Attributes><ChildElements/><ElementName>axis</ElementName><required>false</required><XYZAttribute z:Ref="i114"/></URDFElement><URDFElement z:Id="i115" i:type="Limit"><Attributes><Attribute z:Id="i116"><AttributeType>lower</AttributeType><IsRequired>false</IsRequired><Value i:nil="true"/></Attribute><Attribute z:Id="i117"><AttributeType>upper</AttributeType><IsRequired>false</IsRequired><Value i:nil="true"/></Attribute><Attribute z:Id="i118"><AttributeType>effort</AttributeType><IsRequired>true</IsRequired><Value i:nil="true"/></Attribute><Attribute z:Id="i119"><AttributeType>velocity</AttributeType><IsRequired>true</IsRequired><Value i:nil="true"/></Attribute></Attributes><ChildElements/><ElementName>limit</ElementName><required>false</required><EffortAttribute z:Ref="i118"/><LowerAttribute z:Ref="i116"/><UpperAttribute z:Ref="i117"/><VelocityAttribute z:Ref="i119"/></URDFElement><URDFElement z:Id="i120" i:type="Calibration"><Attributes><Attribute z:Id="i121"><AttributeType>rising</AttributeType><IsRequired>false</IsRequired><Value i:nil="true"/></Attribute><Attribute z:Id="i122"><AttributeType>falling</AttributeType><IsRequired>false</IsRequired><Value i:nil="true"/></Attribute></Attributes><ChildElements/><ElementName>calibration</ElementName><required>false</required><FallingAttribute z:Ref="i122"/><RisingAttribute z:Ref="i121"/></URDFElement><URDFElement z:Id="i123" i:type="Dynamics"><Attributes><Attribute z:Id="i124"><AttributeType>damping</AttributeType><IsRequired>false</IsRequired><Value i:nil="true"/></Attribute><Attribute z:Id="i125"><AttributeType>friction</AttributeType><IsRequired>false</IsRequired><Value i:nil="true"/></Attribute></Attributes><ChildElements/><ElementName>dynamics</ElementName><required>false</required><DampingAttribute z:Ref="i124"/><FrictionAttribute z:Ref="i125"/></URDFElement><URDFElement z:Id="i126" i:type="SafetyController"><Attributes><Attribute z:Id="i127"><AttributeType>soft_upper_limit</AttributeType><IsRequired>false</IsRequired><Value i:nil="true"/></Attribute><Attribute z:Id="i128"><AttributeType>soft_lower_limit</AttributeType><IsRequired>false</IsRequired><Value i:nil="true"/></Attribute><Attribute z:Id="i129"><AttributeType>k_position</AttributeType><IsRequired>false</IsRequired><Value i:nil="true"/></Attribute><Attribute z:Id="i130"><AttributeType>k_velocity</AttributeType><IsRequired>true</IsRequired><Value i:nil="true"/></Attribute></Attributes><ChildElements/><ElementName>safety_controller</ElementName><required>false</required><KPositionAttribute z:Ref="i129"/><KVelocityAttribute z:Ref="i130"/><SoftLowerAttribute z:Ref="i128"/><SoftUpperAttribute z:Ref="i127"/></URDFElement><URDFElement z:Id="i131" i:type="Mimic"><Attributes><Attribute z:Id="i132"><AttributeType>joint</AttributeType><IsRequired>true</IsRequired><Value i:nil="true"/></Attribute><Attribute z:Id="i133"><AttributeType>multiplier</AttributeType><IsRequired>false</IsRequired><Value i:nil="true"/></Attribute><Attribute z:Id="i134"><AttributeType>offset</AttributeType><IsRequired>false</IsRequired><Value i:nil="true"/></Attribute></Attributes><ChildElements/><ElementName>mimic</ElementName><required>false</required><JointNameAttribute z:Ref="i132"/><MultiplierAttribute z:Ref="i133"/><OffsetAttribute z:Ref="i134"/></URDFElement></ChildElements><ElementName>joint</ElementName><required>false</required><Axis z:Ref="i113"/><AxisName>?????????1</AxisName><Calibration z:Ref="i120"/><Child z:Ref="i111"/><CoordinateSystemName>Automatically Generate</CoordinateSystemName><Dynamics z:Ref="i123"/><Limit z:Ref="i115"/><Mimic z:Ref="i131"/><NameAttribute z:Ref="i104"/><Origin z:Ref="i106"/><Parent z:Ref="i109"/><Safety z:Ref="i126"/><TypeAttribute z:Ref="i105"/></URDFElement></ChildElements><ElementName>link</ElementName><required>true</required><Children/><Collision z:Ref="i96"/><Inertial z:Ref="i70"/><Joint z:Ref="i103"/><NameAttribute z:Ref="i69"/><Parent z:Ref="i1"/><STLQualityFine>false</STLQualityFine><SWComponentPIDs xmlns:a="http://schemas.microsoft.com/2003/10/Serialization/Arrays"><a:base64Binary>OEoAAAUAAAD//v9oUAA3ADUAXwBfAF8AXwBfAF8ALgAuAF8AXwBfAF8AKAAxACkALQAxAC0AMQBAANtWuWViXzmCxYhNkf5WLwBQADcANQBfAFgAMgBfADYAMwBhADgAOABmAGQAYgA1ADYANgA4ADYAYwBhADEANwBmADUAMQA3AGYANgA5ADQAZQAwADkANwBlAGYANAA1ADYAZgBlAF8AWAAwAF8AXwAxADMALQAxAEAAUAA3ADUAXwBfAF8AXwBfAF8ALgAuAF8AXwBfAF8AKAAxACkALQAxAAQAAAAQAAAAAQAAAAIAAAAgAAAALwAAAA==</a:base64Binary><a:base64Binary>OEoAAAUAAAD//v9oUAA3ADUAXwBfAF8AXwBfAF8ALgAuAF8AXwBfAF8AKAAxACkALQAxAC0AMQBAANtWuWViXzmCxYhNkf5WLwBQADcANQBfAFgAMgBfADYAMwBhADgAOABmAGQAYgA1ADYANgA4ADYAYwBhADEANwBmADUAMQA3AGYANgA5ADQAZQAwADkANwBlAGYANAA1ADYAZgBlAF8AWAAwAF8AXwAxADQALQAxAEAAUAA3ADUAXwBfAF8AXwBfAF8ALgAuAF8AXwBfAF8AKAAxACkALQAxAAQAAAAQAAAAAQAAAAIAAAAgAAAALAAAAA==</a:base64Binary><a:base64Binary>OEoAAAUAAAD//v9nUAA3ADUAXwBfAF8AXwBfAF8ALgAuAF8AXwBfAF8AKAAxACkALQAxAC0AMQBAANtWuWViXzmCxYhNkf5WLwBQADcANQBfAFgAMgBfADYAMwBhADgAOABmAGQAYgA1ADYANgA4ADYAYwBhADEANwBmADUAMQA3AGYANgA5ADQAZQAwADkANwBlAGYANAA1ADYAZgBlAF8AWAAwAF8AXwA2AC0AMQBAAFAANwA1AF8AXwBfAF8AXwBfAC4ALgBfAF8AXwBfACgAMQApAC0AMQAEAAAAEAAAAAEAAAACAAAAIAAAABoAAAA=</a:base64Binary><a:base64Binary>OEoAAAUAAAD//v9oUAA3ADUAXwBfAF8AXwBfAF8ALgAuAF8AXwBfAF8AKAAxACkALQAxAC0AMQBAANtWuWViXzmCxYhNkf5WLwBQADcANQBfAFgAMgBfADYAMwBhADgAOABmAGQAYgA1ADYANgA4ADYAYwBhADEANwBmADUAMQA3AGYANgA5ADQAZQAwADkANwBlAGYANAA1ADYAZgBlAF8AWAAwAF8AXwAxADEALQAxAEAAUAA3ADUAXwBfAF8AXwBfAF8ALgAuAF8AXwBfAF8AKAAxACkALQAxAAQAAAAQAAAAAQAAAAIAAAAgAAAALQAAAA==</a:base64Binary></SWComponentPIDs><SWMainComponentPID i:nil="true"/><Visual z:Ref="i83"/><isFixedFrame>false</isFixedFrame><isIncomplete>false</isIncomplete></Link><Link z:Id="i135"><Attributes><Attribute z:Id="i136"><AttributeType>name</AttributeType><IsRequired>true</IsRequired><Value i:type="a:string" xmlns:a="http://www.w3.org/2001/XMLSchema">thruster2_Link</Value></Attribute></Attributes><ChildElements><URDFElement z:Id="i137" i:type="Inertial"><Attributes/><ChildElements><URDFElement z:Id="i138" i:type="Origin"><Attributes><Attribute z:Id="i139"><AttributeType>xyz</AttributeType><IsRequired>true</IsRequired><Value i:type="a:ArrayOfdouble" xmlns:a="http://schemas.microsoft.com/2003/10/Serialization/Arrays"><a:double>0</a:double><a:double>0</a:double><a:double>0</a:double></Value></Attribute><Attribute z:Id="i140"><AttributeType>rpy</AttributeType><IsRequired>true</IsRequired><Value i:type="a:ArrayOfdouble" xmlns:a="http://schemas.microsoft.com/2003/10/Serialization/Arrays"><a:double>0</a:double><a:double>0</a:double><a:double>0</a:double></Value></Attribute></Attributes><ChildElements/><ElementName>origin</ElementName><required>false</required><RPYAttribute z:Ref="i140"/><XYZAttribute z:Ref="i139"/><isCustomized>false</isCustomized></URDFElement><URDFElement z:Id="i141" i:type="Mass"><Attributes><Attribute z:Id="i142"><AttributeType>value</AttributeType><IsRequired>true</IsRequired><Value i:type="a:double" xmlns:a="http://www.w3.org/2001/XMLSchema">0</Value></Attribute></Attributes><ChildElements/><ElementName>mass</ElementName><required>false</required><ValueAttribute z:Ref="i142"/></URDFElement><URDFElement z:Id="i143" i:type="Inertia"><Attributes><Attribute z:Id="i144"><AttributeType>ixx</AttributeType><IsRequired>true</IsRequired><Value i:type="a:double" xmlns:a="http://www.w3.org/2001/XMLSchema">0</Value></Attribute><Attribute z:Id="i145"><AttributeType>ixy</AttributeType><IsRequired>true</IsRequired><Value i:type="a:double" xmlns:a="http://www.w3.org/2001/XMLSchema">0</Value></Attribute><Attribute z:Id="i146"><AttributeType>ixz</AttributeType><IsRequired>true</IsRequired><Value i:type="a:double" xmlns:a="http://www.w3.org/2001/XMLSchema">0</Value></Attribute><Attribute z:Id="i147"><AttributeType>iyy</AttributeType><IsRequired>true</IsRequired><Value i:type="a:double" xmlns:a="http://www.w3.org/2001/XMLSchema">0</Value></Attribute><Attribute z:Id="i148"><AttributeType>iyz</AttributeType><IsRequired>true</IsRequired><Value i:type="a:double" xmlns:a="http://www.w3.org/2001/XMLSchema">0</Value></Attribute><Attribute z:Id="i149"><AttributeType>izz</AttributeType><IsRequired>true</IsRequired><Value i:type="a:double" xmlns:a="http://www.w3.org/2001/XMLSchema">0</Value></Attribute></Attributes><ChildElements/><ElementName>inertia</ElementName><required>false</required><IxxAttribute z:Ref="i144"/><IxyAttribute z:Ref="i145"/><IxzAttribute z:Ref="i146"/><IyyAttribute z:Ref="i147"/><IyzAttribute z:Ref="i148"/><IzzAttribute z:Ref="i149"/></URDFElement></ChildElements><ElementName>inertial</ElementName><required>false</required><Inertia z:Ref="i143"/><Mass z:Ref="i141"/><Origin z:Ref="i138"/></URDFElement><URDFElement z:Id="i150" i:type="Visual"><Attributes/><ChildElements><URDFElement z:Id="i151" i:type="Origin"><Attributes><Attribute z:Id="i152"><AttributeType>xyz</AttributeType><IsRequired>true</IsRequired><Value i:type="a:ArrayOfdouble" xmlns:a="http://schemas.microsoft.com/2003/10/Serialization/Arrays"><a:double>0</a:double><a:double>0</a:double><a:double>0</a:double></Value></Attribute><Attribute z:Id="i153"><AttributeType>rpy</AttributeType><IsRequired>true</IsRequired><Value i:type="a:ArrayOfdouble" xmlns:a="http://schemas.microsoft.com/2003/10/Serialization/Arrays"><a:double>0</a:double><a:double>0</a:double><a:double>0</a:double></Value></Attribute></Attributes><ChildElements/><ElementName>origin</ElementName><required>false</required><RPYAttribute z:Ref="i153"/><XYZAttribute z:Ref="i152"/><isCustomized>false</isCustomized></URDFElement><URDFElement z:Id="i154" i:type="Geometry"><Attributes/><ChildElements><URDFElement z:Id="i155" i:type="Mesh"><Attributes><Attribute z:Id="i156"><AttributeType>filename</AttributeType><IsRequired>true</IsRequired><Value i:nil="true"/></Attribute></Attributes><ChildElements/><ElementName>mesh</ElementName><required>false</required><FilenameAttribute z:Ref="i156"/></URDFElement></ChildElements><ElementName>geometry</ElementName><required>true</required><Mesh z:Ref="i155"/></URDFElement><URDFElement z:Id="i157" i:type="Material"><Attributes><Attribute z:Id="i158"><AttributeType>name</AttributeType><IsRequired>true</IsRequired><Value i:type="a:string" xmlns:a="http://www.w3.org/2001/XMLSchema"/></Attribute></Attributes><ChildElements><URDFElement z:Id="i159" i:type="Color"><Attributes><Attribute z:Id="i160"><AttributeType>rgba</AttributeType><IsRequired>true</IsRequired><Value i:type="a:ArrayOfdouble" xmlns:a="http://schemas.microsoft.com/2003/10/Serialization/Arrays"><a:double>1</a:double><a:double>1</a:double><a:double>1</a:double><a:double>1</a:double></Value></Attribute></Attributes><ChildElements/><ElementName>color</ElementName><required>false</required><RGBAAttribute z:Ref="i160"/></URDFElement><URDFElement z:Id="i161" i:type="Texture"><Attributes><Attribute z:Id="i162"><AttributeType>filename</AttributeType><IsRequired>true</IsRequired><Value i:nil="true"/></Attribute></Attributes><ChildElements/><ElementName>texture</ElementName><required>false</required><FilenameAttribute z:Ref="i162"/><wFilename/></URDFElement></ChildElements><ElementName>material</ElementName><required>false</required><Color z:Ref="i159"/><NameAttribute z:Ref="i158"/><Texture z:Ref="i161"/></URDFElement></ChildElements><ElementName>visual</ElementName><required>false</required><Geometry z:Ref="i154"/><Material z:Ref="i157"/><Origin z:Ref="i151"/></URDFElement><URDFElement z:Id="i163" i:type="Collision"><Attributes/><ChildElements><URDFElement z:Id="i164" i:type="Origin"><Attributes><Attribute z:Id="i165"><AttributeType>xyz</AttributeType><IsRequired>true</IsRequired><Value i:type="a:ArrayOfdouble" xmlns:a="http://schemas.microsoft.com/2003/10/Serialization/Arrays"><a:double>0</a:double><a:double>0</a:double><a:double>0</a:double></Value></Attribute><Attribute z:Id="i166"><AttributeType>rpy</AttributeType><IsRequired>true</IsRequired><Value i:type="a:ArrayOfdouble" xmlns:a="http://schemas.microsoft.com/2003/10/Serialization/Arrays"><a:double>0</a:double><a:double>0</a:double><a:double>0</a:double></Value></Attribute></Attributes><ChildElements/><ElementName>origin</ElementName><required>false</required><RPYAttribute z:Ref="i166"/><XYZAttribute z:Ref="i165"/><isCustomized>false</isCustomized></URDFElement><URDFElement z:Id="i167" i:type="Geometry"><Attributes/><ChildElements><URDFElement z:Id="i168" i:type="Mesh"><Attributes><Attribute z:Id="i169"><AttributeType>filename</AttributeType><IsRequired>true</IsRequired><Value i:nil="true"/></Attribute></Attributes><ChildElements/><ElementName>mesh</ElementName><required>false</required><FilenameAttribute z:Ref="i169"/></URDFElement></ChildElements><ElementName>geometry</ElementName><required>true</required><Mesh z:Ref="i168"/></URDFElement></ChildElements><ElementName>collision</ElementName><required>false</required><Geometry z:Ref="i167"/><Origin z:Ref="i164"/></URDFElement><URDFElement z:Id="i170" i:type="Joint"><Attributes><Attribute z:Id="i171"><AttributeType>name</AttributeType><IsRequired>true</IsRequired><Value i:type="a:string" xmlns:a="http://www.w3.org/2001/XMLSchema">joint2_thruster2</Value></Attribute><Attribute z:Id="i172"><AttributeType>type</AttributeType><IsRequired>true</IsRequired><Value i:type="a:string" xmlns:a="http://www.w3.org/2001/XMLSchema">fixed</Value></Attribute></Attributes><ChildElements><URDFElement z:Id="i173" i:type="Origin"><Attributes><Attribute z:Id="i174"><AttributeType>xyz</AttributeType><IsRequired>true</IsRequired><Value i:type="a:ArrayOfdouble" xmlns:a="http://schemas.microsoft.com/2003/10/Serialization/Arrays"><a:double>0</a:double><a:double>0</a:double><a:double>0</a:double></Value></Attribute><Attribute z:Id="i175"><AttributeType>rpy</AttributeType><IsRequired>true</IsRequired><Value i:type="a:ArrayOfdouble" xmlns:a="http://schemas.microsoft.com/2003/10/Serialization/Arrays"><a:double>0</a:double><a:double>0</a:double><a:double>0</a:double></Value></Attribute></Attributes><ChildElements/><ElementName>origin</ElementName><required>false</required><RPYAttribute z:Ref="i175"/><XYZAttribute z:Ref="i174"/><isCustomized>false</isCustomized></URDFElement><URDFElement z:Id="i176" i:type="ParentLink"><Attributes><Attribute z:Id="i177"><AttributeType>link</AttributeType><IsRequired>true</IsRequired><Value i:type="a:string" xmlns:a="http://www.w3.org/2001/XMLSchema"/></Attribute></Attributes><ChildElements/><ElementName>parent</ElementName><required>true</required><NameAttribute z:Ref="i177"/></URDFElement><URDFElement z:Id="i178" i:type="ChildLink"><Attributes><Attribute z:Id="i179"><AttributeType>link</AttributeType><IsRequired>true</IsRequired><Value i:type="a:string" xmlns:a="http://www.w3.org/2001/XMLSchema"/></Attribute></Attributes><ChildElements/><ElementName>child</ElementName><required>true</required><NameAttribute z:Ref="i179"/></URDFElement><URDFElement z:Id="i180" i:type="Axis"><Attributes><Attribute z:Id="i181"><AttributeType>xyz</AttributeType><IsRequired>true</IsRequired><Value i:type="a:ArrayOfdouble" xmlns:a="http://schemas.microsoft.com/2003/10/Serialization/Arrays"><a:double>0</a:double><a:double>0</a:double><a:double>0</a:double></Value></Attribute></Attributes><ChildElements/><ElementName>axis</ElementName><required>false</required><XYZAttribute z:Ref="i181"/></URDFElement><URDFElement z:Id="i182" i:type="Limit"><Attributes><Attribute z:Id="i183"><AttributeType>lower</AttributeType><IsRequired>false</IsRequired><Value i:nil="true"/></Attribute><Attribute z:Id="i184"><AttributeType>upper</AttributeType><IsRequired>false</IsRequired><Value i:nil="true"/></Attribute><Attribute z:Id="i185"><AttributeType>effort</AttributeType><IsRequired>true</IsRequired><Value i:nil="true"/></Attribute><Attribute z:Id="i186"><AttributeType>velocity</AttributeType><IsRequired>true</IsRequired><Value i:nil="true"/></Attribute></Attributes><ChildElements/><ElementName>limit</ElementName><required>false</required><EffortAttribute z:Ref="i185"/><LowerAttribute z:Ref="i183"/><UpperAttribute z:Ref="i184"/><VelocityAttribute z:Ref="i186"/></URDFElement><URDFElement z:Id="i187" i:type="Calibration"><Attributes><Attribute z:Id="i188"><AttributeType>rising</AttributeType><IsRequired>false</IsRequired><Value i:nil="true"/></Attribute><Attribute z:Id="i189"><AttributeType>falling</AttributeType><IsRequired>false</IsRequired><Value i:nil="true"/></Attribute></Attributes><ChildElements/><ElementName>calibration</ElementName><required>false</required><FallingAttribute z:Ref="i189"/><RisingAttribute z:Ref="i188"/></URDFElement><URDFElement z:Id="i190" i:type="Dynamics"><Attributes><Attribute z:Id="i191"><AttributeType>damping</AttributeType><IsRequired>false</IsRequired><Value i:nil="true"/></Attribute><Attribute z:Id="i192"><AttributeType>friction</AttributeType><IsRequired>false</IsRequired><Value i:nil="true"/></Attribute></Attributes><ChildElements/><ElementName>dynamics</ElementName><required>false</required><DampingAttribute z:Ref="i191"/><FrictionAttribute z:Ref="i192"/></URDFElement><URDFElement z:Id="i193" i:type="SafetyController"><Attributes><Attribute z:Id="i194"><AttributeType>soft_upper_limit</AttributeType><IsRequired>false</IsRequired><Value i:nil="true"/></Attribute><Attribute z:Id="i195"><AttributeType>soft_lower_limit</AttributeType><IsRequired>false</IsRequired><Value i:nil="true"/></Attribute><Attribute z:Id="i196"><AttributeType>k_position</AttributeType><IsRequired>false</IsRequired><Value i:nil="true"/></Attribute><Attribute z:Id="i197"><AttributeType>k_velocity</AttributeType><IsRequired>true</IsRequired><Value i:nil="true"/></Attribute></Attributes><ChildElements/><ElementName>safety_controller</ElementName><required>false</required><KPositionAttribute z:Ref="i196"/><KVelocityAttribute z:Ref="i197"/><SoftLowerAttribute z:Ref="i195"/><SoftUpperAttribute z:Ref="i194"/></URDFElement><URDFElement z:Id="i198" i:type="Mimic"><Attributes><Attribute z:Id="i199"><AttributeType>joint</AttributeType><IsRequired>true</IsRequired><Value i:nil="true"/></Attribute><Attribute z:Id="i200"><AttributeType>multiplier</AttributeType><IsRequired>false</IsRequired><Value i:nil="true"/></Attribute><Attribute z:Id="i201"><AttributeType>offset</AttributeType><IsRequired>false</IsRequired><Value i:nil="true"/></Attribute></Attributes><ChildElements/><ElementName>mimic</ElementName><required>false</required><JointNameAttribute z:Ref="i199"/><MultiplierAttribute z:Ref="i200"/><OffsetAttribute z:Ref="i201"/></URDFElement></ChildElements><ElementName>joint</ElementName><required>false</required><Axis z:Ref="i180"/><AxisName>?????????1</AxisName><Calibration z:Ref="i187"/><Child z:Ref="i178"/><CoordinateSystemName>Automatically Generate</CoordinateSystemName><Dynamics z:Ref="i190"/><Limit z:Ref="i182"/><Mimic z:Ref="i198"/><NameAttribute z:Ref="i171"/><Origin z:Ref="i173"/><Parent z:Ref="i176"/><Safety z:Ref="i193"/><TypeAttribute z:Ref="i172"/></URDFElement></ChildElements><ElementName>link</ElementName><required>true</required><Children/><Collision z:Ref="i163"/><Inertial z:Ref="i137"/><Joint z:Ref="i170"/><NameAttribute z:Ref="i136"/><Parent z:Ref="i1"/><STLQualityFine>false</STLQualityFine><SWComponentPIDs xmlns:a="http://schemas.microsoft.com/2003/10/Serialization/Arrays"><a:base64Binary>OEoAAAUAAAD//v9oUAA3ADUAXwBfAF8AXwBfAF8ALgAuAF8AXwBfAF8AKAAxACkALQAzAC0AMQBAANtWuWViXzmCxYhNkf5WLwBQADcANQBfAFgAMgBfADYAMwBhADgAOABmAGQAYgA1ADYANgA4ADYAYwBhADEANwBmADUAMQA3AGYANgA5ADQAZQAwADkANwBlAGYANAA1ADYAZgBlAF8AWAAwAF8AXwAxADMALQAxAEAAUAA3ADUAXwBfAF8AXwBfAF8ALgAuAF8AXwBfAF8AKAAxACkALQAzAAQAAAAQAAAAAQAAAAIAAAAiAAAALwAAAA==</a:base64Binary><a:base64Binary>OEoAAAUAAAD//v9oUAA3ADUAXwBfAF8AXwBfAF8ALgAuAF8AXwBfAF8AKAAxACkALQAzAC0AMQBAANtWuWViXzmCxYhNkf5WLwBQADcANQBfAFgAMgBfADYAMwBhADgAOABmAGQAYgA1ADYANgA4ADYAYwBhADEANwBmADUAMQA3AGYANgA5ADQAZQAwADkANwBlAGYANAA1ADYAZgBlAF8AWAAwAF8AXwAxADQALQAxAEAAUAA3ADUAXwBfAF8AXwBfAF8ALgAuAF8AXwBfAF8AKAAxACkALQAzAAQAAAAQAAAAAQAAAAIAAAAiAAAALAAAAA==</a:base64Binary><a:base64Binary>OEoAAAUAAAD//v9oUAA3ADUAXwBfAF8AXwBfAF8ALgAuAF8AXwBfAF8AKAAxACkALQAzAC0AMQBAANtWuWViXzmCxYhNkf5WLwBQADcANQBfAFgAMgBfADYAMwBhADgAOABmAGQAYgA1ADYANgA4ADYAYwBhADEANwBmADUAMQA3AGYANgA5ADQAZQAwADkANwBlAGYANAA1ADYAZgBlAF8AWAAwAF8AXwAxADgALQAxAEAAUAA3ADUAXwBfAF8AXwBfAF8ALgAuAF8AXwBfAF8AKAAxACkALQAzAAQAAAAQAAAAAQAAAAIAAAAiAAAAGQAAAA==</a:base64Binary><a:base64Binary>OEoAAAUAAAD//v9nUAA3ADUAXwBfAF8AXwBfAF8ALgAuAF8AXwBfAF8AKAAxACkALQAzAC0AMQBAANtWuWViXzmCxYhNkf5WLwBQADcANQBfAFgAMgBfADYAMwBhADgAOABmAGQAYgA1ADYANgA4ADYAYwBhADEANwBmADUAMQA3AGYANgA5ADQAZQAwADkANwBlAGYANAA1ADYAZgBlAF8AWAAwAF8AXwA2AC0AMQBAAFAANwA1AF8AXwBfAF8AXwBfAC4ALgBfAF8AXwBfACgAMQApAC0AMwAEAAAAEAAAAAEAAAACAAAAIgAAABoAAAA=</a:base64Binary><a:base64Binary>OEoAAAUAAAD//v9nUAA3ADUAXwBfAF8AXwBfAF8ALgAuAF8AXwBfAF8AKAAxACkALQAzAC0AMQBAANtWuWViXzmCxYhNkf5WLwBQADcANQBfAFgAMgBfADYAMwBhADgAOABmAGQAYgA1ADYANgA4ADYAYwBhADEANwBmADUAMQA3AGYANgA5ADQAZQAwADkANwBlAGYANAA1ADYAZgBlAF8AWAAwAF8AXwAyAC0AMQBAAFAANwA1AF8AXwBfAF8AXwBfAC4ALgBfAF8AXwBfACgAMQApAC0AMwAEAAAAEAAAAAEAAAACAAAAIgAAAC4AAAA=</a:base64Binary><a:base64Binary>OEoAAAUAAAD//v9oUAA3ADUAXwBfAF8AXwBfAF8ALgAuAF8AXwBfAF8AKAAxACkALQAzAC0AMQBAANtWuWViXzmCxYhNkf5WLwBQADcANQBfAFgAMgBfADYAMwBhADgAOABmAGQAYgA1ADYANgA4ADYAYwBhADEANwBmADUAMQA3AGYANgA5ADQAZQAwADkANwBlAGYANAA1ADYAZgBlAF8AWAAwAF8AXwAxADkALQAxAEAAUAA3ADUAXwBfAF8AXwBfAF8ALgAuAF8AXwBfAF8AKAAxACkALQAzAAQAAAAQAAAAAQAAAAIAAAAiAAAAGwAAAA==</a:base64Binary><a:base64Binary>OEoAAAUAAAD//v9lUAA3ADUAXwBfAF8AXwBfAF8ALgAuAF8AXwBfAF8AKAAxACkALQAzAC0AMQBAANtWuWViXzmCxYhNkf5WLwBQADcANQBfAFgAMgBfADYAMwBhADgAOABmAGQAYgA1ADYANgA4ADYAYwBhADEANwBmADUAMQA3AGYANgA5ADQAZQAwADkANwBlAGYANAA1ADYAZgBlAF8AWAAwAF8ALQAxAEAAUAA3ADUAXwBfAF8AXwBfAF8ALgAuAF8AXwBfAF8AKAAxACkALQAzAAQAAAAQAAAAAQAAAAIAAAAiAAAAHQAAAA==</a:base64Binary><a:base64Binary>OEoAAAUAAAD//v9oUAA3ADUAXwBfAF8AXwBfAF8ALgAuAF8AXwBfAF8AKAAxACkALQAzAC0AMQBAANtWuWViXzmCxYhNkf5WLwBQADcANQBfAFgAMgBfADYAMwBhADgAOABmAGQAYgA1ADYANgA4ADYAYwBhADEANwBmADUAMQA3AGYANgA5ADQAZQAwADkANwBlAGYANAA1ADYAZgBlAF8AWAAwAF8AXwAxADEALQAxAEAAUAA3ADUAXwBfAF8AXwBfAF8ALgAuAF8AXwBfAF8AKAAxACkALQAzAAQAAAAQAAAAAQAAAAIAAAAiAAAALQAAAA==</a:base64Binary></SWComponentPIDs><SWMainComponentPID i:nil="true"/><Visual z:Ref="i150"/><isFixedFrame>false</isFixedFrame><isIncomplete>false</isIncomplete></Link><Link z:Id="i202"><Attributes><Attribute z:Id="i203"><AttributeType>name</AttributeType><IsRequired>true</IsRequired><Value i:type="a:string" xmlns:a="http://www.w3.org/2001/XMLSchema">thruster3_Link</Value></Attribute></Attributes><ChildElements><URDFElement z:Id="i204" i:type="Inertial"><Attributes/><ChildElements><URDFElement z:Id="i205" i:type="Origin"><Attributes><Attribute z:Id="i206"><AttributeType>xyz</AttributeType><IsRequired>true</IsRequired><Value i:type="a:ArrayOfdouble" xmlns:a="http://schemas.microsoft.com/2003/10/Serialization/Arrays"><a:double>0</a:double><a:double>0</a:double><a:double>0</a:double></Value></Attribute><Attribute z:Id="i207"><AttributeType>rpy</AttributeType><IsRequired>true</IsRequired><Value i:type="a:ArrayOfdouble" xmlns:a="http://schemas.microsoft.com/2003/10/Serialization/Arrays"><a:double>0</a:double><a:double>0</a:double><a:double>0</a:double></Value></Attribute></Attributes><ChildElements/><ElementName>origin</ElementName><required>false</required><RPYAttribute z:Ref="i207"/><XYZAttribute z:Ref="i206"/><isCustomized>false</isCustomized></URDFElement><URDFElement z:Id="i208" i:type="Mass"><Attributes><Attribute z:Id="i209"><AttributeType>value</AttributeType><IsRequired>true</IsRequired><Value i:type="a:double" xmlns:a="http://www.w3.org/2001/XMLSchema">0</Value></Attribute></Attributes><ChildElements/><ElementName>mass</ElementName><required>false</required><ValueAttribute z:Ref="i209"/></URDFElement><URDFElement z:Id="i210" i:type="Inertia"><Attributes><Attribute z:Id="i211"><AttributeType>ixx</AttributeType><IsRequired>true</IsRequired><Value i:type="a:double" xmlns:a="http://www.w3.org/2001/XMLSchema">0</Value></Attribute><Attribute z:Id="i212"><AttributeType>ixy</AttributeType><IsRequired>true</IsRequired><Value i:type="a:double" xmlns:a="http://www.w3.org/2001/XMLSchema">0</Value></Attribute><Attribute z:Id="i213"><AttributeType>ixz</AttributeType><IsRequired>true</IsRequired><Value i:type="a:double" xmlns:a="http://www.w3.org/2001/XMLSchema">0</Value></Attribute><Attribute z:Id="i214"><AttributeType>iyy</AttributeType><IsRequired>true</IsRequired><Value i:type="a:double" xmlns:a="http://www.w3.org/2001/XMLSchema">0</Value></Attribute><Attribute z:Id="i215"><AttributeType>iyz</AttributeType><IsRequired>true</IsRequired><Value i:type="a:double" xmlns:a="http://www.w3.org/2001/XMLSchema">0</Value></Attribute><Attribute z:Id="i216"><AttributeType>izz</AttributeType><IsRequired>true</IsRequired><Value i:type="a:double" xmlns:a="http://www.w3.org/2001/XMLSchema">0</Value></Attribute></Attributes><ChildElements/><ElementName>inertia</ElementName><required>false</required><IxxAttribute z:Ref="i211"/><IxyAttribute z:Ref="i212"/><IxzAttribute z:Ref="i213"/><IyyAttribute z:Ref="i214"/><IyzAttribute z:Ref="i215"/><IzzAttribute z:Ref="i216"/></URDFElement></ChildElements><ElementName>inertial</ElementName><required>false</required><Inertia z:Ref="i210"/><Mass z:Ref="i208"/><Origin z:Ref="i205"/></URDFElement><URDFElement z:Id="i217" i:type="Visual"><Attributes/><ChildElements><URDFElement z:Id="i218" i:type="Origin"><Attributes><Attribute z:Id="i219"><AttributeType>xyz</AttributeType><IsRequired>true</IsRequired><Value i:type="a:ArrayOfdouble" xmlns:a="http://schemas.microsoft.com/2003/10/Serialization/Arrays"><a:double>0</a:double><a:double>0</a:double><a:double>0</a:double></Value></Attribute><Attribute z:Id="i220"><AttributeType>rpy</AttributeType><IsRequired>true</IsRequired><Value i:type="a:ArrayOfdouble" xmlns:a="http://schemas.microsoft.com/2003/10/Serialization/Arrays"><a:double>0</a:double><a:double>0</a:double><a:double>0</a:double></Value></Attribute></Attributes><ChildElements/><ElementName>origin</ElementName><required>false</required><RPYAttribute z:Ref="i220"/><XYZAttribute z:Ref="i219"/><isCustomized>false</isCustomized></URDFElement><URDFElement z:Id="i221" i:type="Geometry"><Attributes/><ChildElements><URDFElement z:Id="i222" i:type="Mesh"><Attributes><Attribute z:Id="i223"><AttributeType>filename</AttributeType><IsRequired>true</IsRequired><Value i:nil="true"/></Attribute></Attributes><ChildElements/><ElementName>mesh</ElementName><required>false</required><FilenameAttribute z:Ref="i223"/></URDFElement></ChildElements><ElementName>geometry</ElementName><required>true</required><Mesh z:Ref="i222"/></URDFElement><URDFElement z:Id="i224" i:type="Material"><Attributes><Attribute z:Id="i225"><AttributeType>name</AttributeType><IsRequired>true</IsRequired><Value i:type="a:string" xmlns:a="http://www.w3.org/2001/XMLSchema"/></Attribute></Attributes><ChildElements><URDFElement z:Id="i226" i:type="Color"><Attributes><Attribute z:Id="i227"><AttributeType>rgba</AttributeType><IsRequired>true</IsRequired><Value i:type="a:ArrayOfdouble" xmlns:a="http://schemas.microsoft.com/2003/10/Serialization/Arrays"><a:double>1</a:double><a:double>1</a:double><a:double>1</a:double><a:double>1</a:double></Value></Attribute></Attributes><ChildElements/><ElementName>color</ElementName><required>false</required><RGBAAttribute z:Ref="i227"/></URDFElement><URDFElement z:Id="i228" i:type="Texture"><Attributes><Attribute z:Id="i229"><AttributeType>filename</AttributeType><IsRequired>true</IsRequired><Value i:nil="true"/></Attribute></Attributes><ChildElements/><ElementName>texture</ElementName><required>false</required><FilenameAttribute z:Ref="i229"/><wFilename/></URDFElement></ChildElements><ElementName>material</ElementName><required>false</required><Color z:Ref="i226"/><NameAttribute z:Ref="i225"/><Texture z:Ref="i228"/></URDFElement></ChildElements><ElementName>visual</ElementName><required>false</required><Geometry z:Ref="i221"/><Material z:Ref="i224"/><Origin z:Ref="i218"/></URDFElement><URDFElement z:Id="i230" i:type="Collision"><Attributes/><ChildElements><URDFElement z:Id="i231" i:type="Origin"><Attributes><Attribute z:Id="i232"><AttributeType>xyz</AttributeType><IsRequired>true</IsRequired><Value i:type="a:ArrayOfdouble" xmlns:a="http://schemas.microsoft.com/2003/10/Serialization/Arrays"><a:double>0</a:double><a:double>0</a:double><a:double>0</a:double></Value></Attribute><Attribute z:Id="i233"><AttributeType>rpy</AttributeType><IsRequired>true</IsRequired><Value i:type="a:ArrayOfdouble" xmlns:a="http://schemas.microsoft.com/2003/10/Serialization/Arrays"><a:double>0</a:double><a:double>0</a:double><a:double>0</a:double></Value></Attribute></Attributes><ChildElements/><ElementName>origin</ElementName><required>false</required><RPYAttribute z:Ref="i233"/><XYZAttribute z:Ref="i232"/><isCustomized>false</isCustomized></URDFElement><URDFElement z:Id="i234" i:type="Geometry"><Attributes/><ChildElements><URDFElement z:Id="i235" i:type="Mesh"><Attributes><Attribute z:Id="i236"><AttributeType>filename</AttributeType><IsRequired>true</IsRequired><Value i:nil="true"/></Attribute></Attributes><ChildElements/><ElementName>mesh</ElementName><required>false</required><FilenameAttribute z:Ref="i236"/></URDFElement></ChildElements><ElementName>geometry</ElementName><required>true</required><Mesh z:Ref="i235"/></URDFElement></ChildElements><ElementName>collision</ElementName><required>false</required><Geometry z:Ref="i234"/><Origin z:Ref="i231"/></URDFElement><URDFElement z:Id="i237" i:type="Joint"><Attributes><Attribute z:Id="i238"><AttributeType>name</AttributeType><IsRequired>true</IsRequired><Value i:type="a:string" xmlns:a="http://www.w3.org/2001/XMLSchema">joint3_thruster3</Value></Attribute><Attribute z:Id="i239"><AttributeType>type</AttributeType><IsRequired>true</IsRequired><Value i:type="a:string" xmlns:a="http://www.w3.org/2001/XMLSchema">fixed</Value></Attribute></Attributes><ChildElements><URDFElement z:Id="i240" i:type="Origin"><Attributes><Attribute z:Id="i241"><AttributeType>xyz</AttributeType><IsRequired>true</IsRequired><Value i:type="a:ArrayOfdouble" xmlns:a="http://schemas.microsoft.com/2003/10/Serialization/Arrays"><a:double>0</a:double><a:double>0</a:double><a:double>0</a:double></Value></Attribute><Attribute z:Id="i242"><AttributeType>rpy</AttributeType><IsRequired>true</IsRequired><Value i:type="a:ArrayOfdouble" xmlns:a="http://schemas.microsoft.com/2003/10/Serialization/Arrays"><a:double>0</a:double><a:double>0</a:double><a:double>0</a:double></Value></Attribute></Attributes><ChildElements/><ElementName>origin</ElementName><required>false</required><RPYAttribute z:Ref="i242"/><XYZAttribute z:Ref="i241"/><isCustomized>false</isCustomized></URDFElement><URDFElement z:Id="i243" i:type="ParentLink"><Attributes><Attribute z:Id="i244"><AttributeType>link</AttributeType><IsRequired>true</IsRequired><Value i:type="a:string" xmlns:a="http://www.w3.org/2001/XMLSchema"/></Attribute></Attributes><ChildElements/><ElementName>parent</ElementName><required>true</required><NameAttribute z:Ref="i244"/></URDFElement><URDFElement z:Id="i245" i:type="ChildLink"><Attributes><Attribute z:Id="i246"><AttributeType>link</AttributeType><IsRequired>true</IsRequired><Value i:type="a:string" xmlns:a="http://www.w3.org/2001/XMLSchema"/></Attribute></Attributes><ChildElements/><ElementName>child</ElementName><required>true</required><NameAttribute z:Ref="i246"/></URDFElement><URDFElement z:Id="i247" i:type="Axis"><Attributes><Attribute z:Id="i248"><AttributeType>xyz</AttributeType><IsRequired>true</IsRequired><Value i:type="a:ArrayOfdouble" xmlns:a="http://schemas.microsoft.com/2003/10/Serialization/Arrays"><a:double>0</a:double><a:double>0</a:double><a:double>0</a:double></Value></Attribute></Attributes><ChildElements/><ElementName>axis</ElementName><required>false</required><XYZAttribute z:Ref="i248"/></URDFElement><URDFElement z:Id="i249" i:type="Limit"><Attributes><Attribute z:Id="i250"><AttributeType>lower</AttributeType><IsRequired>false</IsRequired><Value i:nil="true"/></Attribute><Attribute z:Id="i251"><AttributeType>upper</AttributeType><IsRequired>false</IsRequired><Value i:nil="true"/></Attribute><Attribute z:Id="i252"><AttributeType>effort</AttributeType><IsRequired>true</IsRequired><Value i:nil="true"/></Attribute><Attribute z:Id="i253"><AttributeType>velocity</AttributeType><IsRequired>true</IsRequired><Value i:nil="true"/></Attribute></Attributes><ChildElements/><ElementName>limit</ElementName><required>false</required><EffortAttribute z:Ref="i252"/><LowerAttribute z:Ref="i250"/><UpperAttribute z:Ref="i251"/><VelocityAttribute z:Ref="i253"/></URDFElement><URDFElement z:Id="i254" i:type="Calibration"><Attributes><Attribute z:Id="i255"><AttributeType>rising</AttributeType><IsRequired>false</IsRequired><Value i:nil="true"/></Attribute><Attribute z:Id="i256"><AttributeType>falling</AttributeType><IsRequired>false</IsRequired><Value i:nil="true"/></Attribute></Attributes><ChildElements/><ElementName>calibration</ElementName><required>false</required><FallingAttribute z:Ref="i256"/><RisingAttribute z:Ref="i255"/></URDFElement><URDFElement z:Id="i257" i:type="Dynamics"><Attributes><Attribute z:Id="i258"><AttributeType>damping</AttributeType><IsRequired>false</IsRequired><Value i:nil="true"/></Attribute><Attribute z:Id="i259"><AttributeType>friction</AttributeType><IsRequired>false</IsRequired><Value i:nil="true"/></Attribute></Attributes><ChildElements/><ElementName>dynamics</ElementName><required>false</required><DampingAttribute z:Ref="i258"/><FrictionAttribute z:Ref="i259"/></URDFElement><URDFElement z:Id="i260" i:type="SafetyController"><Attributes><Attribute z:Id="i261"><AttributeType>soft_upper_limit</AttributeType><IsRequired>false</IsRequired><Value i:nil="true"/></Attribute><Attribute z:Id="i262"><AttributeType>soft_lower_limit</AttributeType><IsRequired>false</IsRequired><Value i:nil="true"/></Attribute><Attribute z:Id="i263"><AttributeType>k_position</AttributeType><IsRequired>false</IsRequired><Value i:nil="true"/></Attribute><Attribute z:Id="i264"><AttributeType>k_velocity</AttributeType><IsRequired>true</IsRequired><Value i:nil="true"/></Attribute></Attributes><ChildElements/><ElementName>safety_controller</ElementName><required>false</required><KPositionAttribute z:Ref="i263"/><KVelocityAttribute z:Ref="i264"/><SoftLowerAttribute z:Ref="i262"/><SoftUpperAttribute z:Ref="i261"/></URDFElement><URDFElement z:Id="i265" i:type="Mimic"><Attributes><Attribute z:Id="i266"><AttributeType>joint</AttributeType><IsRequired>true</IsRequired><Value i:nil="true"/></Attribute><Attribute z:Id="i267"><AttributeType>multiplier</AttributeType><IsRequired>false</IsRequired><Value i:nil="true"/></Attribute><Attribute z:Id="i268"><AttributeType>offset</AttributeType><IsRequired>false</IsRequired><Value i:nil="true"/></Attribute></Attributes><ChildElements/><ElementName>mimic</ElementName><required>false</required><JointNameAttribute z:Ref="i266"/><MultiplierAttribute z:Ref="i267"/><OffsetAttribute z:Ref="i268"/></URDFElement></ChildElements><ElementName>joint</ElementName><required>false</required><Axis z:Ref="i247"/><AxisName>?????????1</AxisName><Calibration z:Ref="i254"/><Child z:Ref="i245"/><CoordinateSystemName>Automatically Generate</CoordinateSystemName><Dynamics z:Ref="i257"/><Limit z:Ref="i249"/><Mimic z:Ref="i265"/><NameAttribute z:Ref="i238"/><Origin z:Ref="i240"/><Parent z:Ref="i243"/><Safety z:Ref="i260"/><TypeAttribute z:Ref="i239"/></URDFElement></ChildElements><ElementName>link</ElementName><required>true</required><Children/><Collision z:Ref="i230"/><Inertial z:Ref="i204"/><Joint z:Ref="i237"/><NameAttribute z:Ref="i203"/><Parent z:Ref="i1"/><STLQualityFine>false</STLQualityFine><SWComponentPIDs xmlns:a="http://schemas.microsoft.com/2003/10/Serialization/Arrays"><a:base64Binary>OEoAAAUAAAD//v+WUAA3ADUAXwBfAF8AXwBfAF8ALgAuAF8AXwBfAF8AKAAxACkALQAxAEAA21a5ZWJfOYLFiE2R/lYvAMWITZFTTzEAXgBQADcANQBfAF8AXwBfAF8AXwAuAC4AXwBfAF8AXwAoADEAKQAtADEAQABQADcANQBfAF8AXwBfAF8AXwAuAC4AXwBfAF8AXwAoADEAKQAvAFAANwA1AF8AWAAyAF8ANgAzAGEAOAA4AGYAZABiADUANgA2ADgANgBjAGEAMQA3AGYANQAxADcAZgA2ADkANABlADAAOQA3AGUAZgA0ADUANgBmAGUAXwBYADAAXwBfADEAMwAtADEAQADFiE2RU08xAF4AUAA3ADUAXwBfAF8AXwBfAF8ALgAuAF8AXwBfAF8AKAAxACkABAAAABAAAAABAAAAAwAAAB8AAAAwAAAALwAAAA==</a:base64Binary><a:base64Binary>OEoAAAUAAAD//v+VUAA3ADUAXwBfAF8AXwBfAF8ALgAuAF8AXwBfAF8AKAAxACkALQAxAEAA21a5ZWJfOYLFiE2R/lYvAMWITZFTTzEAXgBQADcANQBfAF8AXwBfAF8AXwAuAC4AXwBfAF8AXwAoADEAKQAtADEAQABQADcANQBfAF8AXwBfAF8AXwAuAC4AXwBfAF8AXwAoADEAKQAvAFAANwA1AF8AWAAyAF8ANgAzAGEAOAA4AGYAZABiADUANgA2ADgANgBjAGEAMQA3AGYANQAxADcAZgA2ADkANABlADAAOQA3AGUAZgA0ADUANgBmAGUAXwBYADAAXwBfADYALQAxAEAAxYhNkVNPMQBeAFAANwA1AF8AXwBfAF8AXwBfAC4ALgBfAF8AXwBfACgAMQApAAQAAAAQAAAAAQAAAAMAAAAfAAAAMAAAABoAAAA=</a:base64Binary><a:base64Binary>OEoAAAUAAAD//v+WUAA3ADUAXwBfAF8AXwBfAF8ALgAuAF8AXwBfAF8AKAAxACkALQAxAEAA21a5ZWJfOYLFiE2R/lYvAMWITZFTTzEAXgBQADcANQBfAF8AXwBfAF8AXwAuAC4AXwBfAF8AXwAoADEAKQAtADEAQABQADcANQBfAF8AXwBfAF8AXwAuAC4AXwBfAF8AXwAoADEAKQAvAFAANwA1AF8AWAAyAF8ANgAzAGEAOAA4AGYAZABiADUANgA2ADgANgBjAGEAMQA3AGYANQAxADcAZgA2ADkANABlADAAOQA3AGUAZgA0ADUANgBmAGUAXwBYADAAXwBfADEAMQAtADEAQADFiE2RU08xAF4AUAA3ADUAXwBfAF8AXwBfAF8ALgAuAF8AXwBfAF8AKAAxACkABAAAABAAAAABAAAAAwAAAB8AAAAwAAAALQAAAA==</a:base64Binary><a:base64Binary>OEoAAAUAAAD//v+WUAA3ADUAXwBfAF8AXwBfAF8ALgAuAF8AXwBfAF8AKAAxACkALQAxAEAA21a5ZWJfOYLFiE2R/lYvAMWITZFTTzEAXgBQADcANQBfAF8AXwBfAF8AXwAuAC4AXwBfAF8AXwAoADEAKQAtADEAQABQADcANQBfAF8AXwBfAF8AXwAuAC4AXwBfAF8AXwAoADEAKQAvAFAANwA1AF8AWAAyAF8ANgAzAGEAOAA4AGYAZABiADUANgA2ADgANgBjAGEAMQA3AGYANQAxADcAZgA2ADkANABlADAAOQA3AGUAZgA0ADUANgBmAGUAXwBYADAAXwBfADEAOQAtADEAQADFiE2RU08xAF4AUAA3ADUAXwBfAF8AXwBfAF8ALgAuAF8AXwBfAF8AKAAxACkABAAAABAAAAABAAAAAwAAAB8AAAAwAAAAGwAAAA==</a:base64Binary><a:base64Binary>OEoAAAUAAAD//v+VUAA3ADUAXwBfAF8AXwBfAF8ALgAuAF8AXwBfAF8AKAAxACkALQAxAEAA21a5ZWJfOYLFiE2R/lYvAMWITZFTTzEAXgBQADcANQBfAF8AXwBfAF8AXwAuAC4AXwBfAF8AXwAoADEAKQAtADEAQABQADcANQBfAF8AXwBfAF8AXwAuAC4AXwBfAF8AXwAoADEAKQAvAFAANwA1AF8AWAAyAF8ANgAzAGEAOAA4AGYAZABiADUANgA2ADgANgBjAGEAMQA3AGYANQAxADcAZgA2ADkANABlADAAOQA3AGUAZgA0ADUANgBmAGUAXwBYADAAXwBfADIALQAxAEAAxYhNkVNPMQBeAFAANwA1AF8AXwBfAF8AXwBfAC4ALgBfAF8AXwBfACgAMQApAAQAAAAQAAAAAQAAAAMAAAAfAAAAMAAAAC4AAAA=</a:base64Binary><a:base64Binary>OEoAAAUAAAD//v+WUAA3ADUAXwBfAF8AXwBfAF8ALgAuAF8AXwBfAF8AKAAxACkALQAxAEAA21a5ZWJfOYLFiE2R/lYvAMWITZFTTzEAXgBQADcANQBfAF8AXwBfAF8AXwAuAC4AXwBfAF8AXwAoADEAKQAtADEAQABQADcANQBfAF8AXwBfAF8AXwAuAC4AXwBfAF8AXwAoADEAKQAvAFAANwA1AF8AWAAyAF8ANgAzAGEAOAA4AGYAZABiADUANgA2ADgANgBjAGEAMQA3AGYANQAxADcAZgA2ADkANABlADAAOQA3AGUAZgA0ADUANgBmAGUAXwBYADAAXwBfADEANAAtADEAQADFiE2RU08xAF4AUAA3ADUAXwBfAF8AXwBfAF8ALgAuAF8AXwBfAF8AKAAxACkABAAAABAAAAABAAAAAwAAAB8AAAAwAAAALAAAAA==</a:base64Binary><a:base64Binary>OEoAAAUAAAD//v+TUAA3ADUAXwBfAF8AXwBfAF8ALgAuAF8AXwBfAF8AKAAxACkALQAxAEAA21a5ZWJfOYLFiE2R/lYvAMWITZFTTzEAXgBQADcANQBfAF8AXwBfAF8AXwAuAC4AXwBfAF8AXwAoADEAKQAtADEAQABQADcANQBfAF8AXwBfAF8AXwAuAC4AXwBfAF8AXwAoADEAKQAvAFAANwA1AF8AWAAyAF8ANgAzAGEAOAA4AGYAZABiADUANgA2ADgANgBjAGEAMQA3AGYANQAxADcAZgA2ADkANABlADAAOQA3AGUAZgA0ADUANgBmAGUAXwBYADAAXwAtADEAQADFiE2RU08xAF4AUAA3ADUAXwBfAF8AXwBfAF8ALgAuAF8AXwBfAF8AKAAxACkABAAAABAAAAABAAAAAwAAAB8AAAAwAAAAHQAAAA==</a:base64Binary><a:base64Binary>OEoAAAUAAAD//v+WUAA3ADUAXwBfAF8AXwBfAF8ALgAuAF8AXwBfAF8AKAAxACkALQAxAEAA21a5ZWJfOYLFiE2R/lYvAMWITZFTTzEAXgBQADcANQBfAF8AXwBfAF8AXwAuAC4AXwBfAF8AXwAoADEAKQAtADEAQABQADcANQBfAF8AXwBfAF8AXwAuAC4AXwBfAF8AXwAoADEAKQAvAFAANwA1AF8AWAAyAF8ANgAzAGEAOAA4AGYAZABiADUANgA2ADgANgBjAGEAMQA3AGYANQAxADcAZgA2ADkANABlADAAOQA3AGUAZgA0ADUANgBmAGUAXwBYADAAXwBfADEAOAAtADEAQADFiE2RU08xAF4AUAA3ADUAXwBfAF8AXwBfAF8ALgAuAF8AXwBfAF8AKAAxACkABAAAABAAAAABAAAAAwAAAB8AAAAwAAAAGQAAAA==</a:base64Binary><a:base64Binary>OEoAAAUAAAD//v+VUAA3ADUAXwBfAF8AXwBfAF8ALgAuAF8AXwBfAF8AKAAxACkALQAxAEAA21a5ZWJfOYLFiE2R/lYvAMWITZFTTzEAXgBQADcANQBfAF8AXwBfAF8AXwAuAC4AXwBfAF8AXwAoADEAKQAtADEAQABQADcANQBfAF8AXwBfAF8AXwAuAC4AXwBfAF8AXwAoADEAKQAvAFAANwA1AF8AWAAyAF8ANgAzAGEAOAA4AGYAZABiADUANgA2ADgANgBjAGEAMQA3AGYANQAxADcAZgA2ADkANABlADAAOQA3AGUAZgA0ADUANgBmAGUAXwBYADAAXwBfADQALQAxAEAAxYhNkVNPMQBeAFAANwA1AF8AXwBfAF8AXwBfAC4ALgBfAF8AXwBfACgAMQApAAQAAAAQAAAAAQAAAAMAAAAfAAAAMAAAABwAAAA=</a:base64Binary><a:base64Binary>OEoAAAUAAAD//v+WUAA3ADUAXwBfAF8AXwBfAF8ALgAuAF8AXwBfAF8AKAAxACkALQAxAEAA21a5ZWJfOYLFiE2R/lYvAMWITZFTTzEAXgBQADcANQBfAF8AXwBfAF8AXwAuAC4AXwBfAF8AXwAoADEAKQAtADEAQABQADcANQBfAF8AXwBfAF8AXwAuAC4AXwBfAF8AXwAoADEAKQAvAFAANwA1AF8AWAAyAF8ANgAzAGEAOAA4AGYAZABiADUANgA2ADgANgBjAGEAMQA3AGYANQAxADcAZgA2ADkANABlADAAOQA3AGUAZgA0ADUANgBmAGUAXwBYADAAXwBfADEAMgAtADEAQADFiE2RU08xAF4AUAA3ADUAXwBfAF8AXwBfAF8ALgAuAF8AXwBfAF8AKAAxACkABAAAABAAAAABAAAAAwAAAB8AAAAwAAAAHgAAAA==</a:base64Binary></SWComponentPIDs><SWMainComponentPID i:nil="true"/><Visual z:Ref="i217"/><isFixedFrame>false</isFixedFrame><isIncomplete>false</isIncomplete></Link><Link z:Id="i269"><Attributes><Attribute z:Id="i270"><AttributeType>name</AttributeType><IsRequired>true</IsRequired><Value i:type="a:string" xmlns:a="http://www.w3.org/2001/XMLSchema">thruster4_Link</Value></Attribute></Attributes><ChildElements><URDFElement z:Id="i271" i:type="Inertial"><Attributes/><ChildElements><URDFElement z:Id="i272" i:type="Origin"><Attributes><Attribute z:Id="i273"><AttributeType>xyz</AttributeType><IsRequired>true</IsRequired><Value i:type="a:ArrayOfdouble" xmlns:a="http://schemas.microsoft.com/2003/10/Serialization/Arrays"><a:double>0</a:double><a:double>0</a:double><a:double>0</a:double></Value></Attribute><Attribute z:Id="i274"><AttributeType>rpy</AttributeType><IsRequired>true</IsRequired><Value i:type="a:ArrayOfdouble" xmlns:a="http://schemas.microsoft.com/2003/10/Serialization/Arrays"><a:double>0</a:double><a:double>0</a:double><a:double>0</a:double></Value></Attribute></Attributes><ChildElements/><ElementName>origin</ElementName><required>false</required><RPYAttribute z:Ref="i274"/><XYZAttribute z:Ref="i273"/><isCustomized>false</isCustomized></URDFElement><URDFElement z:Id="i275" i:type="Mass"><Attributes><Attribute z:Id="i276"><AttributeType>value</AttributeType><IsRequired>true</IsRequired><Value i:type="a:double" xmlns:a="http://www.w3.org/2001/XMLSchema">0</Value></Attribute></Attributes><ChildElements/><ElementName>mass</ElementName><required>false</required><ValueAttribute z:Ref="i276"/></URDFElement><URDFElement z:Id="i277" i:type="Inertia"><Attributes><Attribute z:Id="i278"><AttributeType>ixx</AttributeType><IsRequired>true</IsRequired><Value i:type="a:double" xmlns:a="http://www.w3.org/2001/XMLSchema">0</Value></Attribute><Attribute z:Id="i279"><AttributeType>ixy</AttributeType><IsRequired>true</IsRequired><Value i:type="a:double" xmlns:a="http://www.w3.org/2001/XMLSchema">0</Value></Attribute><Attribute z:Id="i280"><AttributeType>ixz</AttributeType><IsRequired>true</IsRequired><Value i:type="a:double" xmlns:a="http://www.w3.org/2001/XMLSchema">0</Value></Attribute><Attribute z:Id="i281"><AttributeType>iyy</AttributeType><IsRequired>true</IsRequired><Value i:type="a:double" xmlns:a="http://www.w3.org/2001/XMLSchema">0</Value></Attribute><Attribute z:Id="i282"><AttributeType>iyz</AttributeType><IsRequired>true</IsRequired><Value i:type="a:double" xmlns:a="http://www.w3.org/2001/XMLSchema">0</Value></Attribute><Attribute z:Id="i283"><AttributeType>izz</AttributeType><IsRequired>true</IsRequired><Value i:type="a:double" xmlns:a="http://www.w3.org/2001/XMLSchema">0</Value></Attribute></Attributes><ChildElements/><ElementName>inertia</ElementName><required>false</required><IxxAttribute z:Ref="i278"/><IxyAttribute z:Ref="i279"/><IxzAttribute z:Ref="i280"/><IyyAttribute z:Ref="i281"/><IyzAttribute z:Ref="i282"/><IzzAttribute z:Ref="i283"/></URDFElement></ChildElements><ElementName>inertial</ElementName><required>false</required><Inertia z:Ref="i277"/><Mass z:Ref="i275"/><Origin z:Ref="i272"/></URDFElement><URDFElement z:Id="i284" i:type="Visual"><Attributes/><ChildElements><URDFElement z:Id="i285" i:type="Origin"><Attributes><Attribute z:Id="i286"><AttributeType>xyz</AttributeType><IsRequired>true</IsRequired><Value i:type="a:ArrayOfdouble" xmlns:a="http://schemas.microsoft.com/2003/10/Serialization/Arrays"><a:double>0</a:double><a:double>0</a:double><a:double>0</a:double></Value></Attribute><Attribute z:Id="i287"><AttributeType>rpy</AttributeType><IsRequired>true</IsRequired><Value i:type="a:ArrayOfdouble" xmlns:a="http://schemas.microsoft.com/2003/10/Serialization/Arrays"><a:double>0</a:double><a:double>0</a:double><a:double>0</a:double></Value></Attribute></Attributes><ChildElements/><ElementName>origin</ElementName><required>false</required><RPYAttribute z:Ref="i287"/><XYZAttribute z:Ref="i286"/><isCustomized>false</isCustomized></URDFElement><URDFElement z:Id="i288" i:type="Geometry"><Attributes/><ChildElements><URDFElement z:Id="i289" i:type="Mesh"><Attributes><Attribute z:Id="i290"><AttributeType>filename</AttributeType><IsRequired>true</IsRequired><Value i:nil="true"/></Attribute></Attributes><ChildElements/><ElementName>mesh</ElementName><required>false</required><FilenameAttribute z:Ref="i290"/></URDFElement></ChildElements><ElementName>geometry</ElementName><required>true</required><Mesh z:Ref="i289"/></URDFElement><URDFElement z:Id="i291" i:type="Material"><Attributes><Attribute z:Id="i292"><AttributeType>name</AttributeType><IsRequired>true</IsRequired><Value i:type="a:string" xmlns:a="http://www.w3.org/2001/XMLSchema"/></Attribute></Attributes><ChildElements><URDFElement z:Id="i293" i:type="Color"><Attributes><Attribute z:Id="i294"><AttributeType>rgba</AttributeType><IsRequired>true</IsRequired><Value i:type="a:ArrayOfdouble" xmlns:a="http://schemas.microsoft.com/2003/10/Serialization/Arrays"><a:double>1</a:double><a:double>1</a:double><a:double>1</a:double><a:double>1</a:double></Value></Attribute></Attributes><ChildElements/><ElementName>color</ElementName><required>false</required><RGBAAttribute z:Ref="i294"/></URDFElement><URDFElement z:Id="i295" i:type="Texture"><Attributes><Attribute z:Id="i296"><AttributeType>filename</AttributeType><IsRequired>true</IsRequired><Value i:nil="true"/></Attribute></Attributes><ChildElements/><ElementName>texture</ElementName><required>false</required><FilenameAttribute z:Ref="i296"/><wFilename/></URDFElement></ChildElements><ElementName>material</ElementName><required>false</required><Color z:Ref="i293"/><NameAttribute z:Ref="i292"/><Texture z:Ref="i295"/></URDFElement></ChildElements><ElementName>visual</ElementName><required>false</required><Geometry z:Ref="i288"/><Material z:Ref="i291"/><Origin z:Ref="i285"/></URDFElement><URDFElement z:Id="i297" i:type="Collision"><Attributes/><ChildElements><URDFElement z:Id="i298" i:type="Origin"><Attributes><Attribute z:Id="i299"><AttributeType>xyz</AttributeType><IsRequired>true</IsRequired><Value i:type="a:ArrayOfdouble" xmlns:a="http://schemas.microsoft.com/2003/10/Serialization/Arrays"><a:double>0</a:double><a:double>0</a:double><a:double>0</a:double></Value></Attribute><Attribute z:Id="i300"><AttributeType>rpy</AttributeType><IsRequired>true</IsRequired><Value i:type="a:ArrayOfdouble" xmlns:a="http://schemas.microsoft.com/2003/10/Serialization/Arrays"><a:double>0</a:double><a:double>0</a:double><a:double>0</a:double></Value></Attribute></Attributes><ChildElements/><ElementName>origin</ElementName><required>false</required><RPYAttribute z:Ref="i300"/><XYZAttribute z:Ref="i299"/><isCustomized>false</isCustomized></URDFElement><URDFElement z:Id="i301" i:type="Geometry"><Attributes/><ChildElements><URDFElement z:Id="i302" i:type="Mesh"><Attributes><Attribute z:Id="i303"><AttributeType>filename</AttributeType><IsRequired>true</IsRequired><Value i:nil="true"/></Attribute></Attributes><ChildElements/><ElementName>mesh</ElementName><required>false</required><FilenameAttribute z:Ref="i303"/></URDFElement></ChildElements><ElementName>geometry</ElementName><required>true</required><Mesh z:Ref="i302"/></URDFElement></ChildElements><ElementName>collision</ElementName><required>false</required><Geometry z:Ref="i301"/><Origin z:Ref="i298"/></URDFElement><URDFElement z:Id="i304" i:type="Joint"><Attributes><Attribute z:Id="i305"><AttributeType>name</AttributeType><IsRequired>true</IsRequired><Value i:type="a:string" xmlns:a="http://www.w3.org/2001/XMLSchema">joint4_thruster4</Value></Attribute><Attribute z:Id="i306"><AttributeType>type</AttributeType><IsRequired>true</IsRequired><Value i:type="a:string" xmlns:a="http://www.w3.org/2001/XMLSchema">fixed</Value></Attribute></Attributes><ChildElements><URDFElement z:Id="i307" i:type="Origin"><Attributes><Attribute z:Id="i308"><AttributeType>xyz</AttributeType><IsRequired>true</IsRequired><Value i:type="a:ArrayOfdouble" xmlns:a="http://schemas.microsoft.com/2003/10/Serialization/Arrays"><a:double>0</a:double><a:double>0</a:double><a:double>0</a:double></Value></Attribute><Attribute z:Id="i309"><AttributeType>rpy</AttributeType><IsRequired>true</IsRequired><Value i:type="a:ArrayOfdouble" xmlns:a="http://schemas.microsoft.com/2003/10/Serialization/Arrays"><a:double>0</a:double><a:double>0</a:double><a:double>0</a:double></Value></Attribute></Attributes><ChildElements/><ElementName>origin</ElementName><required>false</required><RPYAttribute z:Ref="i309"/><XYZAttribute z:Ref="i308"/><isCustomized>false</isCustomized></URDFElement><URDFElement z:Id="i310" i:type="ParentLink"><Attributes><Attribute z:Id="i311"><AttributeType>link</AttributeType><IsRequired>true</IsRequired><Value i:type="a:string" xmlns:a="http://www.w3.org/2001/XMLSchema"/></Attribute></Attributes><ChildElements/><ElementName>parent</ElementName><required>true</required><NameAttribute z:Ref="i311"/></URDFElement><URDFElement z:Id="i312" i:type="ChildLink"><Attributes><Attribute z:Id="i313"><AttributeType>link</AttributeType><IsRequired>true</IsRequired><Value i:type="a:string" xmlns:a="http://www.w3.org/2001/XMLSchema"/></Attribute></Attributes><ChildElements/><ElementName>child</ElementName><required>true</required><NameAttribute z:Ref="i313"/></URDFElement><URDFElement z:Id="i314" i:type="Axis"><Attributes><Attribute z:Id="i315"><AttributeType>xyz</AttributeType><IsRequired>true</IsRequired><Value i:type="a:ArrayOfdouble" xmlns:a="http://schemas.microsoft.com/2003/10/Serialization/Arrays"><a:double>0</a:double><a:double>0</a:double><a:double>0</a:double></Value></Attribute></Attributes><ChildElements/><ElementName>axis</ElementName><required>false</required><XYZAttribute z:Ref="i315"/></URDFElement><URDFElement z:Id="i316" i:type="Limit"><Attributes><Attribute z:Id="i317"><AttributeType>lower</AttributeType><IsRequired>false</IsRequired><Value i:nil="true"/></Attribute><Attribute z:Id="i318"><AttributeType>upper</AttributeType><IsRequired>false</IsRequired><Value i:nil="true"/></Attribute><Attribute z:Id="i319"><AttributeType>effort</AttributeType><IsRequired>true</IsRequired><Value i:nil="true"/></Attribute><Attribute z:Id="i320"><AttributeType>velocity</AttributeType><IsRequired>true</IsRequired><Value i:nil="true"/></Attribute></Attributes><ChildElements/><ElementName>limit</ElementName><required>false</required><EffortAttribute z:Ref="i319"/><LowerAttribute z:Ref="i317"/><UpperAttribute z:Ref="i318"/><VelocityAttribute z:Ref="i320"/></URDFElement><URDFElement z:Id="i321" i:type="Calibration"><Attributes><Attribute z:Id="i322"><AttributeType>rising</AttributeType><IsRequired>false</IsRequired><Value i:nil="true"/></Attribute><Attribute z:Id="i323"><AttributeType>falling</AttributeType><IsRequired>false</IsRequired><Value i:nil="true"/></Attribute></Attributes><ChildElements/><ElementName>calibration</ElementName><required>false</required><FallingAttribute z:Ref="i323"/><RisingAttribute z:Ref="i322"/></URDFElement><URDFElement z:Id="i324" i:type="Dynamics"><Attributes><Attribute z:Id="i325"><AttributeType>damping</AttributeType><IsRequired>false</IsRequired><Value i:nil="true"/></Attribute><Attribute z:Id="i326"><AttributeType>friction</AttributeType><IsRequired>false</IsRequired><Value i:nil="true"/></Attribute></Attributes><ChildElements/><ElementName>dynamics</ElementName><required>false</required><DampingAttribute z:Ref="i325"/><FrictionAttribute z:Ref="i326"/></URDFElement><URDFElement z:Id="i327" i:type="SafetyController"><Attributes><Attribute z:Id="i328"><AttributeType>soft_upper_limit</AttributeType><IsRequired>false</IsRequired><Value i:nil="true"/></Attribute><Attribute z:Id="i329"><AttributeType>soft_lower_limit</AttributeType><IsRequired>false</IsRequired><Value i:nil="true"/></Attribute><Attribute z:Id="i330"><AttributeType>k_position</AttributeType><IsRequired>false</IsRequired><Value i:nil="true"/></Attribute><Attribute z:Id="i331"><AttributeType>k_velocity</AttributeType><IsRequired>true</IsRequired><Value i:nil="true"/></Attribute></Attributes><ChildElements/><ElementName>safety_controller</ElementName><required>false</required><KPositionAttribute z:Ref="i330"/><KVelocityAttribute z:Ref="i331"/><SoftLowerAttribute z:Ref="i329"/><SoftUpperAttribute z:Ref="i328"/></URDFElement><URDFElement z:Id="i332" i:type="Mimic"><Attributes><Attribute z:Id="i333"><AttributeType>joint</AttributeType><IsRequired>true</IsRequired><Value i:nil="true"/></Attribute><Attribute z:Id="i334"><AttributeType>multiplier</AttributeType><IsRequired>false</IsRequired><Value i:nil="true"/></Attribute><Attribute z:Id="i335"><AttributeType>offset</AttributeType><IsRequired>false</IsRequired><Value i:nil="true"/></Attribute></Attributes><ChildElements/><ElementName>mimic</ElementName><required>false</required><JointNameAttribute z:Ref="i333"/><MultiplierAttribute z:Ref="i334"/><OffsetAttribute z:Ref="i335"/></URDFElement></ChildElements><ElementName>joint</ElementName><required>false</required><Axis z:Ref="i314"/><AxisName>?????????1</AxisName><Calibration z:Ref="i321"/><Child z:Ref="i312"/><CoordinateSystemName>Automatically Generate</CoordinateSystemName><Dynamics z:Ref="i324"/><Limit z:Ref="i316"/><Mimic z:Ref="i332"/><NameAttribute z:Ref="i305"/><Origin z:Ref="i307"/><Parent z:Ref="i310"/><Safety z:Ref="i327"/><TypeAttribute z:Ref="i306"/></URDFElement></ChildElements><ElementName>link</ElementName><required>true</required><Children/><Collision z:Ref="i297"/><Inertial z:Ref="i271"/><Joint z:Ref="i304"/><NameAttribute z:Ref="i270"/><Parent z:Ref="i1"/><STLQualityFine>false</STLQualityFine><SWComponentPIDs xmlns:a="http://schemas.microsoft.com/2003/10/Serialization/Arrays"><a:base64Binary>OEoAAAUAAAD//v9YQwBvAHAAeQAgAG8AZgAgAMWITZFTTzcALQAyAEAA21a5ZWJfOYLFiE2R/lYvAFAANwA1AF8AWAAyAF8ANgAzAGEAOAA4AGYAZABiADUANgA2ADgANgBjAGEAMQA3AGYANQAxADcAZgA2ADkANABlADAAOQA3AGUAZgA0ADUANgBmAGUAXwBYADAAXwBfADEAMwAtADEAQABDAG8AcAB5ACAAbwBmACAAxYhNkVNPNwAEAAAAEAAAAAEAAAACAAAAIQAAAC8AAAA=</a:base64Binary><a:base64Binary>OEoAAAUAAAD//v9YQwBvAHAAeQAgAG8AZgAgAMWITZFTTzcALQAyAEAA21a5ZWJfOYLFiE2R/lYvAFAANwA1AF8AWAAyAF8ANgAzAGEAOAA4AGYAZABiADUANgA2ADgANgBjAGEAMQA3AGYANQAxADcAZgA2ADkANABlADAAOQA3AGUAZgA0ADUANgBmAGUAXwBYADAAXwBfADEANAAtADEAQABDAG8AcAB5ACAAbwBmACAAxYhNkVNPNwAEAAAAEAAAAAEAAAACAAAAIQAAACwAAAA=</a:base64Binary><a:base64Binary>OEoAAAUAAAD//v9YQwBvAHAAeQAgAG8AZgAgAMWITZFTTzcALQAyAEAA21a5ZWJfOYLFiE2R/lYvAFAANwA1AF8AWAAyAF8ANgAzAGEAOAA4AGYAZABiADUANgA2ADgANgBjAGEAMQA3AGYANQAxADcAZgA2ADkANABlADAAOQA3AGUAZgA0ADUANgBmAGUAXwBYADAAXwBfADEAMQAtADEAQABDAG8AcAB5ACAAbwBmACAAxYhNkVNPNwAEAAAAEAAAAAEAAAACAAAAIQAAAC0AAAA=</a:base64Binary><a:base64Binary>OEoAAAUAAAD//v9YQwBvAHAAeQAgAG8AZgAgAMWITZFTTzcALQAyAEAA21a5ZWJfOYLFiE2R/lYvAFAANwA1AF8AWAAyAF8ANgAzAGEAOAA4AGYAZABiADUANgA2ADgANgBjAGEAMQA3AGYANQAxADcAZgA2ADkANABlADAAOQA3AGUAZgA0ADUANgBmAGUAXwBYADAAXwBfADEAOAAtADEAQABDAG8AcAB5ACAAbwBmACAAxYhNkVNPNwAEAAAAEAAAAAEAAAACAAAAIQAAABkAAAA=</a:base64Binary><a:base64Binary>OEoAAAUAAAD//v9YQwBvAHAAeQAgAG8AZgAgAMWITZFTTzcALQAyAEAA21a5ZWJfOYLFiE2R/lYvAFAANwA1AF8AWAAyAF8ANgAzAGEAOAA4AGYAZABiADUANgA2ADgANgBjAGEAMQA3AGYANQAxADcAZgA2ADkANABlADAAOQA3AGUAZgA0ADUANgBmAGUAXwBYADAAXwBfADEAOQAtADEAQABDAG8AcAB5ACAAbwBmACAAxYhNkVNPNwAEAAAAEAAAAAEAAAACAAAAIQAAABsAAAA=</a:base64Binary><a:base64Binary>OEoAAAUAAAD//v9VQwBvAHAAeQAgAG8AZgAgAMWITZFTTzcALQAyAEAA21a5ZWJfOYLFiE2R/lYvAFAANwA1AF8AWAAyAF8ANgAzAGEAOAA4AGYAZABiADUANgA2ADgANgBjAGEAMQA3AGYANQAxADcAZgA2ADkANABlADAAOQA3AGUAZgA0ADUANgBmAGUAXwBYADAAXwAtADEAQABDAG8AcAB5ACAAbwBmACAAxYhNkVNPNwAEAAAAEAAAAAEAAAACAAAAIQAAAB0AAAA=</a:base64Binary><a:base64Binary>OEoAAAUAAAD//v9XQwBvAHAAeQAgAG8AZgAgAMWITZFTTzcALQAyAEAA21a5ZWJfOYLFiE2R/lYvAFAANwA1AF8AWAAyAF8ANgAzAGEAOAA4AGYAZABiADUANgA2ADgANgBjAGEAMQA3AGYANQAxADcAZgA2ADkANABlADAAOQA3AGUAZgA0ADUANgBmAGUAXwBYADAAXwBfADIALQAxAEAAQwBvAHAAeQAgAG8AZgAgAMWITZFTTzcABAAAABAAAAABAAAAAgAAACEAAAAuAAAA</a:base64Binary><a:base64Binary>OEoAAAUAAAD//v9XQwBvAHAAeQAgAG8AZgAgAMWITZFTTzcALQAyAEAA21a5ZWJfOYLFiE2R/lYvAFAANwA1AF8AWAAyAF8ANgAzAGEAOAA4AGYAZABiADUANgA2ADgANgBjAGEAMQA3AGYANQAxADcAZgA2ADkANABlADAAOQA3AGUAZgA0ADUANgBmAGUAXwBYADAAXwBfADUALQAxAEAAQwBvAHAAeQAgAG8AZgAgAMWITZFTTzcABAAAABAAAAABAAAAAgAAACEAAAAhAAAA</a:base64Binary><a:base64Binary>OEoAAAUAAAD//v9YQwBvAHAAeQAgAG8AZgAgAMWITZFTTzcALQAyAEAA21a5ZWJfOYLFiE2R/lYvAFAANwA1AF8AWAAyAF8ANgAzAGEAOAA4AGYAZABiADUANgA2ADgANgBjAGEAMQA3AGYANQAxADcAZgA2ADkANABlADAAOQA3AGUAZgA0ADUANgBmAGUAXwBYADAAXwBfADEANQAtADEAQABDAG8AcAB5ACAAbwBmACAAxYhNkVNPNwAEAAAAEAAAAAEAAAACAAAAIQAAACAAAAA=</a:base64Binary><a:base64Binary>OEoAAAUAAAD//v9XQwBvAHAAeQAgAG8AZgAgAMWITZFTTzcALQAyAEAA21a5ZWJfOYLFiE2R/lYvAFAANwA1AF8AWAAyAF8ANgAzAGEAOAA4AGYAZABiADUANgA2ADgANgBjAGEAMQA3AGYANQAxADcAZgA2ADkANABlADAAOQA3AGUAZgA0ADUANgBmAGUAXwBYADAAXwBfADYALQAxAEAAQwBvAHAAeQAgAG8AZgAgAMWITZFTTzcABAAAABAAAAABAAAAAgAAACEAAAAaAAAA</a:base64Binary><a:base64Binary>OEoAAAUAAAD//v9XQwBvAHAAeQAgAG8AZgAgAMWITZFTTzcALQAyAEAA21a5ZWJfOYLFiE2R/lYvAFAANwA1AF8AWAAyAF8ANgAzAGEAOAA4AGYAZABiADUANgA2ADgANgBjAGEAMQA3AGYANQAxADcAZgA2ADkANABlADAAOQA3AGUAZgA0ADUANgBmAGUAXwBYADAAXwBfADQALQAxAEAAQwBvAHAAeQAgAG8AZgAgAMWITZFTTzcABAAAABAAAAABAAAAAgAAACEAAAAcAAAA</a:base64Binary><a:base64Binary>OEoAAAUAAAD//v9YQwBvAHAAeQAgAG8AZgAgAMWITZFTTzcALQAyAEAA21a5ZWJfOYLFiE2R/lYvAFAANwA1AF8AWAAyAF8ANgAzAGEAOAA4AGYAZABiADUANgA2ADgANgBjAGEAMQA3AGYANQAxADcAZgA2ADkANABlADAAOQA3AGUAZgA0ADUANgBmAGUAXwBYADAAXwBfADEAMgAtADEAQABDAG8AcAB5ACAAbwBmACAAxYhNkVNPNwAEAAAAEAAAAAEAAAACAAAAIQAAAB4AAAA=</a:base64Binary></SWComponentPIDs><SWMainComponentPID i:nil="true"/><Visual z:Ref="i284"/><isFixedFrame>false</isFixedFrame><isIncomplete>false</isIncomplete></Link></Children><Collision z:Ref="i29"/><Inertial z:Ref="i3"/><Joint z:Ref="i36"/><NameAttribute z:Ref="i2"/><Parent i:nil="true"/><STLQualityFine>false</STLQualityFine><SWComponentPIDs xmlns:a="http://schemas.microsoft.com/2003/10/Serialization/Arrays"><a:base64Binary>OEoAAAUAAAD//v8RYwBoAHUAYQBuAHQAaQAtADEAQADbVrllYl85gsWITZH+VgQAAAAQAAAAAQAAAAEAAAAjAAAA</a:base64Binary></SWComponentPIDs><SWMainComponentPID i:nil="true"/><Visual z:Ref="i16"/><isFixedFrame>false</isFixedFrame><isIncomplete>false</isIncomplete></Link>
2026-09-18 11:37:51,002 INFO  ExportHelperExtension.cs: 347 - Creating joint thruster1_Link
2026-09-18 11:37:51,006 INFO  ExportHelperExtension.cs: 1397 - Fixing components for base_link
2026-09-18 11:37:51,006 INFO  ExportHelperExtension.cs: 1402 - Fixing 35
2026-09-18 11:37:51,163 INFO  ExportHelperExtension.cs: 832 - R1: 0, 0
2026-09-18 11:37:51,163 INFO  ExportHelperExtension.cs: 841 - R2: 0, 0
2026-09-18 11:37:51,163 INFO  ExportHelperExtension.cs: 849 - L1: 0
2026-09-18 11:37:51,163 INFO  ExportHelperExtension.cs: 857 - L2: 0
2026-09-18 11:37:51,174 INFO  ExportHelperExtension.cs: 1352 - Unfixing component 35
2026-09-18 11:37:52,265 WARN  ExportHelperExtension.cs: 351 - Creating joint from parent base_link to child thruster1_Link failed
2026-09-18 11:37:52,587 INFO  ExportHelperExtension.cs: 347 - Creating joint thruster2_Link
2026-09-18 11:37:52,587 INFO  ExportHelperExtension.cs: 1397 - Fixing components for base_link
2026-09-18 11:37:52,587 INFO  ExportHelperExtension.cs: 1402 - Fixing 35
2026-09-18 11:37:52,797 INFO  ExportHelperExtension.cs: 832 - R1: 0, 0
2026-09-18 11:37:52,797 INFO  ExportHelperExtension.cs: 841 - R2: 0, 0
2026-09-18 11:37:52,797 INFO  ExportHelperExtension.cs: 849 - L1: 0
2026-09-18 11:37:52,797 INFO  ExportHelperExtension.cs: 857 - L2: 0
2026-09-18 11:37:52,797 INFO  ExportHelperExtension.cs: 1352 - Unfixing component 35
2026-09-18 11:37:53,979 WARN  ExportHelperExtension.cs: 351 - Creating joint from parent base_link to child thruster2_Link failed
2026-09-18 11:37:54,382 INFO  ExportHelperExtension.cs: 347 - Creating joint thruster3_Link
2026-09-18 11:37:54,382 INFO  ExportHelperExtension.cs: 1397 - Fixing components for base_link
2026-09-18 11:37:54,382 INFO  ExportHelperExtension.cs: 1402 - Fixing 35
2026-09-18 11:37:54,537 INFO  ExportHelperExtension.cs: 832 - R1: 0, 0
2026-09-18 11:37:54,537 INFO  ExportHelperExtension.cs: 841 - R2: 0, 0
2026-09-18 11:37:54,539 INFO  ExportHelperExtension.cs: 849 - L1: 0
2026-09-18 11:37:54,539 INFO  ExportHelperExtension.cs: 857 - L2: 0
2026-09-18 11:37:54,539 INFO  ExportHelperExtension.cs: 1352 - Unfixing component 35
2026-09-18 11:37:55,637 WARN  ExportHelperExtension.cs: 351 - Creating joint from parent base_link to child thruster3_Link failed
2026-09-18 11:37:56,053 INFO  ExportHelperExtension.cs: 347 - Creating joint thruster4_Link
2026-09-18 11:37:56,053 INFO  ExportHelperExtension.cs: 1397 - Fixing components for base_link
2026-09-18 11:37:56,053 INFO  ExportHelperExtension.cs: 1402 - Fixing 35
2026-09-18 11:37:56,203 INFO  ExportHelperExtension.cs: 832 - R1: 0, 0
2026-09-18 11:37:56,203 INFO  ExportHelperExtension.cs: 841 - R2: 0, 0
2026-09-18 11:37:56,203 INFO  ExportHelperExtension.cs: 849 - L1: 0
2026-09-18 11:37:56,203 INFO  ExportHelperExtension.cs: 857 - L2: 0
2026-09-18 11:37:56,203 INFO  ExportHelperExtension.cs: 1352 - Unfixing component 35
2026-09-18 11:37:57,275 WARN  ExportHelperExtension.cs: 351 - Creating joint from parent base_link to child thruster4_Link failed
2026-09-18 11:37:57,819 INFO  ExportHelperExtension.cs: 1125 - Retrieving features of type [CoordSys] from ËÄ·½ÐÎ´¬×°ÅäÍ¼.SLDASM
2026-09-18 11:37:57,823 INFO  ExportHelperExtension.cs: 1136 - Found 40 in ËÄ·½ÐÎ´¬×°ÅäÍ¼.SLDASM
2026-09-18 11:37:57,823 INFO  ExportHelperExtension.cs: 1145 - Found 5 features of type [CoordSys] in ËÄ·½ÐÎ´¬×°ÅäÍ¼.SLDASM
2026-09-18 11:37:57,823 INFO  ExportHelperExtension.cs: 1148 - Proceeding through assembly components
2026-09-18 11:37:57,823 INFO  ExportHelperExtension.cs: 1160 - 5 components to check
2026-09-18 11:37:57,823 INFO  ExportHelperExtension.cs: 1125 - Retrieving features of type [CoordSys] from P75______..____(1)-1
2026-09-18 11:37:57,823 INFO  ExportHelperExtension.cs: 1136 - Found 24 in P75______..____(1)-1
2026-09-18 11:37:57,823 INFO  ExportHelperExtension.cs: 1145 - Found 0 features of type [CoordSys] in P75______..____(1)-1
2026-09-18 11:37:57,823 INFO  ExportHelperExtension.cs: 1125 - Retrieving features of type [CoordSys] from chuanti-1
2026-09-18 11:37:57,823 INFO  ExportHelperExtension.cs: 1136 - Found 44 in chuanti-1
2026-09-18 11:37:57,823 INFO  ExportHelperExtension.cs: 1145 - Found 0 features of type [CoordSys] in chuanti-1
2026-09-18 11:37:57,823 INFO  ExportHelperExtension.cs: 1125 - Retrieving features of type [CoordSys] from P75______..____(1)-3-1
2026-09-18 11:37:57,823 INFO  ExportHelperExtension.cs: 1136 - Found 45 in P75______..____(1)-3-1
2026-09-18 11:37:57,823 INFO  ExportHelperExtension.cs: 1145 - Found 0 features of type [CoordSys] in P75______..____(1)-3-1
2026-09-18 11:37:57,823 INFO  ExportHelperExtension.cs: 1125 - Retrieving features of type [CoordSys] from P75______..____(1)-1-1
2026-09-18 11:37:57,823 INFO  ExportHelperExtension.cs: 1136 - Found 45 in P75______..____(1)-1-1
2026-09-18 11:37:57,823 INFO  ExportHelperExtension.cs: 1145 - Found 0 features of type [CoordSys] in P75______..____(1)-1-1
2026-09-18 11:37:57,823 INFO  ExportHelperExtension.cs: 1125 - Retrieving features of type [CoordSys] from Copy of ×°ÅäÌå7-2
2026-09-18 11:37:57,823 INFO  ExportHelperExtension.cs: 1136 - Found 45 in Copy of ×°ÅäÌå7-2
2026-09-18 11:37:57,831 INFO  ExportHelperExtension.cs: 1145 - Found 0 features of type [CoordSys] in Copy of ×°ÅäÌå7-2
2026-09-18 11:37:57,831 INFO  ExportHelperExtension.cs: 1125 - Retrieving features of type [RefAxis] from ËÄ·½ÐÎ´¬×°ÅäÍ¼.SLDASM
2026-09-18 11:37:57,831 INFO  ExportHelperExtension.cs: 1136 - Found 40 in ËÄ·½ÐÎ´¬×°ÅäÍ¼.SLDASM
2026-09-18 11:37:57,832 INFO  ExportHelperExtension.cs: 1145 - Found 1 features of type [RefAxis] in ËÄ·½ÐÎ´¬×°ÅäÍ¼.SLDASM
2026-09-18 11:37:57,832 INFO  ExportHelperExtension.cs: 1148 - Proceeding through assembly components
2026-09-18 11:37:57,832 INFO  ExportHelperExtension.cs: 1160 - 5 components to check
2026-09-18 11:37:57,832 INFO  ExportHelperExtension.cs: 1125 - Retrieving features of type [RefAxis] from P75______..____(1)-1
2026-09-18 11:37:57,832 INFO  ExportHelperExtension.cs: 1136 - Found 24 in P75______..____(1)-1
2026-09-18 11:37:57,832 INFO  ExportHelperExtension.cs: 1145 - Found 0 features of type [RefAxis] in P75______..____(1)-1
2026-09-18 11:37:57,832 INFO  ExportHelperExtension.cs: 1125 - Retrieving features of type [RefAxis] from chuanti-1
2026-09-18 11:37:57,832 INFO  ExportHelperExtension.cs: 1136 - Found 44 in chuanti-1
2026-09-18 11:37:57,832 INFO  ExportHelperExtension.cs: 1145 - Found 0 features of type [RefAxis] in chuanti-1
2026-09-18 11:37:57,832 INFO  ExportHelperExtension.cs: 1125 - Retrieving features of type [RefAxis] from P75______..____(1)-3-1
2026-09-18 11:37:57,832 INFO  ExportHelperExtension.cs: 1136 - Found 45 in P75______..____(1)-3-1
2026-09-18 11:37:57,832 INFO  ExportHelperExtension.cs: 1145 - Found 0 features of type [RefAxis] in P75______..____(1)-3-1
2026-09-18 11:37:57,832 INFO  ExportHelperExtension.cs: 1125 - Retrieving features of type [RefAxis] from P75______..____(1)-1-1
2026-09-18 11:37:57,832 INFO  ExportHelperExtension.cs: 1136 - Found 45 in P75______..____(1)-1-1
2026-09-18 11:37:57,835 INFO  ExportHelperExtension.cs: 1145 - Found 0 features of type [RefAxis] in P75______..____(1)-1-1
2026-09-18 11:37:57,835 INFO  ExportHelperExtension.cs: 1125 - Retrieving features of type [RefAxis] from Copy of ×°ÅäÌå7-2
2026-09-18 11:37:57,835 INFO  ExportHelperExtension.cs: 1136 - Found 45 in Copy of ×°ÅäÌå7-2
2026-09-18 11:37:57,836 INFO  ExportHelperExtension.cs: 1145 - Found 0 features of type [RefAxis] in Copy of ×°ÅäÌå7-2
2026-09-18 11:37:57,878 INFO  ExportPropertyManager.cs: 1142 - AfterClose called. This method no longer throws an Exception. It just silently does nothing. Ok, except for this logging message
2026-09-18 11:41:35,234 INFO  AssemblyExportForm.cs: 253 - Completing URDF export
2026-09-18 11:41:35,243 INFO  ConfigurationSerialization.cs: 276 - URDF Configuration found
<Link z:Id="i1" xmlns="http://schemas.datacontract.org/2004/07/SW2URDF" xmlns:i="http://www.w3.org/2001/XMLSchema-instance" xmlns:z="http://schemas.microsoft.com/2003/10/Serialization/"><Attributes><Attribute z:Id="i2"><AttributeType>name</AttributeType><IsRequired>true</IsRequired><Value i:type="a:string" xmlns:a="http://www.w3.org/2001/XMLSchema">base_link</Value></Attribute></Attributes><ChildElements><URDFElement z:Id="i3" i:type="Inertial"><Attributes/><ChildElements><URDFElement z:Id="i4" i:type="Origin"><Attributes><Attribute z:Id="i5"><AttributeType>xyz</AttributeType><IsRequired>true</IsRequired><Value i:type="a:ArrayOfdouble" xmlns:a="http://schemas.microsoft.com/2003/10/Serialization/Arrays"><a:double>0</a:double><a:double>0</a:double><a:double>0</a:double></Value></Attribute><Attribute z:Id="i6"><AttributeType>rpy</AttributeType><IsRequired>true</IsRequired><Value i:type="a:ArrayOfdouble" xmlns:a="http://schemas.microsoft.com/2003/10/Serialization/Arrays"><a:double>0</a:double><a:double>0</a:double><a:double>0</a:double></Value></Attribute></Attributes><ChildElements/><ElementName>origin</ElementName><required>false</required><RPYAttribute z:Ref="i6"/><XYZAttribute z:Ref="i5"/><isCustomized>false</isCustomized></URDFElement><URDFElement z:Id="i7" i:type="Mass"><Attributes><Attribute z:Id="i8"><AttributeType>value</AttributeType><IsRequired>true</IsRequired><Value i:type="a:double" xmlns:a="http://www.w3.org/2001/XMLSchema">0</Value></Attribute></Attributes><ChildElements/><ElementName>mass</ElementName><required>false</required><ValueAttribute z:Ref="i8"/></URDFElement><URDFElement z:Id="i9" i:type="Inertia"><Attributes><Attribute z:Id="i10"><AttributeType>ixx</AttributeType><IsRequired>true</IsRequired><Value i:type="a:double" xmlns:a="http://www.w3.org/2001/XMLSchema">0</Value></Attribute><Attribute z:Id="i11"><AttributeType>ixy</AttributeType><IsRequired>true</IsRequired><Value i:type="a:double" xmlns:a="http://www.w3.org/2001/XMLSchema">0</Value></Attribute><Attribute z:Id="i12"><AttributeType>ixz</AttributeType><IsRequired>true</IsRequired><Value i:type="a:double" xmlns:a="http://www.w3.org/2001/XMLSchema">0</Value></Attribute><Attribute z:Id="i13"><AttributeType>iyy</AttributeType><IsRequired>true</IsRequired><Value i:type="a:double" xmlns:a="http://www.w3.org/2001/XMLSchema">0</Value></Attribute><Attribute z:Id="i14"><AttributeType>iyz</AttributeType><IsRequired>true</IsRequired><Value i:type="a:double" xmlns:a="http://www.w3.org/2001/XMLSchema">0</Value></Attribute><Attribute z:Id="i15"><AttributeType>izz</AttributeType><IsRequired>true</IsRequired><Value i:type="a:double" xmlns:a="http://www.w3.org/2001/XMLSchema">0</Value></Attribute></Attributes><ChildElements/><ElementName>inertia</ElementName><required>false</required><IxxAttribute z:Ref="i10"/><IxyAttribute z:Ref="i11"/><IxzAttribute z:Ref="i12"/><IyyAttribute z:Ref="i13"/><IyzAttribute z:Ref="i14"/><IzzAttribute z:Ref="i15"/></URDFElement></ChildElements><ElementName>inertial</ElementName><required>false</required><Inertia z:Ref="i9"/><Mass z:Ref="i7"/><Origin z:Ref="i4"/></URDFElement><URDFElement z:Id="i16" i:type="Visual"><Attributes/><ChildElements><URDFElement z:Id="i17" i:type="Origin"><Attributes><Attribute z:Id="i18"><AttributeType>xyz</AttributeType><IsRequired>true</IsRequired><Value i:type="a:ArrayOfdouble" xmlns:a="http://schemas.microsoft.com/2003/10/Serialization/Arrays"><a:double>0</a:double><a:double>0</a:double><a:double>0</a:double></Value></Attribute><Attribute z:Id="i19"><AttributeType>rpy</AttributeType><IsRequired>true</IsRequired><Value i:type="a:ArrayOfdouble" xmlns:a="http://schemas.microsoft.com/2003/10/Serialization/Arrays"><a:double>0</a:double><a:double>0</a:double><a:double>0</a:double></Value></Attribute></Attributes><ChildElements/><ElementName>origin</ElementName><required>false</required><RPYAttribute z:Ref="i19"/><XYZAttribute z:Ref="i18"/><isCustomized>false</isCustomized></URDFElement><URDFElement z:Id="i20" i:type="Geometry"><Attributes/><ChildElements><URDFElement z:Id="i21" i:type="Mesh"><Attributes><Attribute z:Id="i22"><AttributeType>filename</AttributeType><IsRequired>true</IsRequired><Value i:nil="true"/></Attribute></Attributes><ChildElements/><ElementName>mesh</ElementName><required>false</required><FilenameAttribute z:Ref="i22"/></URDFElement></ChildElements><ElementName>geometry</ElementName><required>true</required><Mesh z:Ref="i21"/></URDFElement><URDFElement z:Id="i23" i:type="Material"><Attributes><Attribute z:Id="i24"><AttributeType>name</AttributeType><IsRequired>true</IsRequired><Value i:type="a:string" xmlns:a="http://www.w3.org/2001/XMLSchema"/></Attribute></Attributes><ChildElements><URDFElement z:Id="i25" i:type="Color"><Attributes><Attribute z:Id="i26"><AttributeType>rgba</AttributeType><IsRequired>true</IsRequired><Value i:type="a:ArrayOfdouble" xmlns:a="http://schemas.microsoft.com/2003/10/Serialization/Arrays"><a:double>1</a:double><a:double>1</a:double><a:double>1</a:double><a:double>1</a:double></Value></Attribute></Attributes><ChildElements/><ElementName>color</ElementName><required>false</required><RGBAAttribute z:Ref="i26"/></URDFElement><URDFElement z:Id="i27" i:type="Texture"><Attributes><Attribute z:Id="i28"><AttributeType>filename</AttributeType><IsRequired>true</IsRequired><Value i:nil="true"/></Attribute></Attributes><ChildElements/><ElementName>texture</ElementName><required>false</required><FilenameAttribute z:Ref="i28"/><wFilename/></URDFElement></ChildElements><ElementName>material</ElementName><required>false</required><Color z:Ref="i25"/><NameAttribute z:Ref="i24"/><Texture z:Ref="i27"/></URDFElement></ChildElements><ElementName>visual</ElementName><required>false</required><Geometry z:Ref="i20"/><Material z:Ref="i23"/><Origin z:Ref="i17"/></URDFElement><URDFElement z:Id="i29" i:type="Collision"><Attributes/><ChildElements><URDFElement z:Id="i30" i:type="Origin"><Attributes><Attribute z:Id="i31"><AttributeType>xyz</AttributeType><IsRequired>true</IsRequired><Value i:type="a:ArrayOfdouble" xmlns:a="http://schemas.microsoft.com/2003/10/Serialization/Arrays"><a:double>0</a:double><a:double>0</a:double><a:double>0</a:double></Value></Attribute><Attribute z:Id="i32"><AttributeType>rpy</AttributeType><IsRequired>true</IsRequired><Value i:type="a:ArrayOfdouble" xmlns:a="http://schemas.microsoft.com/2003/10/Serialization/Arrays"><a:double>0</a:double><a:double>0</a:double><a:double>0</a:double></Value></Attribute></Attributes><ChildElements/><ElementName>origin</ElementName><required>false</required><RPYAttribute z:Ref="i32"/><XYZAttribute z:Ref="i31"/><isCustomized>false</isCustomized></URDFElement><URDFElement z:Id="i33" i:type="Geometry"><Attributes/><ChildElements><URDFElement z:Id="i34" i:type="Mesh"><Attributes><Attribute z:Id="i35"><AttributeType>filename</AttributeType><IsRequired>true</IsRequired><Value i:nil="true"/></Attribute></Attributes><ChildElements/><ElementName>mesh</ElementName><required>false</required><FilenameAttribute z:Ref="i35"/></URDFElement></ChildElements><ElementName>geometry</ElementName><required>true</required><Mesh z:Ref="i34"/></URDFElement></ChildElements><ElementName>collision</ElementName><required>false</required><Geometry z:Ref="i33"/><Origin z:Ref="i30"/></URDFElement><URDFElement z:Id="i36" i:type="Joint"><Attributes><Attribute z:Id="i37"><AttributeType>name</AttributeType><IsRequired>true</IsRequired><Value i:type="a:string" xmlns:a="http://www.w3.org/2001/XMLSchema"/></Attribute><Attribute z:Id="i38"><AttributeType>type</AttributeType><IsRequired>true</IsRequired><Value i:type="a:string" xmlns:a="http://www.w3.org/2001/XMLSchema"/></Attribute></Attributes><ChildElements><URDFElement z:Id="i39" i:type="Origin"><Attributes><Attribute z:Id="i40"><AttributeType>xyz</AttributeType><IsRequired>true</IsRequired><Value i:type="a:ArrayOfdouble" xmlns:a="http://schemas.microsoft.com/2003/10/Serialization/Arrays"><a:double>0</a:double><a:double>0</a:double><a:double>0</a:double></Value></Attribute><Attribute z:Id="i41"><AttributeType>rpy</AttributeType><IsRequired>true</IsRequired><Value i:type="a:ArrayOfdouble" xmlns:a="http://schemas.microsoft.com/2003/10/Serialization/Arrays"><a:double>0</a:double><a:double>0</a:double><a:double>0</a:double></Value></Attribute></Attributes><ChildElements/><ElementName>origin</ElementName><required>false</required><RPYAttribute z:Ref="i41"/><XYZAttribute z:Ref="i40"/><isCustomized>false</isCustomized></URDFElement><URDFElement z:Id="i42" i:type="ParentLink"><Attributes><Attribute z:Id="i43"><AttributeType>link</AttributeType><IsRequired>true</IsRequired><Value i:type="a:string" xmlns:a="http://www.w3.org/2001/XMLSchema"/></Attribute></Attributes><ChildElements/><ElementName>parent</ElementName><required>true</required><NameAttribute z:Ref="i43"/></URDFElement><URDFElement z:Id="i44" i:type="ChildLink"><Attributes><Attribute z:Id="i45"><AttributeType>link</AttributeType><IsRequired>true</IsRequired><Value i:type="a:string" xmlns:a="http://www.w3.org/2001/XMLSchema"/></Attribute></Attributes><ChildElements/><ElementName>child</ElementName><required>true</required><NameAttribute z:Ref="i45"/></URDFElement><URDFElement z:Id="i46" i:type="Axis"><Attributes><Attribute z:Id="i47"><AttributeType>xyz</AttributeType><IsRequired>true</IsRequired><Value i:type="a:ArrayOfdouble" xmlns:a="http://schemas.microsoft.com/2003/10/Serialization/Arrays"><a:double>0</a:double><a:double>0</a:double><a:double>0</a:double></Value></Attribute></Attributes><ChildElements/><ElementName>axis</ElementName><required>false</required><XYZAttribute z:Ref="i47"/></URDFElement><URDFElement z:Id="i48" i:type="Limit"><Attributes><Attribute z:Id="i49"><AttributeType>lower</AttributeType><IsRequired>false</IsRequired><Value i:nil="true"/></Attribute><Attribute z:Id="i50"><AttributeType>upper</AttributeType><IsRequired>false</IsRequired><Value i:nil="true"/></Attribute><Attribute z:Id="i51"><AttributeType>effort</AttributeType><IsRequired>true</IsRequired><Value i:nil="true"/></Attribute><Attribute z:Id="i52"><AttributeType>velocity</AttributeType><IsRequired>true</IsRequired><Value i:nil="true"/></Attribute></Attributes><ChildElements/><ElementName>limit</ElementName><required>false</required><EffortAttribute z:Ref="i51"/><LowerAttribute z:Ref="i49"/><UpperAttribute z:Ref="i50"/><VelocityAttribute z:Ref="i52"/></URDFElement><URDFElement z:Id="i53" i:type="Calibration"><Attributes><Attribute z:Id="i54"><AttributeType>rising</AttributeType><IsRequired>false</IsRequired><Value i:nil="true"/></Attribute><Attribute z:Id="i55"><AttributeType>falling</AttributeType><IsRequired>false</IsRequired><Value i:nil="true"/></Attribute></Attributes><ChildElements/><ElementName>calibration</ElementName><required>false</required><FallingAttribute z:Ref="i55"/><RisingAttribute z:Ref="i54"/></URDFElement><URDFElement z:Id="i56" i:type="Dynamics"><Attributes><Attribute z:Id="i57"><AttributeType>damping</AttributeType><IsRequired>false</IsRequired><Value i:nil="true"/></Attribute><Attribute z:Id="i58"><AttributeType>friction</AttributeType><IsRequired>false</IsRequired><Value i:nil="true"/></Attribute></Attributes><ChildElements/><ElementName>dynamics</ElementName><required>false</required><DampingAttribute z:Ref="i57"/><FrictionAttribute z:Ref="i58"/></URDFElement><URDFElement z:Id="i59" i:type="SafetyController"><Attributes><Attribute z:Id="i60"><AttributeType>soft_upper_limit</AttributeType><IsRequired>false</IsRequired><Value i:nil="true"/></Attribute><Attribute z:Id="i61"><AttributeType>soft_lower_limit</AttributeType><IsRequired>false</IsRequired><Value i:nil="true"/></Attribute><Attribute z:Id="i62"><AttributeType>k_position</AttributeType><IsRequired>false</IsRequired><Value i:nil="true"/></Attribute><Attribute z:Id="i63"><AttributeType>k_velocity</AttributeType><IsRequired>true</IsRequired><Value i:nil="true"/></Attribute></Attributes><ChildElements/><ElementName>safety_controller</ElementName><required>false</required><KPositionAttribute z:Ref="i62"/><KVelocityAttribute z:Ref="i63"/><SoftLowerAttribute z:Ref="i61"/><SoftUpperAttribute z:Ref="i60"/></URDFElement><URDFElement z:Id="i64" i:type="Mimic"><Attributes><Attribute z:Id="i65"><AttributeType>joint</AttributeType><IsRequired>true</IsRequired><Value i:nil="true"/></Attribute><Attribute z:Id="i66"><AttributeType>multiplier</AttributeType><IsRequired>false</IsRequired><Value i:nil="true"/></Attribute><Attribute z:Id="i67"><AttributeType>offset</AttributeType><IsRequired>false</IsRequired><Value i:nil="true"/></Attribute></Attributes><ChildElements/><ElementName>mimic</ElementName><required>false</required><JointNameAttribute z:Ref="i65"/><MultiplierAttribute z:Ref="i66"/><OffsetAttribute z:Ref="i67"/></URDFElement></ChildElements><ElementName>joint</ElementName><required>false</required><Axis z:Ref="i46"/><AxisName/><Calibration z:Ref="i53"/><Child z:Ref="i44"/><CoordinateSystemName>Automatically Generate</CoordinateSystemName><Dynamics z:Ref="i56"/><Limit z:Ref="i48"/><Mimic z:Ref="i64"/><NameAttribute z:Ref="i37"/><Origin z:Ref="i39"/><Parent z:Ref="i42"/><Safety z:Ref="i59"/><TypeAttribute z:Ref="i38"/></URDFElement></ChildElements><ElementName>link</ElementName><required>true</required><Children><Link z:Id="i68"><Attributes><Attribute z:Id="i69"><AttributeType>name</AttributeType><IsRequired>true</IsRequired><Value i:type="a:string" xmlns:a="http://www.w3.org/2001/XMLSchema">thruster1_Link</Value></Attribute></Attributes><ChildElements><URDFElement z:Id="i70" i:type="Inertial"><Attributes/><ChildElements><URDFElement z:Id="i71" i:type="Origin"><Attributes><Attribute z:Id="i72"><AttributeType>xyz</AttributeType><IsRequired>true</IsRequired><Value i:type="a:ArrayOfdouble" xmlns:a="http://schemas.microsoft.com/2003/10/Serialization/Arrays"><a:double>0</a:double><a:double>0</a:double><a:double>0</a:double></Value></Attribute><Attribute z:Id="i73"><AttributeType>rpy</AttributeType><IsRequired>true</IsRequired><Value i:type="a:ArrayOfdouble" xmlns:a="http://schemas.microsoft.com/2003/10/Serialization/Arrays"><a:double>0</a:double><a:double>0</a:double><a:double>0</a:double></Value></Attribute></Attributes><ChildElements/><ElementName>origin</ElementName><required>false</required><RPYAttribute z:Ref="i73"/><XYZAttribute z:Ref="i72"/><isCustomized>false</isCustomized></URDFElement><URDFElement z:Id="i74" i:type="Mass"><Attributes><Attribute z:Id="i75"><AttributeType>value</AttributeType><IsRequired>true</IsRequired><Value i:type="a:double" xmlns:a="http://www.w3.org/2001/XMLSchema">0</Value></Attribute></Attributes><ChildElements/><ElementName>mass</ElementName><required>false</required><ValueAttribute z:Ref="i75"/></URDFElement><URDFElement z:Id="i76" i:type="Inertia"><Attributes><Attribute z:Id="i77"><AttributeType>ixx</AttributeType><IsRequired>true</IsRequired><Value i:type="a:double" xmlns:a="http://www.w3.org/2001/XMLSchema">0</Value></Attribute><Attribute z:Id="i78"><AttributeType>ixy</AttributeType><IsRequired>true</IsRequired><Value i:type="a:double" xmlns:a="http://www.w3.org/2001/XMLSchema">0</Value></Attribute><Attribute z:Id="i79"><AttributeType>ixz</AttributeType><IsRequired>true</IsRequired><Value i:type="a:double" xmlns:a="http://www.w3.org/2001/XMLSchema">0</Value></Attribute><Attribute z:Id="i80"><AttributeType>iyy</AttributeType><IsRequired>true</IsRequired><Value i:type="a:double" xmlns:a="http://www.w3.org/2001/XMLSchema">0</Value></Attribute><Attribute z:Id="i81"><AttributeType>iyz</AttributeType><IsRequired>true</IsRequired><Value i:type="a:double" xmlns:a="http://www.w3.org/2001/XMLSchema">0</Value></Attribute><Attribute z:Id="i82"><AttributeType>izz</AttributeType><IsRequired>true</IsRequired><Value i:type="a:double" xmlns:a="http://www.w3.org/2001/XMLSchema">0</Value></Attribute></Attributes><ChildElements/><ElementName>inertia</ElementName><required>false</required><IxxAttribute z:Ref="i77"/><IxyAttribute z:Ref="i78"/><IxzAttribute z:Ref="i79"/><IyyAttribute z:Ref="i80"/><IyzAttribute z:Ref="i81"/><IzzAttribute z:Ref="i82"/></URDFElement></ChildElements><ElementName>inertial</ElementName><required>false</required><Inertia z:Ref="i76"/><Mass z:Ref="i74"/><Origin z:Ref="i71"/></URDFElement><URDFElement z:Id="i83" i:type="Visual"><Attributes/><ChildElements><URDFElement z:Id="i84" i:type="Origin"><Attributes><Attribute z:Id="i85"><AttributeType>xyz</AttributeType><IsRequired>true</IsRequired><Value i:type="a:ArrayOfdouble" xmlns:a="http://schemas.microsoft.com/2003/10/Serialization/Arrays"><a:double>0</a:double><a:double>0</a:double><a:double>0</a:double></Value></Attribute><Attribute z:Id="i86"><AttributeType>rpy</AttributeType><IsRequired>true</IsRequired><Value i:type="a:ArrayOfdouble" xmlns:a="http://schemas.microsoft.com/2003/10/Serialization/Arrays"><a:double>0</a:double><a:double>0</a:double><a:double>0</a:double></Value></Attribute></Attributes><ChildElements/><ElementName>origin</ElementName><required>false</required><RPYAttribute z:Ref="i86"/><XYZAttribute z:Ref="i85"/><isCustomized>false</isCustomized></URDFElement><URDFElement z:Id="i87" i:type="Geometry"><Attributes/><ChildElements><URDFElement z:Id="i88" i:type="Mesh"><Attributes><Attribute z:Id="i89"><AttributeType>filename</AttributeType><IsRequired>true</IsRequired><Value i:nil="true"/></Attribute></Attributes><ChildElements/><ElementName>mesh</ElementName><required>false</required><FilenameAttribute z:Ref="i89"/></URDFElement></ChildElements><ElementName>geometry</ElementName><required>true</required><Mesh z:Ref="i88"/></URDFElement><URDFElement z:Id="i90" i:type="Material"><Attributes><Attribute z:Id="i91"><AttributeType>name</AttributeType><IsRequired>true</IsRequired><Value i:type="a:string" xmlns:a="http://www.w3.org/2001/XMLSchema"/></Attribute></Attributes><ChildElements><URDFElement z:Id="i92" i:type="Color"><Attributes><Attribute z:Id="i93"><AttributeType>rgba</AttributeType><IsRequired>true</IsRequired><Value i:type="a:ArrayOfdouble" xmlns:a="http://schemas.microsoft.com/2003/10/Serialization/Arrays"><a:double>1</a:double><a:double>1</a:double><a:double>1</a:double><a:double>1</a:double></Value></Attribute></Attributes><ChildElements/><ElementName>color</ElementName><required>false</required><RGBAAttribute z:Ref="i93"/></URDFElement><URDFElement z:Id="i94" i:type="Texture"><Attributes><Attribute z:Id="i95"><AttributeType>filename</AttributeType><IsRequired>true</IsRequired><Value i:nil="true"/></Attribute></Attributes><ChildElements/><ElementName>texture</ElementName><required>false</required><FilenameAttribute z:Ref="i95"/><wFilename/></URDFElement></ChildElements><ElementName>material</ElementName><required>false</required><Color z:Ref="i92"/><NameAttribute z:Ref="i91"/><Texture z:Ref="i94"/></URDFElement></ChildElements><ElementName>visual</ElementName><required>false</required><Geometry z:Ref="i87"/><Material z:Ref="i90"/><Origin z:Ref="i84"/></URDFElement><URDFElement z:Id="i96" i:type="Collision"><Attributes/><ChildElements><URDFElement z:Id="i97" i:type="Origin"><Attributes><Attribute z:Id="i98"><AttributeType>xyz</AttributeType><IsRequired>true</IsRequired><Value i:type="a:ArrayOfdouble" xmlns:a="http://schemas.microsoft.com/2003/10/Serialization/Arrays"><a:double>0</a:double><a:double>0</a:double><a:double>0</a:double></Value></Attribute><Attribute z:Id="i99"><AttributeType>rpy</AttributeType><IsRequired>true</IsRequired><Value i:type="a:ArrayOfdouble" xmlns:a="http://schemas.microsoft.com/2003/10/Serialization/Arrays"><a:double>0</a:double><a:double>0</a:double><a:double>0</a:double></Value></Attribute></Attributes><ChildElements/><ElementName>origin</ElementName><required>false</required><RPYAttribute z:Ref="i99"/><XYZAttribute z:Ref="i98"/><isCustomized>false</isCustomized></URDFElement><URDFElement z:Id="i100" i:type="Geometry"><Attributes/><ChildElements><URDFElement z:Id="i101" i:type="Mesh"><Attributes><Attribute z:Id="i102"><AttributeType>filename</AttributeType><IsRequired>true</IsRequired><Value i:nil="true"/></Attribute></Attributes><ChildElements/><ElementName>mesh</ElementName><required>false</required><FilenameAttribute z:Ref="i102"/></URDFElement></ChildElements><ElementName>geometry</ElementName><required>true</required><Mesh z:Ref="i101"/></URDFElement></ChildElements><ElementName>collision</ElementName><required>false</required><Geometry z:Ref="i100"/><Origin z:Ref="i97"/></URDFElement><URDFElement z:Id="i103" i:type="Joint"><Attributes><Attribute z:Id="i104"><AttributeType>name</AttributeType><IsRequired>true</IsRequired><Value i:type="a:string" xmlns:a="http://www.w3.org/2001/XMLSchema">joint1_turuster1</Value></Attribute><Attribute z:Id="i105"><AttributeType>type</AttributeType><IsRequired>true</IsRequired><Value i:type="a:string" xmlns:a="http://www.w3.org/2001/XMLSchema">fixed</Value></Attribute></Attributes><ChildElements><URDFElement z:Id="i106" i:type="Origin"><Attributes><Attribute z:Id="i107"><AttributeType>xyz</AttributeType><IsRequired>true</IsRequired><Value i:type="a:ArrayOfdouble" xmlns:a="http://schemas.microsoft.com/2003/10/Serialization/Arrays"><a:double>0</a:double><a:double>0</a:double><a:double>0</a:double></Value></Attribute><Attribute z:Id="i108"><AttributeType>rpy</AttributeType><IsRequired>true</IsRequired><Value i:type="a:ArrayOfdouble" xmlns:a="http://schemas.microsoft.com/2003/10/Serialization/Arrays"><a:double>0</a:double><a:double>0</a:double><a:double>0</a:double></Value></Attribute></Attributes><ChildElements/><ElementName>origin</ElementName><required>false</required><RPYAttribute z:Ref="i108"/><XYZAttribute z:Ref="i107"/><isCustomized>false</isCustomized></URDFElement><URDFElement z:Id="i109" i:type="ParentLink"><Attributes><Attribute z:Id="i110"><AttributeType>link</AttributeType><IsRequired>true</IsRequired><Value i:type="a:string" xmlns:a="http://www.w3.org/2001/XMLSchema"/></Attribute></Attributes><ChildElements/><ElementName>parent</ElementName><required>true</required><NameAttribute z:Ref="i110"/></URDFElement><URDFElement z:Id="i111" i:type="ChildLink"><Attributes><Attribute z:Id="i112"><AttributeType>link</AttributeType><IsRequired>true</IsRequired><Value i:type="a:string" xmlns:a="http://www.w3.org/2001/XMLSchema"/></Attribute></Attributes><ChildElements/><ElementName>child</ElementName><required>true</required><NameAttribute z:Ref="i112"/></URDFElement><URDFElement z:Id="i113" i:type="Axis"><Attributes><Attribute z:Id="i114"><AttributeType>xyz</AttributeType><IsRequired>true</IsRequired><Value i:type="a:ArrayOfdouble" xmlns:a="http://schemas.microsoft.com/2003/10/Serialization/Arrays"><a:double>0</a:double><a:double>0</a:double><a:double>0</a:double></Value></Attribute></Attributes><ChildElements/><ElementName>axis</ElementName><required>false</required><XYZAttribute z:Ref="i114"/></URDFElement><URDFElement z:Id="i115" i:type="Limit"><Attributes><Attribute z:Id="i116"><AttributeType>lower</AttributeType><IsRequired>false</IsRequired><Value i:nil="true"/></Attribute><Attribute z:Id="i117"><AttributeType>upper</AttributeType><IsRequired>false</IsRequired><Value i:nil="true"/></Attribute><Attribute z:Id="i118"><AttributeType>effort</AttributeType><IsRequired>true</IsRequired><Value i:nil="true"/></Attribute><Attribute z:Id="i119"><AttributeType>velocity</AttributeType><IsRequired>true</IsRequired><Value i:nil="true"/></Attribute></Attributes><ChildElements/><ElementName>limit</ElementName><required>false</required><EffortAttribute z:Ref="i118"/><LowerAttribute z:Ref="i116"/><UpperAttribute z:Ref="i117"/><VelocityAttribute z:Ref="i119"/></URDFElement><URDFElement z:Id="i120" i:type="Calibration"><Attributes><Attribute z:Id="i121"><AttributeType>rising</AttributeType><IsRequired>false</IsRequired><Value i:nil="true"/></Attribute><Attribute z:Id="i122"><AttributeType>falling</AttributeType><IsRequired>false</IsRequired><Value i:nil="true"/></Attribute></Attributes><ChildElements/><ElementName>calibration</ElementName><required>false</required><FallingAttribute z:Ref="i122"/><RisingAttribute z:Ref="i121"/></URDFElement><URDFElement z:Id="i123" i:type="Dynamics"><Attributes><Attribute z:Id="i124"><AttributeType>damping</AttributeType><IsRequired>false</IsRequired><Value i:nil="true"/></Attribute><Attribute z:Id="i125"><AttributeType>friction</AttributeType><IsRequired>false</IsRequired><Value i:nil="true"/></Attribute></Attributes><ChildElements/><ElementName>dynamics</ElementName><required>false</required><DampingAttribute z:Ref="i124"/><FrictionAttribute z:Ref="i125"/></URDFElement><URDFElement z:Id="i126" i:type="SafetyController"><Attributes><Attribute z:Id="i127"><AttributeType>soft_upper_limit</AttributeType><IsRequired>false</IsRequired><Value i:nil="true"/></Attribute><Attribute z:Id="i128"><AttributeType>soft_lower_limit</AttributeType><IsRequired>false</IsRequired><Value i:nil="true"/></Attribute><Attribute z:Id="i129"><AttributeType>k_position</AttributeType><IsRequired>false</IsRequired><Value i:nil="true"/></Attribute><Attribute z:Id="i130"><AttributeType>k_velocity</AttributeType><IsRequired>true</IsRequired><Value i:nil="true"/></Attribute></Attributes><ChildElements/><ElementName>safety_controller</ElementName><required>false</required><KPositionAttribute z:Ref="i129"/><KVelocityAttribute z:Ref="i130"/><SoftLowerAttribute z:Ref="i128"/><SoftUpperAttribute z:Ref="i127"/></URDFElement><URDFElement z:Id="i131" i:type="Mimic"><Attributes><Attribute z:Id="i132"><AttributeType>joint</AttributeType><IsRequired>true</IsRequired><Value i:nil="true"/></Attribute><Attribute z:Id="i133"><AttributeType>multiplier</AttributeType><IsRequired>false</IsRequired><Value i:nil="true"/></Attribute><Attribute z:Id="i134"><AttributeType>offset</AttributeType><IsRequired>false</IsRequired><Value i:nil="true"/></Attribute></Attributes><ChildElements/><ElementName>mimic</ElementName><required>false</required><JointNameAttribute z:Ref="i132"/><MultiplierAttribute z:Ref="i133"/><OffsetAttribute z:Ref="i134"/></URDFElement></ChildElements><ElementName>joint</ElementName><required>false</required><Axis z:Ref="i113"/><AxisName>?????????1</AxisName><Calibration z:Ref="i120"/><Child z:Ref="i111"/><CoordinateSystemName>Automatically Generate</CoordinateSystemName><Dynamics z:Ref="i123"/><Limit z:Ref="i115"/><Mimic z:Ref="i131"/><NameAttribute z:Ref="i104"/><Origin z:Ref="i106"/><Parent z:Ref="i109"/><Safety z:Ref="i126"/><TypeAttribute z:Ref="i105"/></URDFElement></ChildElements><ElementName>link</ElementName><required>true</required><Children/><Collision z:Ref="i96"/><Inertial z:Ref="i70"/><Joint z:Ref="i103"/><NameAttribute z:Ref="i69"/><Parent z:Ref="i1"/><STLQualityFine>false</STLQualityFine><SWComponentPIDs xmlns:a="http://schemas.microsoft.com/2003/10/Serialization/Arrays"><a:base64Binary>OEoAAAUAAAD//v9oUAA3ADUAXwBfAF8AXwBfAF8ALgAuAF8AXwBfAF8AKAAxACkALQAxAC0AMQBAANtWuWViXzmCxYhNkf5WLwBQADcANQBfAFgAMgBfADYAMwBhADgAOABmAGQAYgA1ADYANgA4ADYAYwBhADEANwBmADUAMQA3AGYANgA5ADQAZQAwADkANwBlAGYANAA1ADYAZgBlAF8AWAAwAF8AXwAxADMALQAxAEAAUAA3ADUAXwBfAF8AXwBfAF8ALgAuAF8AXwBfAF8AKAAxACkALQAxAAQAAAAQAAAAAQAAAAIAAAAgAAAALwAAAA==</a:base64Binary><a:base64Binary>OEoAAAUAAAD//v9oUAA3ADUAXwBfAF8AXwBfAF8ALgAuAF8AXwBfAF8AKAAxACkALQAxAC0AMQBAANtWuWViXzmCxYhNkf5WLwBQADcANQBfAFgAMgBfADYAMwBhADgAOABmAGQAYgA1ADYANgA4ADYAYwBhADEANwBmADUAMQA3AGYANgA5ADQAZQAwADkANwBlAGYANAA1ADYAZgBlAF8AWAAwAF8AXwAxADQALQAxAEAAUAA3ADUAXwBfAF8AXwBfAF8ALgAuAF8AXwBfAF8AKAAxACkALQAxAAQAAAAQAAAAAQAAAAIAAAAgAAAALAAAAA==</a:base64Binary><a:base64Binary>OEoAAAUAAAD//v9nUAA3ADUAXwBfAF8AXwBfAF8ALgAuAF8AXwBfAF8AKAAxACkALQAxAC0AMQBAANtWuWViXzmCxYhNkf5WLwBQADcANQBfAFgAMgBfADYAMwBhADgAOABmAGQAYgA1ADYANgA4ADYAYwBhADEANwBmADUAMQA3AGYANgA5ADQAZQAwADkANwBlAGYANAA1ADYAZgBlAF8AWAAwAF8AXwA2AC0AMQBAAFAANwA1AF8AXwBfAF8AXwBfAC4ALgBfAF8AXwBfACgAMQApAC0AMQAEAAAAEAAAAAEAAAACAAAAIAAAABoAAAA=</a:base64Binary><a:base64Binary>OEoAAAUAAAD//v9oUAA3ADUAXwBfAF8AXwBfAF8ALgAuAF8AXwBfAF8AKAAxACkALQAxAC0AMQBAANtWuWViXzmCxYhNkf5WLwBQADcANQBfAFgAMgBfADYAMwBhADgAOABmAGQAYgA1ADYANgA4ADYAYwBhADEANwBmADUAMQA3AGYANgA5ADQAZQAwADkANwBlAGYANAA1ADYAZgBlAF8AWAAwAF8AXwAxADEALQAxAEAAUAA3ADUAXwBfAF8AXwBfAF8ALgAuAF8AXwBfAF8AKAAxACkALQAxAAQAAAAQAAAAAQAAAAIAAAAgAAAALQAAAA==</a:base64Binary></SWComponentPIDs><SWMainComponentPID i:nil="true"/><Visual z:Ref="i83"/><isFixedFrame>false</isFixedFrame><isIncomplete>false</isIncomplete></Link><Link z:Id="i135"><Attributes><Attribute z:Id="i136"><AttributeType>name</AttributeType><IsRequired>true</IsRequired><Value i:type="a:string" xmlns:a="http://www.w3.org/2001/XMLSchema">thruster2_Link</Value></Attribute></Attributes><ChildElements><URDFElement z:Id="i137" i:type="Inertial"><Attributes/><ChildElements><URDFElement z:Id="i138" i:type="Origin"><Attributes><Attribute z:Id="i139"><AttributeType>xyz</AttributeType><IsRequired>true</IsRequired><Value i:type="a:ArrayOfdouble" xmlns:a="http://schemas.microsoft.com/2003/10/Serialization/Arrays"><a:double>0</a:double><a:double>0</a:double><a:double>0</a:double></Value></Attribute><Attribute z:Id="i140"><AttributeType>rpy</AttributeType><IsRequired>true</IsRequired><Value i:type="a:ArrayOfdouble" xmlns:a="http://schemas.microsoft.com/2003/10/Serialization/Arrays"><a:double>0</a:double><a:double>0</a:double><a:double>0</a:double></Value></Attribute></Attributes><ChildElements/><ElementName>origin</ElementName><required>false</required><RPYAttribute z:Ref="i140"/><XYZAttribute z:Ref="i139"/><isCustomized>false</isCustomized></URDFElement><URDFElement z:Id="i141" i:type="Mass"><Attributes><Attribute z:Id="i142"><AttributeType>value</AttributeType><IsRequired>true</IsRequired><Value i:type="a:double" xmlns:a="http://www.w3.org/2001/XMLSchema">0</Value></Attribute></Attributes><ChildElements/><ElementName>mass</ElementName><required>false</required><ValueAttribute z:Ref="i142"/></URDFElement><URDFElement z:Id="i143" i:type="Inertia"><Attributes><Attribute z:Id="i144"><AttributeType>ixx</AttributeType><IsRequired>true</IsRequired><Value i:type="a:double" xmlns:a="http://www.w3.org/2001/XMLSchema">0</Value></Attribute><Attribute z:Id="i145"><AttributeType>ixy</AttributeType><IsRequired>true</IsRequired><Value i:type="a:double" xmlns:a="http://www.w3.org/2001/XMLSchema">0</Value></Attribute><Attribute z:Id="i146"><AttributeType>ixz</AttributeType><IsRequired>true</IsRequired><Value i:type="a:double" xmlns:a="http://www.w3.org/2001/XMLSchema">0</Value></Attribute><Attribute z:Id="i147"><AttributeType>iyy</AttributeType><IsRequired>true</IsRequired><Value i:type="a:double" xmlns:a="http://www.w3.org/2001/XMLSchema">0</Value></Attribute><Attribute z:Id="i148"><AttributeType>iyz</AttributeType><IsRequired>true</IsRequired><Value i:type="a:double" xmlns:a="http://www.w3.org/2001/XMLSchema">0</Value></Attribute><Attribute z:Id="i149"><AttributeType>izz</AttributeType><IsRequired>true</IsRequired><Value i:type="a:double" xmlns:a="http://www.w3.org/2001/XMLSchema">0</Value></Attribute></Attributes><ChildElements/><ElementName>inertia</ElementName><required>false</required><IxxAttribute z:Ref="i144"/><IxyAttribute z:Ref="i145"/><IxzAttribute z:Ref="i146"/><IyyAttribute z:Ref="i147"/><IyzAttribute z:Ref="i148"/><IzzAttribute z:Ref="i149"/></URDFElement></ChildElements><ElementName>inertial</ElementName><required>false</required><Inertia z:Ref="i143"/><Mass z:Ref="i141"/><Origin z:Ref="i138"/></URDFElement><URDFElement z:Id="i150" i:type="Visual"><Attributes/><ChildElements><URDFElement z:Id="i151" i:type="Origin"><Attributes><Attribute z:Id="i152"><AttributeType>xyz</AttributeType><IsRequired>true</IsRequired><Value i:type="a:ArrayOfdouble" xmlns:a="http://schemas.microsoft.com/2003/10/Serialization/Arrays"><a:double>0</a:double><a:double>0</a:double><a:double>0</a:double></Value></Attribute><Attribute z:Id="i153"><AttributeType>rpy</AttributeType><IsRequired>true</IsRequired><Value i:type="a:ArrayOfdouble" xmlns:a="http://schemas.microsoft.com/2003/10/Serialization/Arrays"><a:double>0</a:double><a:double>0</a:double><a:double>0</a:double></Value></Attribute></Attributes><ChildElements/><ElementName>origin</ElementName><required>false</required><RPYAttribute z:Ref="i153"/><XYZAttribute z:Ref="i152"/><isCustomized>false</isCustomized></URDFElement><URDFElement z:Id="i154" i:type="Geometry"><Attributes/><ChildElements><URDFElement z:Id="i155" i:type="Mesh"><Attributes><Attribute z:Id="i156"><AttributeType>filename</AttributeType><IsRequired>true</IsRequired><Value i:nil="true"/></Attribute></Attributes><ChildElements/><ElementName>mesh</ElementName><required>false</required><FilenameAttribute z:Ref="i156"/></URDFElement></ChildElements><ElementName>geometry</ElementName><required>true</required><Mesh z:Ref="i155"/></URDFElement><URDFElement z:Id="i157" i:type="Material"><Attributes><Attribute z:Id="i158"><AttributeType>name</AttributeType><IsRequired>true</IsRequired><Value i:type="a:string" xmlns:a="http://www.w3.org/2001/XMLSchema"/></Attribute></Attributes><ChildElements><URDFElement z:Id="i159" i:type="Color"><Attributes><Attribute z:Id="i160"><AttributeType>rgba</AttributeType><IsRequired>true</IsRequired><Value i:type="a:ArrayOfdouble" xmlns:a="http://schemas.microsoft.com/2003/10/Serialization/Arrays"><a:double>1</a:double><a:double>1</a:double><a:double>1</a:double><a:double>1</a:double></Value></Attribute></Attributes><ChildElements/><ElementName>color</ElementName><required>false</required><RGBAAttribute z:Ref="i160"/></URDFElement><URDFElement z:Id="i161" i:type="Texture"><Attributes><Attribute z:Id="i162"><AttributeType>filename</AttributeType><IsRequired>true</IsRequired><Value i:nil="true"/></Attribute></Attributes><ChildElements/><ElementName>texture</ElementName><required>false</required><FilenameAttribute z:Ref="i162"/><wFilename/></URDFElement></ChildElements><ElementName>material</ElementName><required>false</required><Color z:Ref="i159"/><NameAttribute z:Ref="i158"/><Texture z:Ref="i161"/></URDFElement></ChildElements><ElementName>visual</ElementName><required>false</required><Geometry z:Ref="i154"/><Material z:Ref="i157"/><Origin z:Ref="i151"/></URDFElement><URDFElement z:Id="i163" i:type="Collision"><Attributes/><ChildElements><URDFElement z:Id="i164" i:type="Origin"><Attributes><Attribute z:Id="i165"><AttributeType>xyz</AttributeType><IsRequired>true</IsRequired><Value i:type="a:ArrayOfdouble" xmlns:a="http://schemas.microsoft.com/2003/10/Serialization/Arrays"><a:double>0</a:double><a:double>0</a:double><a:double>0</a:double></Value></Attribute><Attribute z:Id="i166"><AttributeType>rpy</AttributeType><IsRequired>true</IsRequired><Value i:type="a:ArrayOfdouble" xmlns:a="http://schemas.microsoft.com/2003/10/Serialization/Arrays"><a:double>0</a:double><a:double>0</a:double><a:double>0</a:double></Value></Attribute></Attributes><ChildElements/><ElementName>origin</ElementName><required>false</required><RPYAttribute z:Ref="i166"/><XYZAttribute z:Ref="i165"/><isCustomized>false</isCustomized></URDFElement><URDFElement z:Id="i167" i:type="Geometry"><Attributes/><ChildElements><URDFElement z:Id="i168" i:type="Mesh"><Attributes><Attribute z:Id="i169"><AttributeType>filename</AttributeType><IsRequired>true</IsRequired><Value i:nil="true"/></Attribute></Attributes><ChildElements/><ElementName>mesh</ElementName><required>false</required><FilenameAttribute z:Ref="i169"/></URDFElement></ChildElements><ElementName>geometry</ElementName><required>true</required><Mesh z:Ref="i168"/></URDFElement></ChildElements><ElementName>collision</ElementName><required>false</required><Geometry z:Ref="i167"/><Origin z:Ref="i164"/></URDFElement><URDFElement z:Id="i170" i:type="Joint"><Attributes><Attribute z:Id="i171"><AttributeType>name</AttributeType><IsRequired>true</IsRequired><Value i:type="a:string" xmlns:a="http://www.w3.org/2001/XMLSchema">joint2_thruster2</Value></Attribute><Attribute z:Id="i172"><AttributeType>type</AttributeType><IsRequired>true</IsRequired><Value i:type="a:string" xmlns:a="http://www.w3.org/2001/XMLSchema">fixed</Value></Attribute></Attributes><ChildElements><URDFElement z:Id="i173" i:type="Origin"><Attributes><Attribute z:Id="i174"><AttributeType>xyz</AttributeType><IsRequired>true</IsRequired><Value i:type="a:ArrayOfdouble" xmlns:a="http://schemas.microsoft.com/2003/10/Serialization/Arrays"><a:double>0</a:double><a:double>0</a:double><a:double>0</a:double></Value></Attribute><Attribute z:Id="i175"><AttributeType>rpy</AttributeType><IsRequired>true</IsRequired><Value i:type="a:ArrayOfdouble" xmlns:a="http://schemas.microsoft.com/2003/10/Serialization/Arrays"><a:double>0</a:double><a:double>0</a:double><a:double>0</a:double></Value></Attribute></Attributes><ChildElements/><ElementName>origin</ElementName><required>false</required><RPYAttribute z:Ref="i175"/><XYZAttribute z:Ref="i174"/><isCustomized>false</isCustomized></URDFElement><URDFElement z:Id="i176" i:type="ParentLink"><Attributes><Attribute z:Id="i177"><AttributeType>link</AttributeType><IsRequired>true</IsRequired><Value i:type="a:string" xmlns:a="http://www.w3.org/2001/XMLSchema"/></Attribute></Attributes><ChildElements/><ElementName>parent</ElementName><required>true</required><NameAttribute z:Ref="i177"/></URDFElement><URDFElement z:Id="i178" i:type="ChildLink"><Attributes><Attribute z:Id="i179"><AttributeType>link</AttributeType><IsRequired>true</IsRequired><Value i:type="a:string" xmlns:a="http://www.w3.org/2001/XMLSchema"/></Attribute></Attributes><ChildElements/><ElementName>child</ElementName><required>true</required><NameAttribute z:Ref="i179"/></URDFElement><URDFElement z:Id="i180" i:type="Axis"><Attributes><Attribute z:Id="i181"><AttributeType>xyz</AttributeType><IsRequired>true</IsRequired><Value i:type="a:ArrayOfdouble" xmlns:a="http://schemas.microsoft.com/2003/10/Serialization/Arrays"><a:double>0</a:double><a:double>0</a:double><a:double>0</a:double></Value></Attribute></Attributes><ChildElements/><ElementName>axis</ElementName><required>false</required><XYZAttribute z:Ref="i181"/></URDFElement><URDFElement z:Id="i182" i:type="Limit"><Attributes><Attribute z:Id="i183"><AttributeType>lower</AttributeType><IsRequired>false</IsRequired><Value i:nil="true"/></Attribute><Attribute z:Id="i184"><AttributeType>upper</AttributeType><IsRequired>false</IsRequired><Value i:nil="true"/></Attribute><Attribute z:Id="i185"><AttributeType>effort</AttributeType><IsRequired>true</IsRequired><Value i:nil="true"/></Attribute><Attribute z:Id="i186"><AttributeType>velocity</AttributeType><IsRequired>true</IsRequired><Value i:nil="true"/></Attribute></Attributes><ChildElements/><ElementName>limit</ElementName><required>false</required><EffortAttribute z:Ref="i185"/><LowerAttribute z:Ref="i183"/><UpperAttribute z:Ref="i184"/><VelocityAttribute z:Ref="i186"/></URDFElement><URDFElement z:Id="i187" i:type="Calibration"><Attributes><Attribute z:Id="i188"><AttributeType>rising</AttributeType><IsRequired>false</IsRequired><Value i:nil="true"/></Attribute><Attribute z:Id="i189"><AttributeType>falling</AttributeType><IsRequired>false</IsRequired><Value i:nil="true"/></Attribute></Attributes><ChildElements/><ElementName>calibration</ElementName><required>false</required><FallingAttribute z:Ref="i189"/><RisingAttribute z:Ref="i188"/></URDFElement><URDFElement z:Id="i190" i:type="Dynamics"><Attributes><Attribute z:Id="i191"><AttributeType>damping</AttributeType><IsRequired>false</IsRequired><Value i:nil="true"/></Attribute><Attribute z:Id="i192"><AttributeType>friction</AttributeType><IsRequired>false</IsRequired><Value i:nil="true"/></Attribute></Attributes><ChildElements/><ElementName>dynamics</ElementName><required>false</required><DampingAttribute z:Ref="i191"/><FrictionAttribute z:Ref="i192"/></URDFElement><URDFElement z:Id="i193" i:type="SafetyController"><Attributes><Attribute z:Id="i194"><AttributeType>soft_upper_limit</AttributeType><IsRequired>false</IsRequired><Value i:nil="true"/></Attribute><Attribute z:Id="i195"><AttributeType>soft_lower_limit</AttributeType><IsRequired>false</IsRequired><Value i:nil="true"/></Attribute><Attribute z:Id="i196"><AttributeType>k_position</AttributeType><IsRequired>false</IsRequired><Value i:nil="true"/></Attribute><Attribute z:Id="i197"><AttributeType>k_velocity</AttributeType><IsRequired>true</IsRequired><Value i:nil="true"/></Attribute></Attributes><ChildElements/><ElementName>safety_controller</ElementName><required>false</required><KPositionAttribute z:Ref="i196"/><KVelocityAttribute z:Ref="i197"/><SoftLowerAttribute z:Ref="i195"/><SoftUpperAttribute z:Ref="i194"/></URDFElement><URDFElement z:Id="i198" i:type="Mimic"><Attributes><Attribute z:Id="i199"><AttributeType>joint</AttributeType><IsRequired>true</IsRequired><Value i:nil="true"/></Attribute><Attribute z:Id="i200"><AttributeType>multiplier</AttributeType><IsRequired>false</IsRequired><Value i:nil="true"/></Attribute><Attribute z:Id="i201"><AttributeType>offset</AttributeType><IsRequired>false</IsRequired><Value i:nil="true"/></Attribute></Attributes><ChildElements/><ElementName>mimic</ElementName><required>false</required><JointNameAttribute z:Ref="i199"/><MultiplierAttribute z:Ref="i200"/><OffsetAttribute z:Ref="i201"/></URDFElement></ChildElements><ElementName>joint</ElementName><required>false</required><Axis z:Ref="i180"/><AxisName>?????????1</AxisName><Calibration z:Ref="i187"/><Child z:Ref="i178"/><CoordinateSystemName>Automatically Generate</CoordinateSystemName><Dynamics z:Ref="i190"/><Limit z:Ref="i182"/><Mimic z:Ref="i198"/><NameAttribute z:Ref="i171"/><Origin z:Ref="i173"/><Parent z:Ref="i176"/><Safety z:Ref="i193"/><TypeAttribute z:Ref="i172"/></URDFElement></ChildElements><ElementName>link</ElementName><required>true</required><Children/><Collision z:Ref="i163"/><Inertial z:Ref="i137"/><Joint z:Ref="i170"/><NameAttribute z:Ref="i136"/><Parent z:Ref="i1"/><STLQualityFine>false</STLQualityFine><SWComponentPIDs xmlns:a="http://schemas.microsoft.com/2003/10/Serialization/Arrays"><a:base64Binary>OEoAAAUAAAD//v9oUAA3ADUAXwBfAF8AXwBfAF8ALgAuAF8AXwBfAF8AKAAxACkALQAzAC0AMQBAANtWuWViXzmCxYhNkf5WLwBQADcANQBfAFgAMgBfADYAMwBhADgAOABmAGQAYgA1ADYANgA4ADYAYwBhADEANwBmADUAMQA3AGYANgA5ADQAZQAwADkANwBlAGYANAA1ADYAZgBlAF8AWAAwAF8AXwAxADMALQAxAEAAUAA3ADUAXwBfAF8AXwBfAF8ALgAuAF8AXwBfAF8AKAAxACkALQAzAAQAAAAQAAAAAQAAAAIAAAAiAAAALwAAAA==</a:base64Binary><a:base64Binary>OEoAAAUAAAD//v9oUAA3ADUAXwBfAF8AXwBfAF8ALgAuAF8AXwBfAF8AKAAxACkALQAzAC0AMQBAANtWuWViXzmCxYhNkf5WLwBQADcANQBfAFgAMgBfADYAMwBhADgAOABmAGQAYgA1ADYANgA4ADYAYwBhADEANwBmADUAMQA3AGYANgA5ADQAZQAwADkANwBlAGYANAA1ADYAZgBlAF8AWAAwAF8AXwAxADQALQAxAEAAUAA3ADUAXwBfAF8AXwBfAF8ALgAuAF8AXwBfAF8AKAAxACkALQAzAAQAAAAQAAAAAQAAAAIAAAAiAAAALAAAAA==</a:base64Binary><a:base64Binary>OEoAAAUAAAD//v9oUAA3ADUAXwBfAF8AXwBfAF8ALgAuAF8AXwBfAF8AKAAxACkALQAzAC0AMQBAANtWuWViXzmCxYhNkf5WLwBQADcANQBfAFgAMgBfADYAMwBhADgAOABmAGQAYgA1ADYANgA4ADYAYwBhADEANwBmADUAMQA3AGYANgA5ADQAZQAwADkANwBlAGYANAA1ADYAZgBlAF8AWAAwAF8AXwAxADgALQAxAEAAUAA3ADUAXwBfAF8AXwBfAF8ALgAuAF8AXwBfAF8AKAAxACkALQAzAAQAAAAQAAAAAQAAAAIAAAAiAAAAGQAAAA==</a:base64Binary><a:base64Binary>OEoAAAUAAAD//v9nUAA3ADUAXwBfAF8AXwBfAF8ALgAuAF8AXwBfAF8AKAAxACkALQAzAC0AMQBAANtWuWViXzmCxYhNkf5WLwBQADcANQBfAFgAMgBfADYAMwBhADgAOABmAGQAYgA1ADYANgA4ADYAYwBhADEANwBmADUAMQA3AGYANgA5ADQAZQAwADkANwBlAGYANAA1ADYAZgBlAF8AWAAwAF8AXwA2AC0AMQBAAFAANwA1AF8AXwBfAF8AXwBfAC4ALgBfAF8AXwBfACgAMQApAC0AMwAEAAAAEAAAAAEAAAACAAAAIgAAABoAAAA=</a:base64Binary><a:base64Binary>OEoAAAUAAAD//v9nUAA3ADUAXwBfAF8AXwBfAF8ALgAuAF8AXwBfAF8AKAAxACkALQAzAC0AMQBAANtWuWViXzmCxYhNkf5WLwBQADcANQBfAFgAMgBfADYAMwBhADgAOABmAGQAYgA1ADYANgA4ADYAYwBhADEANwBmADUAMQA3AGYANgA5ADQAZQAwADkANwBlAGYANAA1ADYAZgBlAF8AWAAwAF8AXwAyAC0AMQBAAFAANwA1AF8AXwBfAF8AXwBfAC4ALgBfAF8AXwBfACgAMQApAC0AMwAEAAAAEAAAAAEAAAACAAAAIgAAAC4AAAA=</a:base64Binary><a:base64Binary>OEoAAAUAAAD//v9oUAA3ADUAXwBfAF8AXwBfAF8ALgAuAF8AXwBfAF8AKAAxACkALQAzAC0AMQBAANtWuWViXzmCxYhNkf5WLwBQADcANQBfAFgAMgBfADYAMwBhADgAOABmAGQAYgA1ADYANgA4ADYAYwBhADEANwBmADUAMQA3AGYANgA5ADQAZQAwADkANwBlAGYANAA1ADYAZgBlAF8AWAAwAF8AXwAxADkALQAxAEAAUAA3ADUAXwBfAF8AXwBfAF8ALgAuAF8AXwBfAF8AKAAxACkALQAzAAQAAAAQAAAAAQAAAAIAAAAiAAAAGwAAAA==</a:base64Binary><a:base64Binary>OEoAAAUAAAD//v9lUAA3ADUAXwBfAF8AXwBfAF8ALgAuAF8AXwBfAF8AKAAxACkALQAzAC0AMQBAANtWuWViXzmCxYhNkf5WLwBQADcANQBfAFgAMgBfADYAMwBhADgAOABmAGQAYgA1ADYANgA4ADYAYwBhADEANwBmADUAMQA3AGYANgA5ADQAZQAwADkANwBlAGYANAA1ADYAZgBlAF8AWAAwAF8ALQAxAEAAUAA3ADUAXwBfAF8AXwBfAF8ALgAuAF8AXwBfAF8AKAAxACkALQAzAAQAAAAQAAAAAQAAAAIAAAAiAAAAHQAAAA==</a:base64Binary><a:base64Binary>OEoAAAUAAAD//v9oUAA3ADUAXwBfAF8AXwBfAF8ALgAuAF8AXwBfAF8AKAAxACkALQAzAC0AMQBAANtWuWViXzmCxYhNkf5WLwBQADcANQBfAFgAMgBfADYAMwBhADgAOABmAGQAYgA1ADYANgA4ADYAYwBhADEANwBmADUAMQA3AGYANgA5ADQAZQAwADkANwBlAGYANAA1ADYAZgBlAF8AWAAwAF8AXwAxADEALQAxAEAAUAA3ADUAXwBfAF8AXwBfAF8ALgAuAF8AXwBfAF8AKAAxACkALQAzAAQAAAAQAAAAAQAAAAIAAAAiAAAALQAAAA==</a:base64Binary></SWComponentPIDs><SWMainComponentPID i:nil="true"/><Visual z:Ref="i150"/><isFixedFrame>false</isFixedFrame><isIncomplete>false</isIncomplete></Link><Link z:Id="i202"><Attributes><Attribute z:Id="i203"><AttributeType>name</AttributeType><IsRequired>true</IsRequired><Value i:type="a:string" xmlns:a="http://www.w3.org/2001/XMLSchema">thruster3_Link</Value></Attribute></Attributes><ChildElements><URDFElement z:Id="i204" i:type="Inertial"><Attributes/><ChildElements><URDFElement z:Id="i205" i:type="Origin"><Attributes><Attribute z:Id="i206"><AttributeType>xyz</AttributeType><IsRequired>true</IsRequired><Value i:type="a:ArrayOfdouble" xmlns:a="http://schemas.microsoft.com/2003/10/Serialization/Arrays"><a:double>0</a:double><a:double>0</a:double><a:double>0</a:double></Value></Attribute><Attribute z:Id="i207"><AttributeType>rpy</AttributeType><IsRequired>true</IsRequired><Value i:type="a:ArrayOfdouble" xmlns:a="http://schemas.microsoft.com/2003/10/Serialization/Arrays"><a:double>0</a:double><a:double>0</a:double><a:double>0</a:double></Value></Attribute></Attributes><ChildElements/><ElementName>origin</ElementName><required>false</required><RPYAttribute z:Ref="i207"/><XYZAttribute z:Ref="i206"/><isCustomized>false</isCustomized></URDFElement><URDFElement z:Id="i208" i:type="Mass"><Attributes><Attribute z:Id="i209"><AttributeType>value</AttributeType><IsRequired>true</IsRequired><Value i:type="a:double" xmlns:a="http://www.w3.org/2001/XMLSchema">0</Value></Attribute></Attributes><ChildElements/><ElementName>mass</ElementName><required>false</required><ValueAttribute z:Ref="i209"/></URDFElement><URDFElement z:Id="i210" i:type="Inertia"><Attributes><Attribute z:Id="i211"><AttributeType>ixx</AttributeType><IsRequired>true</IsRequired><Value i:type="a:double" xmlns:a="http://www.w3.org/2001/XMLSchema">0</Value></Attribute><Attribute z:Id="i212"><AttributeType>ixy</AttributeType><IsRequired>true</IsRequired><Value i:type="a:double" xmlns:a="http://www.w3.org/2001/XMLSchema">0</Value></Attribute><Attribute z:Id="i213"><AttributeType>ixz</AttributeType><IsRequired>true</IsRequired><Value i:type="a:double" xmlns:a="http://www.w3.org/2001/XMLSchema">0</Value></Attribute><Attribute z:Id="i214"><AttributeType>iyy</AttributeType><IsRequired>true</IsRequired><Value i:type="a:double" xmlns:a="http://www.w3.org/2001/XMLSchema">0</Value></Attribute><Attribute z:Id="i215"><AttributeType>iyz</AttributeType><IsRequired>true</IsRequired><Value i:type="a:double" xmlns:a="http://www.w3.org/2001/XMLSchema">0</Value></Attribute><Attribute z:Id="i216"><AttributeType>izz</AttributeType><IsRequired>true</IsRequired><Value i:type="a:double" xmlns:a="http://www.w3.org/2001/XMLSchema">0</Value></Attribute></Attributes><ChildElements/><ElementName>inertia</ElementName><required>false</required><IxxAttribute z:Ref="i211"/><IxyAttribute z:Ref="i212"/><IxzAttribute z:Ref="i213"/><IyyAttribute z:Ref="i214"/><IyzAttribute z:Ref="i215"/><IzzAttribute z:Ref="i216"/></URDFElement></ChildElements><ElementName>inertial</ElementName><required>false</required><Inertia z:Ref="i210"/><Mass z:Ref="i208"/><Origin z:Ref="i205"/></URDFElement><URDFElement z:Id="i217" i:type="Visual"><Attributes/><ChildElements><URDFElement z:Id="i218" i:type="Origin"><Attributes><Attribute z:Id="i219"><AttributeType>xyz</AttributeType><IsRequired>true</IsRequired><Value i:type="a:ArrayOfdouble" xmlns:a="http://schemas.microsoft.com/2003/10/Serialization/Arrays"><a:double>0</a:double><a:double>0</a:double><a:double>0</a:double></Value></Attribute><Attribute z:Id="i220"><AttributeType>rpy</AttributeType><IsRequired>true</IsRequired><Value i:type="a:ArrayOfdouble" xmlns:a="http://schemas.microsoft.com/2003/10/Serialization/Arrays"><a:double>0</a:double><a:double>0</a:double><a:double>0</a:double></Value></Attribute></Attributes><ChildElements/><ElementName>origin</ElementName><required>false</required><RPYAttribute z:Ref="i220"/><XYZAttribute z:Ref="i219"/><isCustomized>false</isCustomized></URDFElement><URDFElement z:Id="i221" i:type="Geometry"><Attributes/><ChildElements><URDFElement z:Id="i222" i:type="Mesh"><Attributes><Attribute z:Id="i223"><AttributeType>filename</AttributeType><IsRequired>true</IsRequired><Value i:nil="true"/></Attribute></Attributes><ChildElements/><ElementName>mesh</ElementName><required>false</required><FilenameAttribute z:Ref="i223"/></URDFElement></ChildElements><ElementName>geometry</ElementName><required>true</required><Mesh z:Ref="i222"/></URDFElement><URDFElement z:Id="i224" i:type="Material"><Attributes><Attribute z:Id="i225"><AttributeType>name</AttributeType><IsRequired>true</IsRequired><Value i:type="a:string" xmlns:a="http://www.w3.org/2001/XMLSchema"/></Attribute></Attributes><ChildElements><URDFElement z:Id="i226" i:type="Color"><Attributes><Attribute z:Id="i227"><AttributeType>rgba</AttributeType><IsRequired>true</IsRequired><Value i:type="a:ArrayOfdouble" xmlns:a="http://schemas.microsoft.com/2003/10/Serialization/Arrays"><a:double>1</a:double><a:double>1</a:double><a:double>1</a:double><a:double>1</a:double></Value></Attribute></Attributes><ChildElements/><ElementName>color</ElementName><required>false</required><RGBAAttribute z:Ref="i227"/></URDFElement><URDFElement z:Id="i228" i:type="Texture"><Attributes><Attribute z:Id="i229"><AttributeType>filename</AttributeType><IsRequired>true</IsRequired><Value i:nil="true"/></Attribute></Attributes><ChildElements/><ElementName>texture</ElementName><required>false</required><FilenameAttribute z:Ref="i229"/><wFilename/></URDFElement></ChildElements><ElementName>material</ElementName><required>false</required><Color z:Ref="i226"/><NameAttribute z:Ref="i225"/><Texture z:Ref="i228"/></URDFElement></ChildElements><ElementName>visual</ElementName><required>false</required><Geometry z:Ref="i221"/><Material z:Ref="i224"/><Origin z:Ref="i218"/></URDFElement><URDFElement z:Id="i230" i:type="Collision"><Attributes/><ChildElements><URDFElement z:Id="i231" i:type="Origin"><Attributes><Attribute z:Id="i232"><AttributeType>xyz</AttributeType><IsRequired>true</IsRequired><Value i:type="a:ArrayOfdouble" xmlns:a="http://schemas.microsoft.com/2003/10/Serialization/Arrays"><a:double>0</a:double><a:double>0</a:double><a:double>0</a:double></Value></Attribute><Attribute z:Id="i233"><AttributeType>rpy</AttributeType><IsRequired>true</IsRequired><Value i:type="a:ArrayOfdouble" xmlns:a="http://schemas.microsoft.com/2003/10/Serialization/Arrays"><a:double>0</a:double><a:double>0</a:double><a:double>0</a:double></Value></Attribute></Attributes><ChildElements/><ElementName>origin</ElementName><required>false</required><RPYAttribute z:Ref="i233"/><XYZAttribute z:Ref="i232"/><isCustomized>false</isCustomized></URDFElement><URDFElement z:Id="i234" i:type="Geometry"><Attributes/><ChildElements><URDFElement z:Id="i235" i:type="Mesh"><Attributes><Attribute z:Id="i236"><AttributeType>filename</AttributeType><IsRequired>true</IsRequired><Value i:nil="true"/></Attribute></Attributes><ChildElements/><ElementName>mesh</ElementName><required>false</required><FilenameAttribute z:Ref="i236"/></URDFElement></ChildElements><ElementName>geometry</ElementName><required>true</required><Mesh z:Ref="i235"/></URDFElement></ChildElements><ElementName>collision</ElementName><required>false</required><Geometry z:Ref="i234"/><Origin z:Ref="i231"/></URDFElement><URDFElement z:Id="i237" i:type="Joint"><Attributes><Attribute z:Id="i238"><AttributeType>name</AttributeType><IsRequired>true</IsRequired><Value i:type="a:string" xmlns:a="http://www.w3.org/2001/XMLSchema">joint3_thruster3</Value></Attribute><Attribute z:Id="i239"><AttributeType>type</AttributeType><IsRequired>true</IsRequired><Value i:type="a:string" xmlns:a="http://www.w3.org/2001/XMLSchema">fixed</Value></Attribute></Attributes><ChildElements><URDFElement z:Id="i240" i:type="Origin"><Attributes><Attribute z:Id="i241"><AttributeType>xyz</AttributeType><IsRequired>true</IsRequired><Value i:type="a:ArrayOfdouble" xmlns:a="http://schemas.microsoft.com/2003/10/Serialization/Arrays"><a:double>0</a:double><a:double>0</a:double><a:double>0</a:double></Value></Attribute><Attribute z:Id="i242"><AttributeType>rpy</AttributeType><IsRequired>true</IsRequired><Value i:type="a:ArrayOfdouble" xmlns:a="http://schemas.microsoft.com/2003/10/Serialization/Arrays"><a:double>0</a:double><a:double>0</a:double><a:double>0</a:double></Value></Attribute></Attributes><ChildElements/><ElementName>origin</ElementName><required>false</required><RPYAttribute z:Ref="i242"/><XYZAttribute z:Ref="i241"/><isCustomized>false</isCustomized></URDFElement><URDFElement z:Id="i243" i:type="ParentLink"><Attributes><Attribute z:Id="i244"><AttributeType>link</AttributeType><IsRequired>true</IsRequired><Value i:type="a:string" xmlns:a="http://www.w3.org/2001/XMLSchema"/></Attribute></Attributes><ChildElements/><ElementName>parent</ElementName><required>true</required><NameAttribute z:Ref="i244"/></URDFElement><URDFElement z:Id="i245" i:type="ChildLink"><Attributes><Attribute z:Id="i246"><AttributeType>link</AttributeType><IsRequired>true</IsRequired><Value i:type="a:string" xmlns:a="http://www.w3.org/2001/XMLSchema"/></Attribute></Attributes><ChildElements/><ElementName>child</ElementName><required>true</required><NameAttribute z:Ref="i246"/></URDFElement><URDFElement z:Id="i247" i:type="Axis"><Attributes><Attribute z:Id="i248"><AttributeType>xyz</AttributeType><IsRequired>true</IsRequired><Value i:type="a:ArrayOfdouble" xmlns:a="http://schemas.microsoft.com/2003/10/Serialization/Arrays"><a:double>0</a:double><a:double>0</a:double><a:double>0</a:double></Value></Attribute></Attributes><ChildElements/><ElementName>axis</ElementName><required>false</required><XYZAttribute z:Ref="i248"/></URDFElement><URDFElement z:Id="i249" i:type="Limit"><Attributes><Attribute z:Id="i250"><AttributeType>lower</AttributeType><IsRequired>false</IsRequired><Value i:nil="true"/></Attribute><Attribute z:Id="i251"><AttributeType>upper</AttributeType><IsRequired>false</IsRequired><Value i:nil="true"/></Attribute><Attribute z:Id="i252"><AttributeType>effort</AttributeType><IsRequired>true</IsRequired><Value i:nil="true"/></Attribute><Attribute z:Id="i253"><AttributeType>velocity</AttributeType><IsRequired>true</IsRequired><Value i:nil="true"/></Attribute></Attributes><ChildElements/><ElementName>limit</ElementName><required>false</required><EffortAttribute z:Ref="i252"/><LowerAttribute z:Ref="i250"/><UpperAttribute z:Ref="i251"/><VelocityAttribute z:Ref="i253"/></URDFElement><URDFElement z:Id="i254" i:type="Calibration"><Attributes><Attribute z:Id="i255"><AttributeType>rising</AttributeType><IsRequired>false</IsRequired><Value i:nil="true"/></Attribute><Attribute z:Id="i256"><AttributeType>falling</AttributeType><IsRequired>false</IsRequired><Value i:nil="true"/></Attribute></Attributes><ChildElements/><ElementName>calibration</ElementName><required>false</required><FallingAttribute z:Ref="i256"/><RisingAttribute z:Ref="i255"/></URDFElement><URDFElement z:Id="i257" i:type="Dynamics"><Attributes><Attribute z:Id="i258"><AttributeType>damping</AttributeType><IsRequired>false</IsRequired><Value i:nil="true"/></Attribute><Attribute z:Id="i259"><AttributeType>friction</AttributeType><IsRequired>false</IsRequired><Value i:nil="true"/></Attribute></Attributes><ChildElements/><ElementName>dynamics</ElementName><required>false</required><DampingAttribute z:Ref="i258"/><FrictionAttribute z:Ref="i259"/></URDFElement><URDFElement z:Id="i260" i:type="SafetyController"><Attributes><Attribute z:Id="i261"><AttributeType>soft_upper_limit</AttributeType><IsRequired>false</IsRequired><Value i:nil="true"/></Attribute><Attribute z:Id="i262"><AttributeType>soft_lower_limit</AttributeType><IsRequired>false</IsRequired><Value i:nil="true"/></Attribute><Attribute z:Id="i263"><AttributeType>k_position</AttributeType><IsRequired>false</IsRequired><Value i:nil="true"/></Attribute><Attribute z:Id="i264"><AttributeType>k_velocity</AttributeType><IsRequired>true</IsRequired><Value i:nil="true"/></Attribute></Attributes><ChildElements/><ElementName>safety_controller</ElementName><required>false</required><KPositionAttribute z:Ref="i263"/><KVelocityAttribute z:Ref="i264"/><SoftLowerAttribute z:Ref="i262"/><SoftUpperAttribute z:Ref="i261"/></URDFElement><URDFElement z:Id="i265" i:type="Mimic"><Attributes><Attribute z:Id="i266"><AttributeType>joint</AttributeType><IsRequired>true</IsRequired><Value i:nil="true"/></Attribute><Attribute z:Id="i267"><AttributeType>multiplier</AttributeType><IsRequired>false</IsRequired><Value i:nil="true"/></Attribute><Attribute z:Id="i268"><AttributeType>offset</AttributeType><IsRequired>false</IsRequired><Value i:nil="true"/></Attribute></Attributes><ChildElements/><ElementName>mimic</ElementName><required>false</required><JointNameAttribute z:Ref="i266"/><MultiplierAttribute z:Ref="i267"/><OffsetAttribute z:Ref="i268"/></URDFElement></ChildElements><ElementName>joint</ElementName><required>false</required><Axis z:Ref="i247"/><AxisName>?????????1</AxisName><Calibration z:Ref="i254"/><Child z:Ref="i245"/><CoordinateSystemName>Automatically Generate</CoordinateSystemName><Dynamics z:Ref="i257"/><Limit z:Ref="i249"/><Mimic z:Ref="i265"/><NameAttribute z:Ref="i238"/><Origin z:Ref="i240"/><Parent z:Ref="i243"/><Safety z:Ref="i260"/><TypeAttribute z:Ref="i239"/></URDFElement></ChildElements><ElementName>link</ElementName><required>true</required><Children/><Collision z:Ref="i230"/><Inertial z:Ref="i204"/><Joint z:Ref="i237"/><NameAttribute z:Ref="i203"/><Parent z:Ref="i1"/><STLQualityFine>false</STLQualityFine><SWComponentPIDs xmlns:a="http://schemas.microsoft.com/2003/10/Serialization/Arrays"><a:base64Binary>OEoAAAUAAAD//v+WUAA3ADUAXwBfAF8AXwBfAF8ALgAuAF8AXwBfAF8AKAAxACkALQAxAEAA21a5ZWJfOYLFiE2R/lYvAMWITZFTTzEAXgBQADcANQBfAF8AXwBfAF8AXwAuAC4AXwBfAF8AXwAoADEAKQAtADEAQABQADcANQBfAF8AXwBfAF8AXwAuAC4AXwBfAF8AXwAoADEAKQAvAFAANwA1AF8AWAAyAF8ANgAzAGEAOAA4AGYAZABiADUANgA2ADgANgBjAGEAMQA3AGYANQAxADcAZgA2ADkANABlADAAOQA3AGUAZgA0ADUANgBmAGUAXwBYADAAXwBfADEAMwAtADEAQADFiE2RU08xAF4AUAA3ADUAXwBfAF8AXwBfAF8ALgAuAF8AXwBfAF8AKAAxACkABAAAABAAAAABAAAAAwAAAB8AAAAwAAAALwAAAA==</a:base64Binary><a:base64Binary>OEoAAAUAAAD//v+VUAA3ADUAXwBfAF8AXwBfAF8ALgAuAF8AXwBfAF8AKAAxACkALQAxAEAA21a5ZWJfOYLFiE2R/lYvAMWITZFTTzEAXgBQADcANQBfAF8AXwBfAF8AXwAuAC4AXwBfAF8AXwAoADEAKQAtADEAQABQADcANQBfAF8AXwBfAF8AXwAuAC4AXwBfAF8AXwAoADEAKQAvAFAANwA1AF8AWAAyAF8ANgAzAGEAOAA4AGYAZABiADUANgA2ADgANgBjAGEAMQA3AGYANQAxADcAZgA2ADkANABlADAAOQA3AGUAZgA0ADUANgBmAGUAXwBYADAAXwBfADYALQAxAEAAxYhNkVNPMQBeAFAANwA1AF8AXwBfAF8AXwBfAC4ALgBfAF8AXwBfACgAMQApAAQAAAAQAAAAAQAAAAMAAAAfAAAAMAAAABoAAAA=</a:base64Binary><a:base64Binary>OEoAAAUAAAD//v+WUAA3ADUAXwBfAF8AXwBfAF8ALgAuAF8AXwBfAF8AKAAxACkALQAxAEAA21a5ZWJfOYLFiE2R/lYvAMWITZFTTzEAXgBQADcANQBfAF8AXwBfAF8AXwAuAC4AXwBfAF8AXwAoADEAKQAtADEAQABQADcANQBfAF8AXwBfAF8AXwAuAC4AXwBfAF8AXwAoADEAKQAvAFAANwA1AF8AWAAyAF8ANgAzAGEAOAA4AGYAZABiADUANgA2ADgANgBjAGEAMQA3AGYANQAxADcAZgA2ADkANABlADAAOQA3AGUAZgA0ADUANgBmAGUAXwBYADAAXwBfADEAMQAtADEAQADFiE2RU08xAF4AUAA3ADUAXwBfAF8AXwBfAF8ALgAuAF8AXwBfAF8AKAAxACkABAAAABAAAAABAAAAAwAAAB8AAAAwAAAALQAAAA==</a:base64Binary><a:base64Binary>OEoAAAUAAAD//v+WUAA3ADUAXwBfAF8AXwBfAF8ALgAuAF8AXwBfAF8AKAAxACkALQAxAEAA21a5ZWJfOYLFiE2R/lYvAMWITZFTTzEAXgBQADcANQBfAF8AXwBfAF8AXwAuAC4AXwBfAF8AXwAoADEAKQAtADEAQABQADcANQBfAF8AXwBfAF8AXwAuAC4AXwBfAF8AXwAoADEAKQAvAFAANwA1AF8AWAAyAF8ANgAzAGEAOAA4AGYAZABiADUANgA2ADgANgBjAGEAMQA3AGYANQAxADcAZgA2ADkANABlADAAOQA3AGUAZgA0ADUANgBmAGUAXwBYADAAXwBfADEAOQAtADEAQADFiE2RU08xAF4AUAA3ADUAXwBfAF8AXwBfAF8ALgAuAF8AXwBfAF8AKAAxACkABAAAABAAAAABAAAAAwAAAB8AAAAwAAAAGwAAAA==</a:base64Binary><a:base64Binary>OEoAAAUAAAD//v+VUAA3ADUAXwBfAF8AXwBfAF8ALgAuAF8AXwBfAF8AKAAxACkALQAxAEAA21a5ZWJfOYLFiE2R/lYvAMWITZFTTzEAXgBQADcANQBfAF8AXwBfAF8AXwAuAC4AXwBfAF8AXwAoADEAKQAtADEAQABQADcANQBfAF8AXwBfAF8AXwAuAC4AXwBfAF8AXwAoADEAKQAvAFAANwA1AF8AWAAyAF8ANgAzAGEAOAA4AGYAZABiADUANgA2ADgANgBjAGEAMQA3AGYANQAxADcAZgA2ADkANABlADAAOQA3AGUAZgA0ADUANgBmAGUAXwBYADAAXwBfADIALQAxAEAAxYhNkVNPMQBeAFAANwA1AF8AXwBfAF8AXwBfAC4ALgBfAF8AXwBfACgAMQApAAQAAAAQAAAAAQAAAAMAAAAfAAAAMAAAAC4AAAA=</a:base64Binary><a:base64Binary>OEoAAAUAAAD//v+WUAA3ADUAXwBfAF8AXwBfAF8ALgAuAF8AXwBfAF8AKAAxACkALQAxAEAA21a5ZWJfOYLFiE2R/lYvAMWITZFTTzEAXgBQADcANQBfAF8AXwBfAF8AXwAuAC4AXwBfAF8AXwAoADEAKQAtADEAQABQADcANQBfAF8AXwBfAF8AXwAuAC4AXwBfAF8AXwAoADEAKQAvAFAANwA1AF8AWAAyAF8ANgAzAGEAOAA4AGYAZABiADUANgA2ADgANgBjAGEAMQA3AGYANQAxADcAZgA2ADkANABlADAAOQA3AGUAZgA0ADUANgBmAGUAXwBYADAAXwBfADEANAAtADEAQADFiE2RU08xAF4AUAA3ADUAXwBfAF8AXwBfAF8ALgAuAF8AXwBfAF8AKAAxACkABAAAABAAAAABAAAAAwAAAB8AAAAwAAAALAAAAA==</a:base64Binary><a:base64Binary>OEoAAAUAAAD//v+TUAA3ADUAXwBfAF8AXwBfAF8ALgAuAF8AXwBfAF8AKAAxACkALQAxAEAA21a5ZWJfOYLFiE2R/lYvAMWITZFTTzEAXgBQADcANQBfAF8AXwBfAF8AXwAuAC4AXwBfAF8AXwAoADEAKQAtADEAQABQADcANQBfAF8AXwBfAF8AXwAuAC4AXwBfAF8AXwAoADEAKQAvAFAANwA1AF8AWAAyAF8ANgAzAGEAOAA4AGYAZABiADUANgA2ADgANgBjAGEAMQA3AGYANQAxADcAZgA2ADkANABlADAAOQA3AGUAZgA0ADUANgBmAGUAXwBYADAAXwAtADEAQADFiE2RU08xAF4AUAA3ADUAXwBfAF8AXwBfAF8ALgAuAF8AXwBfAF8AKAAxACkABAAAABAAAAABAAAAAwAAAB8AAAAwAAAAHQAAAA==</a:base64Binary><a:base64Binary>OEoAAAUAAAD//v+WUAA3ADUAXwBfAF8AXwBfAF8ALgAuAF8AXwBfAF8AKAAxACkALQAxAEAA21a5ZWJfOYLFiE2R/lYvAMWITZFTTzEAXgBQADcANQBfAF8AXwBfAF8AXwAuAC4AXwBfAF8AXwAoADEAKQAtADEAQABQADcANQBfAF8AXwBfAF8AXwAuAC4AXwBfAF8AXwAoADEAKQAvAFAANwA1AF8AWAAyAF8ANgAzAGEAOAA4AGYAZABiADUANgA2ADgANgBjAGEAMQA3AGYANQAxADcAZgA2ADkANABlADAAOQA3AGUAZgA0ADUANgBmAGUAXwBYADAAXwBfADEAOAAtADEAQADFiE2RU08xAF4AUAA3ADUAXwBfAF8AXwBfAF8ALgAuAF8AXwBfAF8AKAAxACkABAAAABAAAAABAAAAAwAAAB8AAAAwAAAAGQAAAA==</a:base64Binary><a:base64Binary>OEoAAAUAAAD//v+VUAA3ADUAXwBfAF8AXwBfAF8ALgAuAF8AXwBfAF8AKAAxACkALQAxAEAA21a5ZWJfOYLFiE2R/lYvAMWITZFTTzEAXgBQADcANQBfAF8AXwBfAF8AXwAuAC4AXwBfAF8AXwAoADEAKQAtADEAQABQADcANQBfAF8AXwBfAF8AXwAuAC4AXwBfAF8AXwAoADEAKQAvAFAANwA1AF8AWAAyAF8ANgAzAGEAOAA4AGYAZABiADUANgA2ADgANgBjAGEAMQA3AGYANQAxADcAZgA2ADkANABlADAAOQA3AGUAZgA0ADUANgBmAGUAXwBYADAAXwBfADQALQAxAEAAxYhNkVNPMQBeAFAANwA1AF8AXwBfAF8AXwBfAC4ALgBfAF8AXwBfACgAMQApAAQAAAAQAAAAAQAAAAMAAAAfAAAAMAAAABwAAAA=</a:base64Binary><a:base64Binary>OEoAAAUAAAD//v+WUAA3ADUAXwBfAF8AXwBfAF8ALgAuAF8AXwBfAF8AKAAxACkALQAxAEAA21a5ZWJfOYLFiE2R/lYvAMWITZFTTzEAXgBQADcANQBfAF8AXwBfAF8AXwAuAC4AXwBfAF8AXwAoADEAKQAtADEAQABQADcANQBfAF8AXwBfAF8AXwAuAC4AXwBfAF8AXwAoADEAKQAvAFAANwA1AF8AWAAyAF8ANgAzAGEAOAA4AGYAZABiADUANgA2ADgANgBjAGEAMQA3AGYANQAxADcAZgA2ADkANABlADAAOQA3AGUAZgA0ADUANgBmAGUAXwBYADAAXwBfADEAMgAtADEAQADFiE2RU08xAF4AUAA3ADUAXwBfAF8AXwBfAF8ALgAuAF8AXwBfAF8AKAAxACkABAAAABAAAAABAAAAAwAAAB8AAAAwAAAAHgAAAA==</a:base64Binary></SWComponentPIDs><SWMainComponentPID i:nil="true"/><Visual z:Ref="i217"/><isFixedFrame>false</isFixedFrame><isIncomplete>false</isIncomplete></Link><Link z:Id="i269"><Attributes><Attribute z:Id="i270"><AttributeType>name</AttributeType><IsRequired>true</IsRequired><Value i:type="a:string" xmlns:a="http://www.w3.org/2001/XMLSchema">thruster4_Link</Value></Attribute></Attributes><ChildElements><URDFElement z:Id="i271" i:type="Inertial"><Attributes/><ChildElements><URDFElement z:Id="i272" i:type="Origin"><Attributes><Attribute z:Id="i273"><AttributeType>xyz</AttributeType><IsRequired>true</IsRequired><Value i:type="a:ArrayOfdouble" xmlns:a="http://schemas.microsoft.com/2003/10/Serialization/Arrays"><a:double>0</a:double><a:double>0</a:double><a:double>0</a:double></Value></Attribute><Attribute z:Id="i274"><AttributeType>rpy</AttributeType><IsRequired>true</IsRequired><Value i:type="a:ArrayOfdouble" xmlns:a="http://schemas.microsoft.com/2003/10/Serialization/Arrays"><a:double>0</a:double><a:double>0</a:double><a:double>0</a:double></Value></Attribute></Attributes><ChildElements/><ElementName>origin</ElementName><required>false</required><RPYAttribute z:Ref="i274"/><XYZAttribute z:Ref="i273"/><isCustomized>false</isCustomized></URDFElement><URDFElement z:Id="i275" i:type="Mass"><Attributes><Attribute z:Id="i276"><AttributeType>value</AttributeType><IsRequired>true</IsRequired><Value i:type="a:double" xmlns:a="http://www.w3.org/2001/XMLSchema">0</Value></Attribute></Attributes><ChildElements/><ElementName>mass</ElementName><required>false</required><ValueAttribute z:Ref="i276"/></URDFElement><URDFElement z:Id="i277" i:type="Inertia"><Attributes><Attribute z:Id="i278"><AttributeType>ixx</AttributeType><IsRequired>true</IsRequired><Value i:type="a:double" xmlns:a="http://www.w3.org/2001/XMLSchema">0</Value></Attribute><Attribute z:Id="i279"><AttributeType>ixy</AttributeType><IsRequired>true</IsRequired><Value i:type="a:double" xmlns:a="http://www.w3.org/2001/XMLSchema">0</Value></Attribute><Attribute z:Id="i280"><AttributeType>ixz</AttributeType><IsRequired>true</IsRequired><Value i:type="a:double" xmlns:a="http://www.w3.org/2001/XMLSchema">0</Value></Attribute><Attribute z:Id="i281"><AttributeType>iyy</AttributeType><IsRequired>true</IsRequired><Value i:type="a:double" xmlns:a="http://www.w3.org/2001/XMLSchema">0</Value></Attribute><Attribute z:Id="i282"><AttributeType>iyz</AttributeType><IsRequired>true</IsRequired><Value i:type="a:double" xmlns:a="http://www.w3.org/2001/XMLSchema">0</Value></Attribute><Attribute z:Id="i283"><AttributeType>izz</AttributeType><IsRequired>true</IsRequired><Value i:type="a:double" xmlns:a="http://www.w3.org/2001/XMLSchema">0</Value></Attribute></Attributes><ChildElements/><ElementName>inertia</ElementName><required>false</required><IxxAttribute z:Ref="i278"/><IxyAttribute z:Ref="i279"/><IxzAttribute z:Ref="i280"/><IyyAttribute z:Ref="i281"/><IyzAttribute z:Ref="i282"/><IzzAttribute z:Ref="i283"/></URDFElement></ChildElements><ElementName>inertial</ElementName><required>false</required><Inertia z:Ref="i277"/><Mass z:Ref="i275"/><Origin z:Ref="i272"/></URDFElement><URDFElement z:Id="i284" i:type="Visual"><Attributes/><ChildElements><URDFElement z:Id="i285" i:type="Origin"><Attributes><Attribute z:Id="i286"><AttributeType>xyz</AttributeType><IsRequired>true</IsRequired><Value i:type="a:ArrayOfdouble" xmlns:a="http://schemas.microsoft.com/2003/10/Serialization/Arrays"><a:double>0</a:double><a:double>0</a:double><a:double>0</a:double></Value></Attribute><Attribute z:Id="i287"><AttributeType>rpy</AttributeType><IsRequired>true</IsRequired><Value i:type="a:ArrayOfdouble" xmlns:a="http://schemas.microsoft.com/2003/10/Serialization/Arrays"><a:double>0</a:double><a:double>0</a:double><a:double>0</a:double></Value></Attribute></Attributes><ChildElements/><ElementName>origin</ElementName><required>false</required><RPYAttribute z:Ref="i287"/><XYZAttribute z:Ref="i286"/><isCustomized>false</isCustomized></URDFElement><URDFElement z:Id="i288" i:type="Geometry"><Attributes/><ChildElements><URDFElement z:Id="i289" i:type="Mesh"><Attributes><Attribute z:Id="i290"><AttributeType>filename</AttributeType><IsRequired>true</IsRequired><Value i:nil="true"/></Attribute></Attributes><ChildElements/><ElementName>mesh</ElementName><required>false</required><FilenameAttribute z:Ref="i290"/></URDFElement></ChildElements><ElementName>geometry</ElementName><required>true</required><Mesh z:Ref="i289"/></URDFElement><URDFElement z:Id="i291" i:type="Material"><Attributes><Attribute z:Id="i292"><AttributeType>name</AttributeType><IsRequired>true</IsRequired><Value i:type="a:string" xmlns:a="http://www.w3.org/2001/XMLSchema"/></Attribute></Attributes><ChildElements><URDFElement z:Id="i293" i:type="Color"><Attributes><Attribute z:Id="i294"><AttributeType>rgba</AttributeType><IsRequired>true</IsRequired><Value i:type="a:ArrayOfdouble" xmlns:a="http://schemas.microsoft.com/2003/10/Serialization/Arrays"><a:double>1</a:double><a:double>1</a:double><a:double>1</a:double><a:double>1</a:double></Value></Attribute></Attributes><ChildElements/><ElementName>color</ElementName><required>false</required><RGBAAttribute z:Ref="i294"/></URDFElement><URDFElement z:Id="i295" i:type="Texture"><Attributes><Attribute z:Id="i296"><AttributeType>filename</AttributeType><IsRequired>true</IsRequired><Value i:nil="true"/></Attribute></Attributes><ChildElements/><ElementName>texture</ElementName><required>false</required><FilenameAttribute z:Ref="i296"/><wFilename/></URDFElement></ChildElements><ElementName>material</ElementName><required>false</required><Color z:Ref="i293"/><NameAttribute z:Ref="i292"/><Texture z:Ref="i295"/></URDFElement></ChildElements><ElementName>visual</ElementName><required>false</required><Geometry z:Ref="i288"/><Material z:Ref="i291"/><Origin z:Ref="i285"/></URDFElement><URDFElement z:Id="i297" i:type="Collision"><Attributes/><ChildElements><URDFElement z:Id="i298" i:type="Origin"><Attributes><Attribute z:Id="i299"><AttributeType>xyz</AttributeType><IsRequired>true</IsRequired><Value i:type="a:ArrayOfdouble" xmlns:a="http://schemas.microsoft.com/2003/10/Serialization/Arrays"><a:double>0</a:double><a:double>0</a:double><a:double>0</a:double></Value></Attribute><Attribute z:Id="i300"><AttributeType>rpy</AttributeType><IsRequired>true</IsRequired><Value i:type="a:ArrayOfdouble" xmlns:a="http://schemas.microsoft.com/2003/10/Serialization/Arrays"><a:double>0</a:double><a:double>0</a:double><a:double>0</a:double></Value></Attribute></Attributes><ChildElements/><ElementName>origin</ElementName><required>false</required><RPYAttribute z:Ref="i300"/><XYZAttribute z:Ref="i299"/><isCustomized>false</isCustomized></URDFElement><URDFElement z:Id="i301" i:type="Geometry"><Attributes/><ChildElements><URDFElement z:Id="i302" i:type="Mesh"><Attributes><Attribute z:Id="i303"><AttributeType>filename</AttributeType><IsRequired>true</IsRequired><Value i:nil="true"/></Attribute></Attributes><ChildElements/><ElementName>mesh</ElementName><required>false</required><FilenameAttribute z:Ref="i303"/></URDFElement></ChildElements><ElementName>geometry</ElementName><required>true</required><Mesh z:Ref="i302"/></URDFElement></ChildElements><ElementName>collision</ElementName><required>false</required><Geometry z:Ref="i301"/><Origin z:Ref="i298"/></URDFElement><URDFElement z:Id="i304" i:type="Joint"><Attributes><Attribute z:Id="i305"><AttributeType>name</AttributeType><IsRequired>true</IsRequired><Value i:type="a:string" xmlns:a="http://www.w3.org/2001/XMLSchema">joint4_thruster4</Value></Attribute><Attribute z:Id="i306"><AttributeType>type</AttributeType><IsRequired>true</IsRequired><Value i:type="a:string" xmlns:a="http://www.w3.org/2001/XMLSchema">fixed</Value></Attribute></Attributes><ChildElements><URDFElement z:Id="i307" i:type="Origin"><Attributes><Attribute z:Id="i308"><AttributeType>xyz</AttributeType><IsRequired>true</IsRequired><Value i:type="a:ArrayOfdouble" xmlns:a="http://schemas.microsoft.com/2003/10/Serialization/Arrays"><a:double>0</a:double><a:double>0</a:double><a:double>0</a:double></Value></Attribute><Attribute z:Id="i309"><AttributeType>rpy</AttributeType><IsRequired>true</IsRequired><Value i:type="a:ArrayOfdouble" xmlns:a="http://schemas.microsoft.com/2003/10/Serialization/Arrays"><a:double>0</a:double><a:double>0</a:double><a:double>0</a:double></Value></Attribute></Attributes><ChildElements/><ElementName>origin</ElementName><required>false</required><RPYAttribute z:Ref="i309"/><XYZAttribute z:Ref="i308"/><isCustomized>false</isCustomized></URDFElement><URDFElement z:Id="i310" i:type="ParentLink"><Attributes><Attribute z:Id="i311"><AttributeType>link</AttributeType><IsRequired>true</IsRequired><Value i:type="a:string" xmlns:a="http://www.w3.org/2001/XMLSchema"/></Attribute></Attributes><ChildElements/><ElementName>parent</ElementName><required>true</required><NameAttribute z:Ref="i311"/></URDFElement><URDFElement z:Id="i312" i:type="ChildLink"><Attributes><Attribute z:Id="i313"><AttributeType>link</AttributeType><IsRequired>true</IsRequired><Value i:type="a:string" xmlns:a="http://www.w3.org/2001/XMLSchema"/></Attribute></Attributes><ChildElements/><ElementName>child</ElementName><required>true</required><NameAttribute z:Ref="i313"/></URDFElement><URDFElement z:Id="i314" i:type="Axis"><Attributes><Attribute z:Id="i315"><AttributeType>xyz</AttributeType><IsRequired>true</IsRequired><Value i:type="a:ArrayOfdouble" xmlns:a="http://schemas.microsoft.com/2003/10/Serialization/Arrays"><a:double>0</a:double><a:double>0</a:double><a:double>0</a:double></Value></Attribute></Attributes><ChildElements/><ElementName>axis</ElementName><required>false</required><XYZAttribute z:Ref="i315"/></URDFElement><URDFElement z:Id="i316" i:type="Limit"><Attributes><Attribute z:Id="i317"><AttributeType>lower</AttributeType><IsRequired>false</IsRequired><Value i:nil="true"/></Attribute><Attribute z:Id="i318"><AttributeType>upper</AttributeType><IsRequired>false</IsRequired><Value i:nil="true"/></Attribute><Attribute z:Id="i319"><AttributeType>effort</AttributeType><IsRequired>true</IsRequired><Value i:nil="true"/></Attribute><Attribute z:Id="i320"><AttributeType>velocity</AttributeType><IsRequired>true</IsRequired><Value i:nil="true"/></Attribute></Attributes><ChildElements/><ElementName>limit</ElementName><required>false</required><EffortAttribute z:Ref="i319"/><LowerAttribute z:Ref="i317"/><UpperAttribute z:Ref="i318"/><VelocityAttribute z:Ref="i320"/></URDFElement><URDFElement z:Id="i321" i:type="Calibration"><Attributes><Attribute z:Id="i322"><AttributeType>rising</AttributeType><IsRequired>false</IsRequired><Value i:nil="true"/></Attribute><Attribute z:Id="i323"><AttributeType>falling</AttributeType><IsRequired>false</IsRequired><Value i:nil="true"/></Attribute></Attributes><ChildElements/><ElementName>calibration</ElementName><required>false</required><FallingAttribute z:Ref="i323"/><RisingAttribute z:Ref="i322"/></URDFElement><URDFElement z:Id="i324" i:type="Dynamics"><Attributes><Attribute z:Id="i325"><AttributeType>damping</AttributeType><IsRequired>false</IsRequired><Value i:nil="true"/></Attribute><Attribute z:Id="i326"><AttributeType>friction</AttributeType><IsRequired>false</IsRequired><Value i:nil="true"/></Attribute></Attributes><ChildElements/><ElementName>dynamics</ElementName><required>false</required><DampingAttribute z:Ref="i325"/><FrictionAttribute z:Ref="i326"/></URDFElement><URDFElement z:Id="i327" i:type="SafetyController"><Attributes><Attribute z:Id="i328"><AttributeType>soft_upper_limit</AttributeType><IsRequired>false</IsRequired><Value i:nil="true"/></Attribute><Attribute z:Id="i329"><AttributeType>soft_lower_limit</AttributeType><IsRequired>false</IsRequired><Value i:nil="true"/></Attribute><Attribute z:Id="i330"><AttributeType>k_position</AttributeType><IsRequired>false</IsRequired><Value i:nil="true"/></Attribute><Attribute z:Id="i331"><AttributeType>k_velocity</AttributeType><IsRequired>true</IsRequired><Value i:nil="true"/></Attribute></Attributes><ChildElements/><ElementName>safety_controller</ElementName><required>false</required><KPositionAttribute z:Ref="i330"/><KVelocityAttribute z:Ref="i331"/><SoftLowerAttribute z:Ref="i329"/><SoftUpperAttribute z:Ref="i328"/></URDFElement><URDFElement z:Id="i332" i:type="Mimic"><Attributes><Attribute z:Id="i333"><AttributeType>joint</AttributeType><IsRequired>true</IsRequired><Value i:nil="true"/></Attribute><Attribute z:Id="i334"><AttributeType>multiplier</AttributeType><IsRequired>false</IsRequired><Value i:nil="true"/></Attribute><Attribute z:Id="i335"><AttributeType>offset</AttributeType><IsRequired>false</IsRequired><Value i:nil="true"/></Attribute></Attributes><ChildElements/><ElementName>mimic</ElementName><required>false</required><JointNameAttribute z:Ref="i333"/><MultiplierAttribute z:Ref="i334"/><OffsetAttribute z:Ref="i335"/></URDFElement></ChildElements><ElementName>joint</ElementName><required>false</required><Axis z:Ref="i314"/><AxisName>?????????1</AxisName><Calibration z:Ref="i321"/><Child z:Ref="i312"/><CoordinateSystemName>Automatically Generate</CoordinateSystemName><Dynamics z:Ref="i324"/><Limit z:Ref="i316"/><Mimic z:Ref="i332"/><NameAttribute z:Ref="i305"/><Origin z:Ref="i307"/><Parent z:Ref="i310"/><Safety z:Ref="i327"/><TypeAttribute z:Ref="i306"/></URDFElement></ChildElements><ElementName>link</ElementName><required>true</required><Children/><Collision z:Ref="i297"/><Inertial z:Ref="i271"/><Joint z:Ref="i304"/><NameAttribute z:Ref="i270"/><Parent z:Ref="i1"/><STLQualityFine>false</STLQualityFine><SWComponentPIDs xmlns:a="http://schemas.microsoft.com/2003/10/Serialization/Arrays"><a:base64Binary>OEoAAAUAAAD//v9YQwBvAHAAeQAgAG8AZgAgAMWITZFTTzcALQAyAEAA21a5ZWJfOYLFiE2R/lYvAFAANwA1AF8AWAAyAF8ANgAzAGEAOAA4AGYAZABiADUANgA2ADgANgBjAGEAMQA3AGYANQAxADcAZgA2ADkANABlADAAOQA3AGUAZgA0ADUANgBmAGUAXwBYADAAXwBfADEAMwAtADEAQABDAG8AcAB5ACAAbwBmACAAxYhNkVNPNwAEAAAAEAAAAAEAAAACAAAAIQAAAC8AAAA=</a:base64Binary><a:base64Binary>OEoAAAUAAAD//v9YQwBvAHAAeQAgAG8AZgAgAMWITZFTTzcALQAyAEAA21a5ZWJfOYLFiE2R/lYvAFAANwA1AF8AWAAyAF8ANgAzAGEAOAA4AGYAZABiADUANgA2ADgANgBjAGEAMQA3AGYANQAxADcAZgA2ADkANABlADAAOQA3AGUAZgA0ADUANgBmAGUAXwBYADAAXwBfADEANAAtADEAQABDAG8AcAB5ACAAbwBmACAAxYhNkVNPNwAEAAAAEAAAAAEAAAACAAAAIQAAACwAAAA=</a:base64Binary><a:base64Binary>OEoAAAUAAAD//v9YQwBvAHAAeQAgAG8AZgAgAMWITZFTTzcALQAyAEAA21a5ZWJfOYLFiE2R/lYvAFAANwA1AF8AWAAyAF8ANgAzAGEAOAA4AGYAZABiADUANgA2ADgANgBjAGEAMQA3AGYANQAxADcAZgA2ADkANABlADAAOQA3AGUAZgA0ADUANgBmAGUAXwBYADAAXwBfADEAMQAtADEAQABDAG8AcAB5ACAAbwBmACAAxYhNkVNPNwAEAAAAEAAAAAEAAAACAAAAIQAAAC0AAAA=</a:base64Binary><a:base64Binary>OEoAAAUAAAD//v9YQwBvAHAAeQAgAG8AZgAgAMWITZFTTzcALQAyAEAA21a5ZWJfOYLFiE2R/lYvAFAANwA1AF8AWAAyAF8ANgAzAGEAOAA4AGYAZABiADUANgA2ADgANgBjAGEAMQA3AGYANQAxADcAZgA2ADkANABlADAAOQA3AGUAZgA0ADUANgBmAGUAXwBYADAAXwBfADEAOAAtADEAQABDAG8AcAB5ACAAbwBmACAAxYhNkVNPNwAEAAAAEAAAAAEAAAACAAAAIQAAABkAAAA=</a:base64Binary><a:base64Binary>OEoAAAUAAAD//v9YQwBvAHAAeQAgAG8AZgAgAMWITZFTTzcALQAyAEAA21a5ZWJfOYLFiE2R/lYvAFAANwA1AF8AWAAyAF8ANgAzAGEAOAA4AGYAZABiADUANgA2ADgANgBjAGEAMQA3AGYANQAxADcAZgA2ADkANABlADAAOQA3AGUAZgA0ADUANgBmAGUAXwBYADAAXwBfADEAOQAtADEAQABDAG8AcAB5ACAAbwBmACAAxYhNkVNPNwAEAAAAEAAAAAEAAAACAAAAIQAAABsAAAA=</a:base64Binary><a:base64Binary>OEoAAAUAAAD//v9VQwBvAHAAeQAgAG8AZgAgAMWITZFTTzcALQAyAEAA21a5ZWJfOYLFiE2R/lYvAFAANwA1AF8AWAAyAF8ANgAzAGEAOAA4AGYAZABiADUANgA2ADgANgBjAGEAMQA3AGYANQAxADcAZgA2ADkANABlADAAOQA3AGUAZgA0ADUANgBmAGUAXwBYADAAXwAtADEAQABDAG8AcAB5ACAAbwBmACAAxYhNkVNPNwAEAAAAEAAAAAEAAAACAAAAIQAAAB0AAAA=</a:base64Binary><a:base64Binary>OEoAAAUAAAD//v9XQwBvAHAAeQAgAG8AZgAgAMWITZFTTzcALQAyAEAA21a5ZWJfOYLFiE2R/lYvAFAANwA1AF8AWAAyAF8ANgAzAGEAOAA4AGYAZABiADUANgA2ADgANgBjAGEAMQA3AGYANQAxADcAZgA2ADkANABlADAAOQA3AGUAZgA0ADUANgBmAGUAXwBYADAAXwBfADIALQAxAEAAQwBvAHAAeQAgAG8AZgAgAMWITZFTTzcABAAAABAAAAABAAAAAgAAACEAAAAuAAAA</a:base64Binary><a:base64Binary>OEoAAAUAAAD//v9XQwBvAHAAeQAgAG8AZgAgAMWITZFTTzcALQAyAEAA21a5ZWJfOYLFiE2R/lYvAFAANwA1AF8AWAAyAF8ANgAzAGEAOAA4AGYAZABiADUANgA2ADgANgBjAGEAMQA3AGYANQAxADcAZgA2ADkANABlADAAOQA3AGUAZgA0ADUANgBmAGUAXwBYADAAXwBfADUALQAxAEAAQwBvAHAAeQAgAG8AZgAgAMWITZFTTzcABAAAABAAAAABAAAAAgAAACEAAAAhAAAA</a:base64Binary><a:base64Binary>OEoAAAUAAAD//v9YQwBvAHAAeQAgAG8AZgAgAMWITZFTTzcALQAyAEAA21a5ZWJfOYLFiE2R/lYvAFAANwA1AF8AWAAyAF8ANgAzAGEAOAA4AGYAZABiADUANgA2ADgANgBjAGEAMQA3AGYANQAxADcAZgA2ADkANABlADAAOQA3AGUAZgA0ADUANgBmAGUAXwBYADAAXwBfADEANQAtADEAQABDAG8AcAB5ACAAbwBmACAAxYhNkVNPNwAEAAAAEAAAAAEAAAACAAAAIQAAACAAAAA=</a:base64Binary><a:base64Binary>OEoAAAUAAAD//v9XQwBvAHAAeQAgAG8AZgAgAMWITZFTTzcALQAyAEAA21a5ZWJfOYLFiE2R/lYvAFAANwA1AF8AWAAyAF8ANgAzAGEAOAA4AGYAZABiADUANgA2ADgANgBjAGEAMQA3AGYANQAxADcAZgA2ADkANABlADAAOQA3AGUAZgA0ADUANgBmAGUAXwBYADAAXwBfADYALQAxAEAAQwBvAHAAeQAgAG8AZgAgAMWITZFTTzcABAAAABAAAAABAAAAAgAAACEAAAAaAAAA</a:base64Binary><a:base64Binary>OEoAAAUAAAD//v9XQwBvAHAAeQAgAG8AZgAgAMWITZFTTzcALQAyAEAA21a5ZWJfOYLFiE2R/lYvAFAANwA1AF8AWAAyAF8ANgAzAGEAOAA4AGYAZABiADUANgA2ADgANgBjAGEAMQA3AGYANQAxADcAZgA2ADkANABlADAAOQA3AGUAZgA0ADUANgBmAGUAXwBYADAAXwBfADQALQAxAEAAQwBvAHAAeQAgAG8AZgAgAMWITZFTTzcABAAAABAAAAABAAAAAgAAACEAAAAcAAAA</a:base64Binary><a:base64Binary>OEoAAAUAAAD//v9YQwBvAHAAeQAgAG8AZgAgAMWITZFTTzcALQAyAEAA21a5ZWJfOYLFiE2R/lYvAFAANwA1AF8AWAAyAF8ANgAzAGEAOAA4AGYAZABiADUANgA2ADgANgBjAGEAMQA3AGYANQAxADcAZgA2ADkANABlADAAOQA3AGUAZgA0ADUANgBmAGUAXwBYADAAXwBfADEAMgAtADEAQABDAG8AcAB5ACAAbwBmACAAxYhNkVNPNwAEAAAAEAAAAAEAAAACAAAAIQAAAB4AAAA=</a:base64Binary></SWComponentPIDs><SWMainComponentPID i:nil="true"/><Visual z:Ref="i284"/><isFixedFrame>false</isFixedFrame><isIncomplete>false</isIncomplete></Link></Children><Collision z:Ref="i29"/><Inertial z:Ref="i3"/><Joint z:Ref="i36"/><NameAttribute z:Ref="i2"/><Parent i:nil="true"/><STLQualityFine>false</STLQualityFine><SWComponentPIDs xmlns:a="http://schemas.microsoft.com/2003/10/Serialization/Arrays"><a:base64Binary>OEoAAAUAAAD//v8RYwBoAHUAYQBuAHQAaQAtADEAQADbVrllYl85gsWITZH+VgQAAAAQAAAAAQAAAAEAAAAjAAAA</a:base64Binary></SWComponentPIDs><SWMainComponentPID i:nil="true"/><Visual z:Ref="i16"/><isFixedFrame>false</isFixedFrame><isIncomplete>false</isIncomplete></Link>
2026-09-18 11:42:17,863 INFO  AssemblyExportForm.cs: 309 - Saving URDF package to D:\Desktop\HU501urdf\hu501urdf
2026-09-18 11:42:17,864 INFO  ExportHelper.cs: 147 - Beginning the export process
2026-09-18 11:42:17,866 INFO  ExportHelper.cs: 153 - Creating package directories with name hu501urdf and save path D:\Desktop\HU501urdf
2026-09-18 11:42:24,508 INFO  ExportHelper.cs: 162 - Creating CMakeLists.txt at D:\Desktop\HU501urdf\hu501urdf\CMakeLists.txt
2026-09-18 11:42:24,508 INFO  ExportHelper.cs: 166 - Creating joint names config at D:\Desktop\HU501urdf\hu501urdf\config\joint_names_hu501urdf.yaml
2026-09-18 11:42:24,508 INFO  ExportHelper.cs: 170 - Creating package.xml at D:\Desktop\HU501urdf\hu501urdf\package.xml
2026-09-18 11:42:24,514 INFO  PackageXMLWriter.cs: 21 - Creating package.xml at D:\Desktop\HU501urdf\hu501urdf\package.xml
2026-09-18 11:42:24,514 INFO  ExportHelper.cs: 177 - Creating RVIZ launch file in D:\Desktop\HU501urdf\hu501urdf\launch\
2026-09-18 11:42:24,519 INFO  ExportHelper.cs: 182 - Creating Gazebo launch file in D:\Desktop\HU501urdf\hu501urdf\launch\
2026-09-18 11:42:24,519 INFO  ExportHelper.cs: 187 - Saving existing STL preferences
2026-09-18 11:42:24,521 INFO  ExportHelper.cs: 450 - Saving users preferences
2026-09-18 11:42:24,522 INFO  ExportHelper.cs: 190 - Modifying STL preferences
2026-09-18 11:42:24,522 INFO  ExportHelper.cs: 464 - Setting STL preferences
2026-09-18 11:42:24,523 INFO  ExportHelper.cs: 196 - Found 0 hidden components 
2026-09-18 11:42:24,523 INFO  ExportHelper.cs: 197 - Hiding all components
2026-09-18 11:42:24,740 INFO  ExportHelper.cs: 204 - Beginning individual files export
2026-09-18 11:42:24,742 INFO  ExportHelper.cs: 270 - Exporting link: base_link
2026-09-18 11:42:24,742 INFO  ExportHelper.cs: 272 - Link base_link has 4 children
2026-09-18 11:42:24,742 INFO  ExportHelper.cs: 270 - Exporting link: thruster1_Link
2026-09-18 11:42:24,742 INFO  ExportHelper.cs: 272 - Link thruster1_Link has 0 children
2026-09-18 11:42:24,742 INFO  ExportHelper.cs: 317 - thruster1_Link: Exporting STL with coordinate frame Origin_joint1_turuster1
2026-09-18 11:42:24,747 INFO  ExportHelper.cs: 322 - thruster1_Link: Reference geometry name 
2026-09-18 11:42:24,878 INFO  ExportHelper.cs: 330 - Saving STL to D:\Desktop\HU501urdf\hu501urdf\meshes\thruster1_Link.STL
2026-09-18 11:42:25,329 INFO  ExportHelper.cs: 405 - Removing SW header in STL file
2026-09-18 11:42:25,334 INFO  ExportHelper.cs: 270 - Exporting link: thruster2_Link
2026-09-18 11:42:25,334 INFO  ExportHelper.cs: 272 - Link thruster2_Link has 0 children
2026-09-18 11:42:25,334 INFO  ExportHelper.cs: 317 - thruster2_Link: Exporting STL with coordinate frame Origin_joint2_thruster2
2026-09-18 11:42:25,334 INFO  ExportHelper.cs: 322 - thruster2_Link: Reference geometry name 
2026-09-18 11:42:25,489 INFO  ExportHelper.cs: 330 - Saving STL to D:\Desktop\HU501urdf\hu501urdf\meshes\thruster2_Link.STL
2026-09-18 11:42:25,970 INFO  ExportHelper.cs: 405 - Removing SW header in STL file
2026-09-18 11:42:25,970 INFO  ExportHelper.cs: 270 - Exporting link: thruster3_Link
2026-09-18 11:42:25,978 INFO  ExportHelper.cs: 272 - Link thruster3_Link has 0 children
2026-09-18 11:42:25,978 INFO  ExportHelper.cs: 317 - thruster3_Link: Exporting STL with coordinate frame Origin_joint3_thruster3
2026-09-18 11:42:25,978 INFO  ExportHelper.cs: 322 - thruster3_Link: Reference geometry name 
2026-09-18 11:42:26,286 INFO  ExportHelper.cs: 330 - Saving STL to D:\Desktop\HU501urdf\hu501urdf\meshes\thruster3_Link.STL
2026-09-18 11:42:26,859 INFO  ExportHelper.cs: 405 - Removing SW header in STL file
2026-09-18 11:42:26,859 INFO  ExportHelper.cs: 270 - Exporting link: thruster4_Link
2026-09-18 11:42:26,859 INFO  ExportHelper.cs: 272 - Link thruster4_Link has 0 children
2026-09-18 11:42:26,859 INFO  ExportHelper.cs: 317 - thruster4_Link: Exporting STL with coordinate frame Origin_joint4_thruster4
2026-09-18 11:42:26,859 INFO  ExportHelper.cs: 322 - thruster4_Link: Reference geometry name 
2026-09-18 11:42:27,061 INFO  ExportHelper.cs: 330 - Saving STL to D:\Desktop\HU501urdf\hu501urdf\meshes\thruster4_Link.STL
2026-09-18 11:42:27,646 INFO  ExportHelper.cs: 405 - Removing SW header in STL file
2026-09-18 11:42:27,646 INFO  ExportHelper.cs: 317 - base_link: Exporting STL with coordinate frame Origin_global
2026-09-18 11:42:27,646 INFO  ExportHelper.cs: 322 - base_link: Reference geometry name 
2026-09-18 11:42:27,686 INFO  ExportHelper.cs: 330 - Saving STL to D:\Desktop\HU501urdf\hu501urdf\meshes\base_link.STL
2026-09-18 11:42:27,758 INFO  ExportHelper.cs: 405 - Removing SW header in STL file
2026-09-18 11:42:27,758 INFO  ExportHelper.cs: 145 - Showing all components except previously hidden components
2026-09-18 11:42:28,910 INFO  ExportHelper.cs: 145 - Resetting STL preferences
2026-09-18 11:42:28,910 INFO  ExportHelper.cs: 478 - Returning STL preferences to user preferences
2026-09-18 11:42:28,910 INFO  ExportHelper.cs: 228 - Writing URDF file to D:\Desktop\HU501urdf\hu501urdf\urdf\hu501urdf.urdf
2026-09-18 11:42:28,910 INFO  CSVImportExport.cs: 32 - Writing CSV file D:\Desktop\HU501urdf\hu501urdf\urdf\hu501urdf.csv
2026-09-18 11:42:28,930 ERROR CSVImportExport.cs: 130 - The following columns were not written to the CSV: Link.Joint.ChildLink.link,
2026-09-18 11:42:28,930 ERROR CSVImportExport.cs: 130 - The following columns were not written to the CSV: Link.Joint.ChildLink.link,
2026-09-18 11:42:28,930 ERROR CSVImportExport.cs: 130 - The following columns were not written to the CSV: Link.Joint.ChildLink.link,
2026-09-18 11:42:28,930 ERROR CSVImportExport.cs: 130 - The following columns were not written to the CSV: Link.Joint.ChildLink.link,
2026-09-18 11:42:28,930 ERROR CSVImportExport.cs: 130 - The following columns were not written to the CSV: Link.Joint.ChildLink.link,
2026-09-18 11:42:28,930 INFO  ExportHelper.cs: 234 - Copying log file
2026-09-18 11:42:28,939 INFO  ExportHelper.cs: 439 - Copying C:\Users\29529\sw2urdf_logs\sw2urdf.log to D:\Desktop\HU501urdf\hu501urdf\export.log
